"","logFC","AveExpr","t","P.Value","adj.P.Val","B","GeneSymbol"
"U46499_at",3.04084259345902,8.04274906850446,13.7248509988905,5.78448918317976e-22,4.12376233868885e-18,39.1446109954787,"MGST1"
"M84526_at",5.63928391013474,7.52942099509218,13.3794755760855,2.2186940365259e-21,7.90853489319657e-18,37.8631615642123,"CFD"
"M23197_at",1.8763793144041,8.2682846149432,12.7122038886575,3.10733060545343e-20,7.38405329542583e-17,35.3409986334223,"CD33"
"M27891_at",5.26205166192397,8.92884895780852,12.4512984774857,8.85172910796648e-20,1.57759942026733e-16,34.3385335335501,"CST3"
"M31523_at",-2.01156159201609,9.56671049819711,-11.4523226915534,5.24463696539592e-18,7.4778033852615e-15,30.4194753637562,"TCF3"
"D88422_at",3.08683275192393,8.4967624365477,10.5899060513369,1.93852774325991e-16,2.30329404694998e-13,26.9415559578459,"CSTA"
"HG1612-HT1612_at",-1.66444686273029,11.1767512070793,-10.338162728611,5.63444214902135e-16,5.73827686862474e-13,25.9117876978929,NA
"M63138_at",1.56106405497775,11.1458713427275,10.0258402332721,2.13255401498124e-15,1.90037219660016e-12,24.626187732977,"CTSD"
"X95735_at",3.37540333831036,9.21065785774844,9.75041028107861,6.93882226210156e-15,5.49631821183578e-12,23.4857877803392,"ZYX"
"M11722_at",-3.86781235227967,9.90519554031301,-9.53353916338505,1.76301430934377e-14,1.12099657581569e-11,22.5839626037418,"DNTT"
"J05243_at",-1.9355482521913,8.77230849662172,-9.52835753276254,1.8027959741654e-14,1.12099657581569e-11,22.5623773988505,"SPTAN1"
"L09209_s_at",2.43959231926661,9.52223943166294,9.51776606644905,1.88693490107845e-14,1.12099657581569e-11,22.5182510682212,"APLP2"
"M92287_at",-2.11252094323283,11.0788008639362,-9.4593706555522,2.42677155025745e-14,1.33080418321426e-11,22.2748378771826,"CCND3"
"M16038_at",1.88386597198936,9.01942479987921,8.94934145569135,2.20007444551864e-13,1.12030933729303e-10,20.1410652731039,"LYN"
"Z15115_at",-1.36291001215477,11.2814020893824,-8.83290024175758,3.64433548178843e-13,1.73203117664465e-10,19.6523514699551,"TOP2B"
"M19507_at",4.21743316844573,9.22026153968999,8.68237052088023,7.00147856656893e-13,3.11959629381687e-10,19.019966903386,"MPO"
"X59417_at",-1.95378470278897,11.131875838946,-8.64071574675549,8.38871861616838e-13,3.51783382439202e-10,18.8448760225377,"PSMA6"
"M31211_s_at",-1.40288267938828,8.42684963826049,-8.59632701083261,1.0171094449165e-12,4.02831846267206e-10,18.6582556772292,"MYL6B"
"U05259_rna1_at",-3.14198727860529,10.3827285146494,-8.57849463948661,1.09896766158024e-12,4.12344234705553e-10,18.5832745244137,"CD79A"
"X62320_at",1.80581219129704,10.0609020637151,8.26023877990635,4.37649473107554e-12,1.56000154689188e-09,17.2445414268142,"GRN"
"M83667_rna1_s_at",3.55100595291405,7.22084609601292,8.15057613745236,7.04541740830914e-12,2.39175146208742e-09,16.7832314400783,"CEBPD"
"M83652_s_at",3.02440693486064,7.7135230637905,8.11336545175083,8.2805406660643e-12,2.64655770902884e-09,16.6267255299349,"CFP"
"M31303_rna1_at",-1.07539681886415,11.2592008565675,-8.10629862195984,8.53848047519474e-12,2.64655770902884e-09,16.5970048801052,"STMN1"
"M96326_rna1_at",3.19760539315193,10.0341893884071,8.07142452718187,9.93385580550665e-12,2.95076908489404e-09,16.4503471968581,"AZU1"
"L47738_at",-1.87108124254484,9.03108457439903,-8.04730479255375,1.10300634902878e-11,3.14533290489048e-09,16.3489268692715,"CYFIP2"
"U22376_cds2_s_at",-1.92021136657583,10.8837007255902,-8.02866389797829,1.19593776573763e-11,3.27916935843983e-09,16.2705515319024,"MYB"
"M55150_at",1.07747761332222,9.77954331446647,8.00191990705674,1.34308929134326e-11,3.54625316962449e-09,16.15811879265,"FAH"
"X62654_rna1_at",1.69163661055403,9.71784104021022,7.99242497031166,1.39957288083138e-11,3.56341252408818e-09,16.1182053302627,"CD63"
"X07743_at",1.97735664417052,8.20070078404296,7.74913627161048,4.01824599111435e-11,9.8779571278118e-09,15.0963565960783,"PLEK"
"L09717_at",0.900031309875417,7.08577029396783,7.71910017036774,4.57640571390573e-11,1.08750654448113e-08,14.9703433863628,"LAMP2"
"D88270_at",-3.55492267355171,9.32873176357772,-7.66714993443092,5.7304259601515e-11,1.28289340653038e-08,14.7524836591994,"VPREB1"
"Y08612_at",-0.877331505115877,8.22455497842793,-7.66601924637373,5.75853401724956e-11,1.28289340653038e-08,14.7477433392183,"NUP88"
"M33195_at",2.6188830994495,8.30231620967304,7.58391761736957,8.21380833615406e-11,1.77443150389219e-08,14.4037059043562,"FCER1G"
"M63379_at",1.48338606341533,8.83818923550876,7.51599674263906,1.10160161655543e-10,2.30979938953637e-08,14.1193613221251,"CLU"
"M65214_s_at",-0.891101014892184,9.98985967377473,-7.50048409922866,1.17794365674291e-10,2.39930295112006e-08,14.0544562798703,"TCF3"
"X51521_at",-1.2145181068303,11.2211346855129,-7.49218640182722,1.22092103331466e-10,2.41776279069451e-08,14.0197445728883,"EZR"
"X16546_at",1.63769115672672,8.47507868856104,7.41926910770327,1.67252578147563e-10,3.22255035030804e-08,13.7148960455695,"RNASE2"
"U29175_at",-1.35190320387457,9.56093861660306,-7.40445680094783,1.78287595377122e-10,3.29457830859862e-08,13.6530121563796,"SMARCA4"
"M84371_rna1_s_at",-1.55865016704981,9.98997793553377,-7.40193972039349,1.8023362888953e-10,3.29457830859862e-08,13.6424976067018,"CD19"
"M13792_at",-1.56108267202677,11.5921683220072,-7.3846671129131,1.94170807770724e-10,3.46060922149373e-08,13.5703569015856,"ADA"
"D14664_at",1.2164755352267,7.25890502796648,7.37477865977328,2.02627839038276e-10,3.52325332805821e-08,13.5290662203781,"CD302"
"M22960_at",1.89824286610429,9.2373779543489,7.32307666263048,2.53196895048583e-10,4.29771586857464e-08,13.3132919976079,"CTSA"
"S50223_at",-1.49455727546384,7.47822150676927,-7.3040536307029,2.74813960521762e-10,4.5561598245573e-08,13.2339510535599,"ZNF22"
"X52056_at",3.50958050036123,7.24344601509825,7.26108832260561,3.30641610484545e-10,5.35714554805528e-08,13.0548558826753,"SPI1"
"M29696_at",-1.94916265596856,9.84701940722248,-7.21654456160747,4.00462198070912e-10,6.34421113343895e-08,12.8693392937433,"IL7R"
"X61587_at",2.67264862089875,8.70919432770176,7.16728669937792,4.94868354731564e-10,7.66938369756808e-08,12.6643863593469,"RHOG"
"X15414_at",-1.07929054490769,10.0014696065892,-7.15981906791473,5.10997204508609e-10,7.75084908711037e-08,12.6333336322609,"AKR1B1"
"D26156_s_at",-1.17268941904193,9.8081233495842,-7.10177578543586,6.55556978517795e-10,9.73638687469451e-08,12.392146437428,"SMARCA4"
"Y00787_s_at",3.46592338292388,9.32379241065769,7.06606600123332,7.64024736905958e-10,1.11157803049032e-07,12.2439207799548,"CXCL8"
"U77948_at",-1.05462700673013,9.62410333242185,-6.99953252912414,1.01592699572697e-09,1.42124415566484e-07,11.9680915485917,"GTF2I"
"M63838_s_at",-1.52077393912837,8.95243465506653,-6.99934542693992,1.01674080430505e-09,1.42124415566484e-07,11.9673165207155,"IFI16"
"M81695_s_at",1.18503886586795,9.17820391815678,6.99346355981301,1.0426574509489e-09,1.4294432630413e-07,11.9429541234393,"ITGAX"
"M33680_at",-1.63879024985057,11.9389373392619,-6.93309798761634,1.34971426628103e-09,1.8005460578004e-07,11.6931387954685,"CD81"
"U57721_at",1.05161778035635,7.65885190573394,6.9306580541875,1.36385870558594e-09,1.8005460578004e-07,11.6830498804622,"KYNU"
"D49950_at",0.795577590551176,7.3255289154408,6.8881684075703,1.63519163968402e-09,2.11950567260135e-07,11.5074673327251,"IL18"
"X82240_rna1_at",-4.39960626509403,8.83596280755357,-6.87402425478835,1.73692364907313e-09,2.21116583825757e-07,11.4490648995291,"TCL1A"
"M93056_at",2.09543144365602,9.11081898160124,6.81847682844908,2.20103503818958e-09,2.69767342319207e-07,11.2199358309149,"SERPINB1"
"M14636_at",1.17483021925569,7.14860280625081,6.81701884871058,2.21474808815996e-09,2.69767342319207e-07,11.213926832022,"PYGL"
"X05908_at",2.87624578361093,8.44358807903223,6.8151332034741,2.23260951000607e-09,2.69767342319207e-07,11.2061556189403,"ANXA1"
"M89957_at",-4.3628960627033,7.6147181621028,-6.79456614632945,2.43696864930361e-09,2.89552491681424e-07,11.1214224288233,"CD79B"
"HG3494-HT3688_at",2.07511701901383,8.38224873045244,6.78186483569497,2.57234455250722e-09,3.00626955980721e-07,11.0691215127185,NA
"X98411_at",0.980778875296947,9.26974650256247,6.77510599403519,2.64740187401067e-09,3.04408515481002e-07,11.0412986056926,"MYO1F"
"M32304_s_at",1.17289452739295,9.45475284941118,6.69610791130251,3.7036663240737e-09,4.13631963459565e-07,10.7165437227584,"TIMP2"
"M31166_at",1.10920065629629,7.04676587490315,6.69199446384754,3.76890301757171e-09,4.13631963459565e-07,10.6996565204288,"PTX3"
"X17042_at",2.29970143060362,10.9090166734127,6.69184046830757,3.771367320083e-09,4.13631963459565e-07,10.6990243574542,"SRGN"
"Z49194_at",-1.98620446074932,7.40162349605078,-6.68214596929037,3.9297664132757e-09,4.24474314549128e-07,10.6592342743459,"POU2AF1"
"M91432_at",-1.2902266398534,8.80832933619003,-6.66616627310332,4.20539979529607e-09,4.47467091651727e-07,10.5936755542218,"ACADM"
"U50136_rna1_at",1.05614126945651,10.097474521945,6.59318798591224,5.72891901347313e-09,6.0060975951544e-07,10.2947323473388,"LTC4S"
"X70297_at",1.31326317137306,8.01224968100848,6.57167019555664,6.27481118440332e-09,6.48306216429149e-07,10.2067362806472,"CHRNA7"
"L11672_r_at",-1.21513247193122,10.6190774622472,-6.55409554905338,6.75871517460678e-09,6.88326863996739e-07,10.1349169006075,"ZNF91"
"X97267_rna1_s_at",-2.49945911136328,10.1203875829276,-6.52597217949752,7.61119884051368e-09,7.64228683577775e-07,10.0200874834066,"PTPRCAP"
"M96803_at",-0.922443644938767,10.0537538000157,-6.50367626456002,8.3621275986274e-09,8.27966772925205e-07,9.9291387508708,"SPTBN1"
"U02020_at",1.77462478905757,8.38438816646361,6.48486300956642,9.05258792078953e-09,8.8057330773208e-07,9.85245709480224,"NAMPT"
"X74262_at",-1.52189422766334,9.34609170922953,-6.48257117316011,9.14047198375283e-09,8.8057330773208e-07,9.84311954929911,"RBBP4"
"M95678_at",1.10537684835741,10.5115122209545,6.46042838126452,1.00343612702222e-08,9.53799486605522e-07,9.75294733506533,"PLCB2"
"M28170_at",-1.3910842968162,7.17584449305795,-6.44722590105489,1.06080307762692e-08,9.9506120268452e-07,9.6992205228337,"CD19"
"X64072_s_at",2.54269423825125,9.5061156498568,6.42626146367253,1.15864705604724e-08,1.07272660552737e-06,9.61396548346062,"ITGB2"
"X90858_at",1.80032908235196,7.80911876502403,6.41545841343921,1.21250674382269e-08,1.10820007393743e-06,9.57006164814681,"UPP1"
"M54995_at",1.27348800447425,7.37747017006486,6.41183096918053,1.23114249768663e-08,1.11098922354532e-06,9.55532400028867,"PPBP"
"Y12670_at",1.07471938684313,8.91583993548614,6.39958479422109,1.29617816065992e-08,1.15505676341807e-06,9.50558632483906,"LEPROT"
"X66401_cds1_at",-1.33953016969779,9.78797831246592,-6.39604211803216,1.31561924833567e-08,1.15790736066481e-06,9.49120250711022,"PSMB9"
"D50918_at",-1.50897273242584,8.69880727158954,-6.37637414472384,1.42892428841414e-08,1.24229283562249e-06,9.4113862504983,"SEPTIN6"
"X76648_at",-1.35222293512657,9.02419223688586,-6.35900714473362,1.53698008152687e-08,1.32013626520543e-06,9.34096290626596,"GLRX"
"U72936_s_at",-1.13267080316947,8.22255137587031,-6.35033926898887,1.59390086862559e-08,1.34676749712328e-06,9.3058341340525,"ATRX"
"U82759_at",1.45087977155582,8.06231475644166,6.34612924692922,1.62229615466154e-08,1.34676749712328e-06,9.28877667508456,"HOXA9"
"X14008_rna1_f_at",1.94862303420152,10.860660422614,6.34578208366094,1.62465990675553e-08,1.34676749712328e-06,9.28737023570565,"LYZ"
"S46622_at",-0.834128628609614,7.74662789747636,-6.34289140879004,1.64447476762568e-08,1.34752420901189e-06,9.27566025724986,"PPP3CC"
"M57731_s_at",2.29141396012527,7.40037155793157,6.33250445417386,1.71767072989341e-08,1.39150848106934e-06,9.23359534170556,"CXCL2"
"Z23064_at",-0.621166413927318,9.93675140580527,-6.3108434130442,1.88085622066881e-08,1.50658696597168e-06,9.14593426827603,"RBMX"
"X56468_at",-0.879923925202961,10.87101599006,-6.29849695099584,1.98064506495095e-08,1.56267016878835e-06,9.09600632570275,"YWHAQ"
"M27783_s_at",3.03770531469999,8.6399579273993,6.29680630061424,1.99471153541506e-08,1.56267016878835e-06,9.08917163064209,"ELANE"
"L06797_s_at",-1.88339637273823,11.4590206269839,-6.27604262658027,2.17575144424386e-08,1.68597087456679e-06,9.00527383171975,"CXCR4"
"J04615_at",-2.35014373138426,9.60135522227773,-6.26874336225141,2.2431844595037e-08,1.71953354965611e-06,8.97579909873953,"SNRPN"
"M63959_at",0.9685062511229,9.74513124197876,6.25881560084573,2.33823267480598e-08,1.77332561049913e-06,8.93572613308274,"LRPAP1"
"X85116_rna1_s_at",1.67681554252658,9.05626194924294,6.24959413126172,2.43008584849116e-08,1.81090197193197e-06,8.89852043428736,"STOM"
"U49020_cds2_s_at",-1.30618413803408,8.03529544348906,-6.24875857188831,2.43858310149346e-08,1.81090197193197e-06,8.89514999922846,"MEF2A"
"S82470_at",0.931334493067084,10.2362836738627,6.24231305246744,2.50512726493675e-08,1.84113940945713e-06,8.86915478446953,"MBOAT7"
"S76617_at",-2.77416566562921,6.78067268906874,-6.20579633197582,2.91750341406294e-08,2.12233488151579e-06,8.72202814658629,"BLK"
"J03473_at",-1.2057057190878,9.8958158646904,-6.1993366485623,2.99714617679342e-08,2.15824798932932e-06,8.69602836484854,"PARP1"
"M98399_s_at",1.55208398392796,7.65455965678304,6.19351909019999,3.07071131133502e-08,2.18911009385074e-06,8.67261995871893,"CD36"
"D86967_at",-1.17686050898241,10.4176401165308,-6.1871710381105,3.1530244106735e-08,2.22207214526441e-06,8.64708443109618,"EDEM1"
"U62136_at",-0.824558172086886,8.19573796379722,-6.18518012992265,3.179286839907e-08,2.22207214526441e-06,8.63907745677905,"UBE2V2"
"M21119_s_at",2.62482807019413,8.79060544027654,6.17463354877382,3.32206122418748e-08,2.29931790944006e-06,8.59667438435628,"LYZ"
"HG2788-HT2896_at",1.31845742885597,10.5117378067464,6.1689998321812,3.40090859361325e-08,2.33125743883354e-06,8.57403262756882,NA
"K01396_at",1.85438415814552,8.75910627232416,6.15155985788843,3.65691801047883e-08,2.48287319016224e-06,8.50398135617556,"SERPINA1"
"M13452_s_at",1.3186754858773,9.17923621034896,6.13292946721531,3.95148141688425e-08,2.65755764348753e-06,8.42921509371289,"LMNA"
"L41559_at",1.0140545769362,6.97835466454167,6.12296303778142,4.11857323029242e-08,2.74404752885557e-06,8.38924696836305,"PCBD1"
"X78669_at",-0.739105356550413,7.69909383315742,-6.10989667650259,4.34826390345847e-08,2.87025679331069e-06,8.33687760779823,"RCN2"
"D23673_at",-0.645322262782003,10.9265217223871,-6.10733358409632,4.39478416377664e-08,2.874350119593e-06,8.32660891418052,"MPRIP"
"U16306_at",1.98323585448386,7.60763579259829,6.1019911131394,4.49333828203023e-08,2.8863571380139e-06,8.30520930343679,"VCAN"
"D10495_at",2.1302558335579,7.55967278027635,6.10194933198533,4.49411758057992e-08,2.8863571380139e-06,8.30504196927137,"PRKCD"
"M28130_rna1_s_at",3.0413232036001,8.38795539637836,6.09644523651519,4.59795676555367e-08,2.92668158764572e-06,8.28300110064171,"CXCL8"
"M19045_f_at",1.89339933310021,10.950473446778,6.09406118588152,4.64366689248814e-08,2.9296195819954e-06,8.27345621615695,"LYZ"
"U16954_at",-1.68904845255137,7.23097507025755,-6.08683218049838,4.78503569163255e-08,2.99232626716214e-06,8.24452100114977,"MLLT11"
"U05572_s_at",2.34296626059777,6.39831092152966,6.0347116278048,5.93823743544895e-08,3.6811908415057e-06,8.03622180756702,"MAN2B1"
"L33930_s_at",-2.78257703075549,8.76614015303879,-6.01573611637424,6.42302252628849e-08,3.94739030947506e-06,7.96052874511748,"CD24"
"J03801_f_at",1.8638845174137,10.9190075581346,5.99619687575212,6.9630745258654e-08,4.24271438417901e-06,7.88266779740517,"LYZ"
"X80230_at",-1.11183033843602,9.29566198257893,-5.99401006080979,7.0262406490574e-08,4.24492115145171e-06,7.87395881032271,"CDK9"
"X68560_at",-0.938111217034233,8.4143417242267,-5.99016614467923,7.13864733763366e-08,4.27658965294037e-06,7.85865294212479,"SP3"
"U70063_at",1.29735854422999,7.38632188948813,5.98243832704578,7.37003391393462e-08,4.37824270931e-06,7.82789174392088,"ASAH1"
"U41635_at",0.59876183801024,11.0464318001308,5.98043688102763,7.43115959919357e-08,4.37824270931e-06,7.81992695689192,"OS9"
"X63469_at",-0.907276008972763,7.83474300091365,-5.95731683703591,8.17462206824621e-08,4.77679350201043e-06,7.72798428155827,"GTF2E2"
"X67951_at",-1.68058608879791,11.1063361492578,-5.94696964467978,8.53071292927246e-08,4.94434572949458e-06,7.6868744334531,"PRDX1"
"U10868_at",0.844001413086136,9.39121303052526,5.94463480977299,8.61315927203355e-08,4.95187197180058e-06,7.67760133523349,"ALDH3B1"
"X75755_rna1_s_at",-0.752439155750432,8.77772816620805,-5.917962445754,9.61270405374691e-08,5.48231737593294e-06,7.57175554933047,"SRSF2"
"D42043_at",-0.890543985596089,10.4342798251533,-5.90398026696543,1.01815963527746e-07,5.76068257134368e-06,7.51633350580828,"RFTN1"
"L07633_at",-0.769874404232603,11.5646572791641,-5.87474088002441,1.14808675587387e-07,6.44465392332665e-06,7.40058057262498,"PSME1"
"X58529_at",-2.81981447141884,10.5664130378655,-5.86647963594722,1.18767336658874e-07,6.61478393000869e-06,7.36791184991406,"IGHM"
"M12959_s_at",-1.48599446662961,9.81849653165978,-5.86011181795812,1.21910371514655e-07,6.73720184905407e-06,7.34274148048737,"TRDV2"
"U18271_cds3_s_at",-0.797066921275551,8.31578606147536,-5.85785250528759,1.2304514172377e-07,6.7476062719135e-06,7.33381327493735,"TMPO"
"U79285_at",-1.38875345621887,7.67557016716751,-5.81789698713295,1.44925258787071e-07,7.88681045719871e-06,7.17611910092066,"NMT1"
"U60115_at",-1.55329047167466,9.17949068652349,-5.81227426066382,1.48297679060258e-07,8.00919813651954e-06,7.15395821341334,"FHL1"
"M27504_s_at",-1.16129056786389,7.38465925600892,-5.80817544305537,1.50804760563179e-07,8.08336194026243e-06,7.13780831389338,"TOP2B"
"U89922_s_at",-4.04863892044597,7.23150475513378,-5.78308637924286,1.67087758293954e-07,8.88931812595225e-06,7.03904268856622,"LTB"
"X13839_at",1.31348344051801,6.12792375393522,5.77733386372781,1.71058943619061e-07,9.0331793263725e-06,7.01641895815898,"ACTA2"
"U41767_s_at",0.510270517298286,9.92587953634338,5.75105481400653,1.90416881203753e-07,9.98148489780557e-06,6.91317128793324,"ADAM15"
"U09820_s_at",-0.718135729729649,8.63841600567465,-5.74298956954625,1.96780047510652e-07,1.02397442241127e-05,6.88151813216599,"ATRX"
"M62762_at",1.10367088437389,10.5917023384228,5.72490542080997,2.11819693343553e-07,1.09424825641028e-05,6.81060361642101,"ATP6V0C"
"D87076_at",-1.73849846815879,8.12753844740748,-5.68640078702406,2.47717954220679e-07,1.27049014074764e-05,6.6598888708207,"JADE2"
"U46751_at",1.14044040369603,10.9263710318043,5.6759754792669,2.58428234514607e-07,1.3159534884676e-05,6.61914751136587,"SQSTM1"
"M98045_at",-1.57260467248216,8.65211247833389,-5.66113953585963,2.7446051394043e-07,1.38768014459668e-05,6.56121825342619,"FPGS"
"U73737_at",-1.02186838006536,7.94367360581138,-5.64163198234977,2.97040360441684e-07,1.49126811942871e-05,6.48513543020776,"MSH6"
"M63835_at",1.46959002041396,5.86200245149608,5.6248553379767,3.17915652534179e-07,1.57539653222104e-05,6.41978379759329,"FCGR1A"
"D14658_at",-0.973368742782029,9.31387409676278,-5.62462096828247,3.18217282423663e-07,1.57539653222104e-05,6.41887136378678,"SPCS2"
"U60644_at",2.66254027290293,7.00596979772764,5.61652753483837,3.28808103445636e-07,1.61660204790616e-05,6.38737147325651,"PLD3"
"D29963_at",0.492339850612094,10.0158322110178,5.60974693989112,3.37947620158678e-07,1.65015656445974e-05,6.36099464893976,"CD151"
"D38073_at",-1.03534420131112,9.13318935932724,-5.5987402827041,3.53318783841175e-07,1.71347592517261e-05,6.31820449025524,"MCM3"
"U59878_at",0.990025966893041,8.42379789762548,5.58967880393315,3.66488423348258e-07,1.76533511489847e-05,6.28300101191876,"RAB32"
"X59350_at",-2.66454550638679,7.87673354922911,-5.58570016665267,3.72422425029541e-07,1.78187883760778e-05,6.26755118120893,"CD22"
"U50939_at",-0.878697103771907,8.49278784684274,-5.5827930931994,3.76817935684245e-07,1.79089004232865e-05,6.25626515700264,"NAE1"
"L05148_at",-0.93913334095414,9.42526633282831,-5.58083796785608,3.79802779599159e-07,1.79312186474331e-05,6.24867613645214,"ZAP70"
"J04029_s_at",-1.18652319110851,8.47052607291054,-5.57632229327139,3.86786004105081e-07,1.81407725214811e-05,6.23115205327693,"KRT10"
"D63874_at",-0.81471305649313,12.5188677627362,-5.55097717192976,4.28390713907943e-07,1.99607673166649e-05,6.132898113737,"HMGB1"
"U10485_at",-1.79589747667012,8.80371716539284,-5.54549570136786,4.37952035420577e-07,2.02737666267097e-05,6.1116716562653,"IRAG2"
"D26579_at",0.99502829252484,8.48780223581233,5.53296165051616,4.60611329583854e-07,2.118514947486e-05,6.06316605027133,"ADAM8"
"M83233_at",-1.35444073249162,6.87401453442981,-5.51678008515478,4.91577466397376e-07,2.24644599868391e-05,6.00060963278927,"TCF12"
"HG2855-HT2995_at",-1.14593038758512,10.2863342966425,-5.51392389755722,4.97252025037723e-07,2.25790425891333e-05,5.98957549315138,NA
"U40369_rna1_at",1.21637979659212,8.85905092236998,5.50851036515952,5.08184795864307e-07,2.29294266437763e-05,5.96866800988476,"SAT1"
"X66867_cds1_at",-1.02150217562883,8.17860661755409,-5.49429586859893,5.38029520935349e-07,2.40299330022043e-05,5.91380989152539,"MAX"
"Z69881_at",-1.83211450125149,9.92387093696204,-5.4924493139708,5.42030927386794e-07,2.40299330022043e-05,5.90668766884499,"ATP2A3"
"Z14982_rna1_at",-1.96729512335616,8.68955595396955,-5.49214760066434,5.4268750362672e-07,2.40299330022043e-05,5.90552404261607,"PSMB8"
"U59877_s_at",1.57439783042414,4.99433980445482,5.48814818337822,5.51465138546202e-07,2.42678702018264e-05,5.89010182219533,"RAB31"
"U02493_at",-0.647523760005532,12.1871024343647,-5.48154334783604,5.66267628840253e-07,2.44266040132013e-05,5.86464277798565,"NONO"
"M19508_xpt3_s_at",1.02396092326493,9.94704511353612,5.48126471120337,5.66900614501837e-07,2.44266040132013e-05,5.86356901692193,"MPO"
"U90549_at",-1.15020089997025,8.31884383037237,-5.4804459779843,5.68764579971545e-07,2.44266040132013e-05,5.86041405453576,"HMGN4"
"M21535_at",-0.768652684743631,7.34921612032154,-5.48044022182674,5.6877770601647e-07,2.44266040132013e-05,5.8603918740439,"ERG"
"Z35227_at",-1.06739222227885,9.12510080862351,-5.47858402533819,5.73026055882022e-07,2.44616931280415e-05,5.853239792571,"RHOH"
"Z29067_at",0.69043129840021,6.80032626770977,5.47540195744214,5.80381699822209e-07,2.46282210597174e-05,5.84098131003952,"NEK3"
"M59820_at",2.20584863059478,7.33963139483657,5.4677796433866,5.98381088724565e-07,2.52417679379729e-05,5.811629188958,"CSF3R"
"L38951_at",-1.36234674215302,8.99554866535143,-5.4502109116745,6.41984842338965e-07,2.69218231825558e-05,5.74403898327965,"KPNB1"
"M80647_at",2.07866436526724,5.9807724398715,5.4367412188476,6.77517002684796e-07,2.82457234628065e-05,5.69227912974778,"TBXAS1"
"M15395_at",1.98498944461408,9.5969086509148,5.42203110583975,7.18531278656614e-07,2.97688172624022e-05,5.63581323810933,"ITGB2"
"M60527_at",-0.85384758044066,7.85504720641718,-5.42031215128369,7.23480439941098e-07,2.97688172624022e-05,5.62921904226575,"DCK"
"U97105_at",-1.4638698750961,9.16150774907544,-5.41924218722563,7.26577949734604e-07,2.97688172624022e-05,5.62511492095283,"DPYSL2"
"X55668_at",2.94872228627064,7.15905025784856,5.41558336863383,7.37268919417896e-07,2.97812568340909e-05,5.61108313234475,"PRTN3"
"D86479_at",-0.899735518674161,9.82178496018713,-5.41533364416894,7.3800421771832e-07,2.97812568340909e-05,5.61012556789037,"AEBP1"
"U88964_at",-0.919940488533943,10.0735930536074,-5.41485552976992,7.39414007523368e-07,2.97812568340909e-05,5.6082922972152,"ISG20"
"U07139_at",-1.31118004783121,6.41322907940618,-5.41146393452935,7.49490881667649e-07,3.00175308730824e-05,5.59528958043464,"CACNB3"
"J04990_at",1.69591139291083,9.73090900987008,5.40985676879787,7.54312992835199e-07,3.00418845023583e-05,5.58912920603588,"CTSG"
"U88666_at",-0.491202665022544,7.55765563389603,-5.40350548929205,7.73669370738846e-07,3.06416052444291e-05,5.56479180332569,"SRPK2"
"L38608_at",0.613836394456476,7.09227774608223,5.3889477125309,8.19896490567019e-07,3.22930501726645e-05,5.5090532090004,"ALCAM"
"U14588_at",0.599577960749508,9.18176693363032,5.37041088218816,8.82702863884629e-07,3.4575762179305e-05,5.43817134735205,"PXN"
"M20203_s_at",3.55246794403725,6.97443212374749,5.36580764221291,8.99018030222954e-07,3.50224018440407e-05,5.42058531007693,"ELANE"
"U27460_at",-1.00170005460453,8.30931011641486,-5.35098964944041,9.53574493741973e-07,3.69458291624268e-05,5.36401875491465,"UGP2"
"M57710_at",2.53432437108348,8.38426740606871,5.34258334277873,9.85956681376633e-07,3.7882506618914e-05,5.33195797681062,"LGALS3"
"HG3254-HT3431_at",0.476024944795734,7.91689127051867,5.34196573440431,9.88377925532054e-07,3.7882506618914e-05,5.32960333253942,NA
"U33822_at",-1.92663587188578,6.12455030351877,-5.33425855862735,1.01908831109546e-06,3.88506982342221e-05,5.30022937904597,"MAD1L1"
"HG2981-HT3127_s_at",1.32024084277009,7.46746905507388,5.33097687574388,1.0324473195884e-06,3.90682555786058e-05,5.28772759655691,NA
"D86970_at",-1.36946905229349,9.11571563988604,-5.33017067457657,1.03575540810163e-06,3.90682555786058e-05,5.28465682689525,"MYO18A"
"AB002559_at",0.708353376331324,10.1485564371813,5.31660897624583,1.0929887591311e-06,4.08336817485509e-05,5.23303114789519,"STXBP2"
"U18062_at",-0.887345460694741,8.81075518594128,-5.31631660889603,1.09425619304304e-06,4.08336817485509e-05,5.2319188099123,"TAF7"
"D21852_at",-0.715911838289962,8.66173680783757,-5.31505478443865,1.09974286656218e-06,4.08336817485509e-05,5.22711838795293,"R3HDM1"
"X07438_s_at",0.73442800188728,7.80495336383265,5.30744507321164,1.13340862656816e-06,4.18656481803336e-05,5.19817883244409,"RBP1"
"K01911_at",-2.36226160856336,7.88886931908135,-5.30531528555896,1.14301075059632e-06,4.20026991804184e-05,5.19008251567528,"NPY"
"X13973_at",0.733786526003813,9.4315984785934,5.29874161724622,1.17315444000324e-06,4.28893230911953e-05,5.16510182851974,"RNH1"
"X70683_at",-1.57219483174972,10.8870430846679,-5.29027806216238,1.21311547893639e-06,4.4123980863967e-05,5.13295919320613,"SOX4"
"Z93784_at",-0.786693844238141,8.16796786087502,-5.26105498080769,1.36163411579954e-06,4.92745665560147e-05,5.02214948684207,"ATXN10"
"U05237_at",-0.924629128631272,9.06643765415125,-5.25238642729442,1.40902320671747e-06,5.07319517206508e-05,4.98933149964224,"BPTF"
"U94319_at",-1.02215913404958,8.84477817385549,-5.25073125327081,1.41825389655109e-06,5.08076986357423e-05,4.98306794882705,"PSIP1"
"U56833_at",-0.958884051031213,8.33181106681597,-5.24631385803846,1.44318054514974e-06,5.12830649046771e-05,4.96635580691186,"VBP1"
"L13278_at",-0.650669258980651,6.97787613746449,-5.24583461989066,1.44591051281247e-06,5.12830649046771e-05,4.96454310015955,"CRYZ"
"S72008_at",-0.891210907395495,9.8551811390015,-5.24285070359096,1.46302263513062e-06,5.16331107220107e-05,4.95325815921731,"SEPTIN7"
"L20010_at",-0.759824318504254,10.0913498256424,-5.24097554264239,1.47387776269256e-06,5.17599732523906e-05,4.94616790192482,"HCFC1"
"X62535_at",-1.70100290978426,8.86943839650296,-5.23758700752547,1.49369439566082e-06,5.21987615032646e-05,4.93335821083494,"DGKA"
"L42379_at",1.46132828972701,9.45410575918966,5.22438200199203,1.57344329990533e-06,5.4717450170854e-05,4.88347445323468,"QSOX1"
"U09578_at",1.79492386123727,7.21237142801759,5.22226580069831,1.58660605602423e-06,5.47939189975795e-05,4.87548542552005,"MAPKAPK3"
"U51990_at",-0.590396009686871,8.08515912262973,-5.22156091948901,1.59101434037017e-06,5.47939189975795e-05,4.87282469730312,"PRPF18"
"Z35102_at",-0.874122095358173,8.29225178278058,-5.21923958494863,1.60561690641019e-06,5.50309756047992e-05,4.86406344703204,"STK38"
"X62153_s_at",-0.932235217591629,9.38424833601015,-5.21520700001152,1.63129734356366e-06,5.56436304414609e-05,4.84884768644293,"MCM3"
"M29474_at",-1.50447050936936,6.88325911378164,-5.21254718125487,1.64845567822707e-06,5.5961145381337e-05,4.83881453252767,"RAG1"
"D84294_at",-1.04183871858979,9.0820109440072,-5.2085376574787,1.67465583586913e-06,5.65811443313318e-05,4.82369446593586,"TTC3"
"J03798_at",-0.524585077163755,7.6279612460251,-5.20436128011617,1.702380400981e-06,5.72465560311018e-05,4.80795074041108,"SNRPD1"
"U68063_at",-0.817922027121297,9.94397598925254,-5.18728243572852,1.82051563520123e-06,6.09317181377913e-05,4.74362765578068,"TRA2B"
"L28821_at",1.37146107740183,7.11824014171451,5.17752589330739,1.89157056722651e-06,6.26343842755857e-05,4.70692502607108,"MAN2A2"
"M93651_at",-0.707920716301834,10.617305438436,-5.17706977228594,1.89495808957223e-06,6.26343842755857e-05,4.70520993421187,"SET"
"Z32765_at",0.588736458503712,10.6994968307599,5.17669506628531,1.89774540658248e-06,6.26343842755857e-05,4.70380102782352,"CD36"
"U72621_at",0.652212126508571,7.01983885691327,5.17022527014663,1.94651068042318e-06,6.39478094043173e-05,4.67948169247516,"PLAGL1"
"L41870_at",-1.00354268019919,7.72091532208899,-5.16335168436505,1.99966495196112e-06,6.53927130391321e-05,4.65365970652266,"RB1"
"X63753_at",-0.942578096090041,8.60109743075692,-5.15655926668256,2.05358800518606e-06,6.68494469816048e-05,4.62815802936962,"SON"
"J03589_at",-1.19528481601363,7.28210907870487,-5.14966947987675,2.10973909947241e-06,6.83651365460857e-05,4.60230645809523,"UBL4A"
"M13690_s_at",1.00293883315781,8.15619559770082,5.14815311584203,2.12229783427522e-06,6.84609106812128e-05,4.59661894399757,"SERPING1"
"X06614_at",1.80570591734715,7.91095702738172,5.14280655464625,2.16716597927716e-06,6.95933615597607e-05,4.57657141479462,"RARA"
"L08895_at",-1.94477938133488,8.31384350169552,-5.11043807091679,2.45932575326595e-06,7.86212255382644e-05,4.45540718034046,"MEF2C"
"S74221_at",-0.661916917726005,8.67517025448359,-5.07266391191674,2.8492558906824e-06,9.06801126994413e-05,4.31445794765978,"IK"
"L49229_f_at",-0.84462816309864,7.15788741741686,-5.06383261701272,2.94880411585505e-06,9.34312201863585e-05,4.28157585670748,"RB1"
"M54992_at",-1.63383611413689,7.56412239695976,-5.0593288998984,3.00087366883287e-06,9.46603025889803e-05,4.26481729047351,"CD72"
"X16706_at",2.0893617272299,6.89393692693172,5.05784983681261,3.01816928194717e-06,9.47864705330457e-05,4.25931515441144,"FOSL2"
"D86983_at",-1.12323323757612,9.14584614419378,-5.05666532591379,3.0320908289646e-06,9.48060329810906e-05,4.25490930453958,"PXDN"
"L76703_at",-0.602105621346257,8.10154831367387,-5.05349351657775,3.06967926246104e-06,9.55621985243875e-05,4.24311399590306,"PPP2R5E"
"X59711_at",-0.539260349282705,7.03578821087067,-5.05061030982231,3.10424295827309e-06,9.62180349979517e-05,4.23239497798027,"NFYA"
"U30999_at",1.09555774088728,7.32481834104634,5.03828075863071,3.25639510589841e-06,0.000100368114228757,4.18658960664395,"ALCAM"
"D10040_at",1.22970841583178,7.63162607102656,5.037498339929,3.26629295848949e-06,0.000100368114228757,4.18368464558313,"ACSL1"
"X14850_at",-1.24418424697599,9.64442598058306,-5.02889482814942,3.37709038331992e-06,0.000103327370569475,4.15175572248764,"H2AX"
"M68864_at",-1.8144953754428,8.58442908935749,-5.02408556050859,3.44061839637426e-06,0.000104821233110052,4.13391914411471,"UBXN1"
"X99585_at",-0.682889237744979,9.53537354683053,-5.02086572601383,3.48380261971212e-06,0.000105223940414141,4.12198199818511,"SUMO2"
"M13485_at",0.739687555397589,8.28252203483679,5.02046433851964,3.48922303392315e-06,0.000105223940414141,4.12049415906894,"MT1B"
"L08177_at",0.764537907451393,6.2878632536587,5.01980707338216,3.49811668931849e-06,0.000105223940414141,4.11805797082461,"GPR183"
"D80006_at",-1.24769506820087,8.89162231661567,-5.01437938651107,3.57241300513746e-06,0.000106866869857208,4.09794579402529,"MOB1A"
"X53800_s_at",0.838007668281792,7.18377897541749,5.01276786132264,3.59476783480046e-06,0.000106866869857208,4.09197632806834,"CXCL3"
"Y07604_at",1.1345608132324,9.85177150913847,5.0125567556458,3.59770637757468e-06,0.000106866869857208,4.09119441140853,"NME4"
"X16665_at",0.998681431795561,8.0550757402994,5.00268149004235,3.73782492452218e-06,0.000110568273389704,4.05463496645127,"HOXB2"
"X14787_at",0.817856834630187,6.48447808857779,4.99767235029319,3.8109250144329e-06,0.000112264811685505,4.03610376480847,"THBS1"
"D50063_at",-0.477811536940578,9.81158999364767,-4.99256749879031,3.88685979631871e-06,0.000114030549333152,4.01722768012687,"PSMD7"
"U38846_at",-0.842685184931758,10.5937526383478,-4.98672631376807,3.97556347240028e-06,0.000116154885224351,3.99564029253565,"CCT4"
"X74801_at",-1.08524046449262,9.29266338764696,-4.9848205769374,4.00492976824289e-06,0.000116179116995419,3.98859986340682,"CCT3"
"U09087_s_at",-0.57003729687927,7.18846978573305,-4.98455840646234,4.00898622259407e-06,0.000116179116995419,3.98763141981553,"TMPO"
"L21954_at",1.53433941878805,10.021264006568,4.97607641157972,4.14241399789458e-06,0.000119559795105224,3.95631269444999,"TSPO"
"D50912_at",-0.621025040996172,8.29571412169117,-4.9665102056627,4.29810971530217e-06,0.000123553323227376,3.92102170826456,"RBM10"
"M11147_at",0.934112369547053,13.1571985616672,4.96286834166451,4.35887447193059e-06,0.000124796851848969,3.90759507392089,"FTL"
"U10323_at",-0.583541109270421,11.3132822688379,-4.95748328040059,4.45026621669227e-06,0.000126903791435197,3.88775050438372,"ILF2"
"X70394_at",-0.777970099951485,8.41710540341709,-4.95496939951646,4.49356884165346e-06,0.000127628096701783,3.87849016243486,"ZNF146"
"U41813_at",1.4013825760677,7.2743846310726,4.93867198562581,4.78445579987286e-06,0.000135350735703546,3.81851138441756,"HOXA9"
"U25435_at",-0.753748717964342,8.17144807392194,-4.93364760287112,4.87778844540266e-06,0.000137445667301484,3.80003987453856,"CTCF"
"U28488_s_at",0.786079326601588,6.27936915285613,4.93225062854327,4.90405309569906e-06,0.000137641710705664,3.79490571614905,"C3AR1"
"U57094_at",0.680044494438966,8.10990679632943,4.92731664583946,4.99792790887048e-06,0.000139188241546517,3.77677807436807,"RAB27A"
"L20298_at",-0.854597621349996,10.0181986146608,-4.92730231601727,4.99820309102375e-06,0.000139188241546517,3.77672543906028,"CBFB"
"D30655_at",-0.77611663705734,11.7000842072465,-4.91469522555408,5.24612706192769e-06,0.000145523890367636,3.73044721338773,"EIF4A2"
"X52192_at",0.771296225865498,9.71770530742459,4.91210803013984,5.29847115964905e-06,0.000146358491662278,3.72095735720198,"FES"
"U30521_at",-1.15077455964401,10.081434869413,-4.91118473842235,5.31727442004908e-06,0.000146358491662278,3.71757131352748,"NREP"
"U76638_at",-0.746030459807507,7.96220796469936,-4.90613228813473,5.42132986837656e-06,0.00014864869473714,3.69904773995482,"BARD1"
"U46006_s_at",-1.23062250007811,7.15491626792246,-4.90505220012328,5.44383100160993e-06,0.000148693759427116,3.69508908751425,"CSRP2"
"M73720_at",0.942065497418289,8.24346516008453,4.9039813317205,5.46623010619884e-06,0.000148735703920197,3.69116465287155,"CPA3"
"M80254_at",1.08317140347513,7.12265547752191,4.90154911152238,5.51743920914005e-06,0.00014955826662342,3.68225282263529,"PPIF"
"U90552_s_at",-0.848208977007992,9.40390385925375,-4.89878791953634,5.57614262765503e-06,0.000150576972699063,3.67213827728228,"BTN3A1"
"U61836_at",1.79128494088519,6.80434281289505,4.86794256202398,6.27482860597301e-06,0.000168804728799931,3.55934173021674,"SMOX"
"U19713_s_at",1.11815874294891,9.8322128057902,4.86667427905137,6.30531538794102e-06,0.000168987193235457,3.55471145505708,"AIF1"
"U29680_at",1.09415899253401,7.85895568462116,4.86025404132932,6.46187626818555e-06,0.000172344648680701,3.53128161133285,"BCL2A1"
"Z36531_at",0.788907170545982,7.57428049416733,4.85956347694071,6.47894036280375e-06,0.000172344648680701,3.52876241037798,"FGL2"
"U26312_s_at",-0.720937594743633,8.53388258257216,-4.85660467956295,6.55255259610818e-06,0.000173654823262659,3.51797066255778,"CBX3"
"S71043_rna1_s_at",1.8092881665457,10.0827524051801,4.85091766244612,6.69633986157855e-06,0.00017680817360442,3.49723746186431,"IGH"
"X66899_at",-1.20681846673427,9.14508364658977,-4.84679003345144,6.80262437688471e-06,0.000178796365391784,3.4821970093703,"EWSR1"
"M29064_at",-0.772300661314867,10.4295852114897,-4.84605204724329,6.82179988589779e-06,0.000178796365391784,3.47950858112321,"HNRNPA2B1"
"M29551_at",-1.00110086557734,7.09198137854858,-4.83099453657255,7.2247662382986e-06,0.000188664316896816,3.42470045220378,"PPP3CB"
"U67963_at",0.737441142883625,9.28531192276558,4.82943686083616,7.26775458542518e-06,0.000188923426901891,3.41903557331135,"MGLL"
"D87078_at",-1.62049739209243,8.05918521862733,-4.82871755089883,7.28769005442838e-06,0.000188923426901891,3.41641993521598,"PUM2"
"U94855_at",-0.765903500323571,11.4654872598297,-4.81768080733493,7.60034293977798e-06,0.000196314655136512,3.37631169721812,"EIF3F"
"AB000449_at",-0.768700061472944,7.72880238916263,-4.79404383210994,8.31459152144452e-06,0.00021398816951761,3.29057111259087,"VRK1"
"U73960_at",0.939272249085264,7.26988953541048,4.79075395957722,8.41905357252031e-06,0.000215897240714019,3.27865458788556,"ARL4A"
"U90904_at",-0.874460888003044,8.37723230121622,-4.7765309927086,8.88558630285594e-06,0.00022691121620628,3.22718482550292,"NIPA2"
"Z12173_at",0.484364417489187,6.48050068926291,4.77574146569997,8.91220936144739e-06,0.00022691121620628,3.22433001334408,"GNS"
"M92934_at",-1.69611352543133,8.0749650789486,-4.77195012872393,9.04114137661628e-06,0.000229374721971165,3.21062449786799,"CCN2"
"U17280_at",0.875331410750304,5.67212180826057,4.76827876500883,9.16772547016889e-06,0.000231761400272461,3.19735804178095,"STAR"
"M23254_at",0.686727177641153,9.60592912731939,4.75958792246256,9.47429921139994e-06,0.000238665297095654,3.16597479103677,"CAPN2"
"HG4321-HT4591_at",0.917514572794274,6.12319723150986,4.75694384144593,9.56953689076429e-06,0.000240215593289643,3.15643271558564,NA
"L07758_at",-0.674943997904709,8.54678537877813,-4.7532016804374,9.70592294491377e-06,0.000242784297102773,3.14293254644825,"PWP1"
"L09229_s_at",1.08140884333794,9.32520161938224,4.73858123305263,1.02571666252461e-05,0.000255676017032796,3.09024102865838,"ACSL1"
"Z24727_at",0.555752723719185,7.48603899008621,4.73615554556534,1.03515270350283e-05,0.000257129046107027,3.08150713319579,"TPM1"
"HG2846-HT2983_at",-0.72098423447658,8.15795955734103,-4.72873270088047,1.06455633472521e-05,0.000263514656606113,3.0547950670123,NA
"D13627_at",-1.08847102430059,9.50694935590484,-4.7253323246197,1.07829626271256e-05,0.000265384546802521,3.04256569696288,"CCT8"
"Y08614_at",-0.83788244150838,9.49965540166098,-4.72502277721851,1.07955559787812e-05,0.000265384546802521,3.0414526461653,"XPO1"
"X69111_at",-1.24451005274601,9.60623763136657,-4.71178752869797,1.13476169305181e-05,0.000277997117174103,2.99389798986794,"ID3"
"J04027_at",1.08762649706797,7.48748487938292,4.70988638346059,1.14291414572994e-05,0.000279035443318793,2.98707287575214,"ATP2B1"
"M92357_at",1.4028230367799,7.23354457109309,4.70523554170886,1.16309898521085e-05,0.000282994288927241,2.97038246195128,"TNFAIP2"
"M19722_at",0.95298283998236,10.0554591763486,4.70401710912762,1.16844415847597e-05,0.000283327836931129,2.96601132568044,"FGR"
"HG4582-HT4987_at",-1.07620803893747,7.72616821926595,-4.69724603519358,1.198587023106e-05,0.000289511573313798,2.94173093052507,NA
"HG2274-HT2370_at",-1.26839956247143,8.30454186256499,-4.69647480596248,1.20206797167743e-05,0.000289511573313798,2.93896655122935,NA
"U38545_at",0.559774552994999,7.51179521054022,4.68600660980805,1.25030100512872e-05,0.000300114338907832,2.90146830595025,"PLD1"
"D21262_at",-0.95499982957432,7.35197634491088,-4.68437608315455,1.2579814270778e-05,0.000300944617236163,2.89563156774018,"NOLC1"
"D87433_at",2.47245547875266,6.87426859007224,4.68324600824883,1.26333145176053e-05,0.000301213709685646,2.89158691090761,"STAB1"
"M98539_at",0.564123646391621,9.03827739208692,4.68162964344132,1.27102219592157e-05,0.000302037241157496,2.885802671362,"PTGDS"
"U20998_at",-0.951719734860127,9.93104565101904,-4.67546942570482,1.30075284884413e-05,0.000308075317588366,2.86376775753849,"SRP9"
"X79067_at",-1.81142590690809,8.0324459041493,-4.67076349526753,1.3239197751382e-05,0.000312523976058285,2.84694518113928,"ZFP36L1"
"L14848_s_at",-1.14241213952556,6.12802870097559,-4.66172685901515,1.36953768783046e-05,0.00032181242287612,2.81466667860797,"MICA"
"M21121_at",1.07189456963921,7.84144529234443,4.6611899019137,1.37229592585693e-05,0.00032181242287612,2.81274973908301,"CCL5"
"X17025_at",-1.7359525391055,7.12642500776986,-4.65867242918161,1.38529991587026e-05,0.000323796822958658,2.80376392157229,"IDI1"
"J02783_at",1.72552470867294,9.0614866645209,4.65457792292304,1.40670659310136e-05,0.000327725859549661,2.7891546138844,"P4HB"
"M33493_s_at",1.40770539146002,7.8609159984973,4.65296237498142,1.41524117430407e-05,0.000328640206241489,2.78339218616349,"TPSB2"
"U97502_rna1_at",-0.921300769172118,6.62616732267925,-4.65043759459876,1.42868001582084e-05,0.000330683760804766,2.77438880132476,"BTN3A2"
"X59892_at",0.420692626575594,10.8872219588858,4.64744010059326,1.4447962666756e-05,0.000333331798871533,2.76370311538119,"WARS1"
"M38690_at",-2.26933442117303,8.64014954672849,-4.64332971171314,1.46718394612964e-05,0.000337317461929589,2.74905610721118,"CD9"
"U26266_s_at",-1.29448232611484,7.9113600217267,-4.64253794162982,1.47153500715531e-05,0.000337317461929589,2.74623550319758,"DHPS"
"X62078_at",1.02990380075129,6.95963663866353,4.64038815842894,1.48341224790862e-05,0.000338950189594249,2.73857841203988,"GM2A"
"X94232_at",-0.772229893727738,9.1790698171159,-4.63882363918707,1.49211456881533e-05,0.000339359547657456,2.73300711002206,"MAPRE2"
"U50928_at",-0.89715079847798,7.71792444254485,-4.63835618021388,1.49472433671541e-05,0.000339359547657456,2.73134266987071,"PKD2"
"X06182_s_at",0.905616005052449,6.99953324011742,4.63648600326031,1.50520980204898e-05,0.000340655259644672,2.7246845969354,"KIT"
"L19872_at",0.963925282703709,7.18598507679527,4.63510474164687,1.51299998376975e-05,0.000341334711528307,2.71976805324885,"AHR"
"U72342_at",-1.21025776566692,8.19656474408011,-4.6329336398338,1.52532412048909e-05,0.000343029515929549,2.71204169923448,"PAFAH1B1"
"X05323_at",-0.724226306204256,7.85800996660214,-4.62587551967421,1.56606759166414e-05,0.000351084775502317,2.68693726675938,"CD200"
"U40572_at",-0.737396841101906,6.42939655488491,-4.61482399713921,1.63199794895914e-05,0.000364718287715665,2.64767054804651,"SNTB2"
"U37055_rna1_s_at",-1.3198313087408,5.91054171546715,-4.6117664964806,1.65070980305641e-05,0.000367726943111493,2.63681603741749,"MST1"
"U60319_at",0.446957666117942,6.25698615577415,4.61094430489573,1.65577708989745e-05,0.000367726943111493,2.6338978188957,"HFE"
"M94633_at",-1.03661776354387,7.32720366363685,-4.60360546552184,1.70168254747597e-05,0.000376748288228453,2.60786244989148,"RAG2"
"J03925_at",1.19961995183224,7.37549673481684,4.59941190613246,1.72846691423685e-05,0.000380010384962754,2.59299542786503,"ITGAM"
"X80907_at",0.515957148288386,9.46428589801814,4.59920648659798,1.72978941018997e-05,0.000380010384962754,2.59226736293082,"PIK3R2"
"U25128_at",0.65125229722706,7.21336214963502,4.59880017943183,1.73240812333981e-05,0.000380010384962754,2.59082734746587,"PTH2R"
"X92814_at",0.661584129990334,7.18011811172016,4.59591797309693,1.75109534761488e-05,0.00038293124948302,2.5806143483193,"PLAAT3"
"S54005_s_at",-0.758739526769304,12.500057902195,-4.58943896874285,1.7938211085348e-05,0.00039107494442644,2.55766894380357,"TMSB10"
"D32050_at",-0.766501763487668,9.58349025626964,-4.5864752986199,1.8137011686923e-05,0.000394203525353885,2.54717898182697,"AARS1"
"M80563_at",1.72701196508795,10.3464282613775,4.58334387523617,1.83493914628667e-05,0.000397607330512998,2.53609927140849,"S100A4"
"M62982_at",0.479742758754959,5.68867981601929,4.5777819459346,1.87325874563878e-05,0.000404680654474512,2.51643005284557,"ALOX12"
"U83843_at",-0.782071283268854,9.09912657485665,-4.57623063412708,1.88408467624216e-05,0.000405789717732035,2.51094631951496,"CCT7"
"L08246_at",1.25624753054509,10.4187842362516,4.56403857636823,1.97131050507258e-05,0.000423297367188628,2.46788405742413,"MCL1"
"M29971_at",-1.02600147984661,7.44531014379144,-4.55777586268085,2.01762872743087e-05,0.000431942198133773,2.44578871296118,"MGMT"
"U44772_at",0.655543973178133,8.51521797700914,4.55150997994712,2.06502776252945e-05,0.000440765955660853,2.42369889213482,"PPT1"
"U15555_at",1.24015588097877,6.64665514847845,4.54890061875035,2.0850840413646e-05,0.000443665104092655,2.41450475506534,"SPTLC2"
"U30255_at",1.19075082036627,8.98331898521105,4.54812819671398,2.09105730081543e-05,0.000443665104092655,2.41178366794161,"PGD"
"L23852_at",0.562029484387876,7.17160264230097,4.53504993139011,2.19475288113294e-05,0.000464284667347083,2.36575032195805,NA
"AF009426_at",-0.577189204025893,6.61270998754709,-4.53305761181821,2.21098175181642e-05,0.000466333991381636,2.35874411954826,"LDLRAD4"
"X16667_at",0.904449069653224,7.75286189522666,4.5289114467484,2.24512969004116e-05,0.000472139515053198,2.34416915983593,"HOXB3"
"M22898_at",-0.970109203898076,8.67114436848824,-4.5273092033131,2.25846253933727e-05,0.000473546454203983,2.33853879523677,"TP53"
"Y00451_s_at",0.71052577362742,7.93057907495324,4.52073618840599,2.31396811563476e-05,0.000483761838602938,2.31545246207223,"ALAS1"
"U06681_at",0.590593011715299,8.10507435334795,4.50739442955838,2.43073373033826e-05,0.000506687156829867,2.26864972210995,"SIRPA"
"U03911_at",-0.798941536157875,6.36924199073058,-4.50426878815052,2.45890493068637e-05,0.000511065109354611,2.25769615570404,"MSH2"
"L11669_at",1.40171246314249,9.47790496460897,4.5028206103285,2.47206444271128e-05,0.000512306610816533,2.25262256742575,"SLC75A1"
"L35249_s_at",0.795785101627397,8.40218698365074,4.50081496249793,2.49040259629551e-05,0.000514611017651904,2.24559742751702,"ATP6V1B2"
"U29656_at",0.596575351130225,8.92799408801356,4.49677478369064,2.52774469110319e-05,0.000520817685054181,2.23145129115687,"NME3"
"L25931_s_at",-0.785233794272376,9.14187765770711,-4.48203139036377,2.6686780386903e-05,0.000548271058726893,2.17988968511455,"LBR"
"U53468_at",-0.53637196306746,6.84065186031163,-4.47739715757274,2.71453093502605e-05,0.000555119623629638,2.16370216471463,"NDUFA5"
"D28473_s_at",-0.690208984036719,8.62462748715964,-4.47595197355802,2.72898583374595e-05,0.000555119623629638,2.1586560177964,"IARS1"
"X64364_at",1.17140741446067,10.2031912513283,4.47554600617893,2.73305978281486e-05,0.000555119623629638,2.15723866697744,"BSG"
"HG3921-HT4191_f_at",1.63116542774091,6.06589470286625,4.47553601092265,2.73316016122882e-05,0.000555119623629638,2.15720377152772,NA
"X17648_at",0.568611610891079,7.10955322794322,4.46757038860281,2.81430333633663e-05,0.000569976377407495,2.12940813903954,"CSF2RA"
"D26308_at",0.946209986042428,9.95427013425979,4.46448208687265,2.84638735912359e-05,0.000574841231818472,2.118639177729,"BLVRB"
"X99920_at",-1.58199248094061,6.73660524584464,-4.46147958583509,2.87791997362039e-05,0.000579567556269484,2.10817343498637,"S100A13"
"X91911_s_at",1.05581065259143,8.74524440009265,4.45365444410666,2.9617008966149e-05,0.000593910737555923,2.08091623799575,"GLIPR1"
"U51678_at",-0.708041063211976,9.34383249573323,-4.45327667867191,2.96580477724658e-05,0.000593910737555923,2.07960105841507,"C11orf58"
"U21556_at",0.851196444452587,6.03840988138036,4.45004522984299,3.00113590363721e-05,0.000599302460981223,2.06835344335125,"LOC646652"
"M30703_s_at",1.54202996505447,6.91137139030438,4.44580194123656,3.04815031847379e-05,0.000606990603921778,2.05359097344382,"AREG"
"L10838_at",-0.730270790542985,10.7966554674189,-4.44459927338594,3.06160490039328e-05,0.00060797162492768,2.04940832532504,"SRSF3"
"U32944_at",-1.28276854058823,9.70898032382049,-4.4366444509007,3.15205875702032e-05,0.000624195191077718,2.02175916378975,"DYNLL1"
"D63880_at",-0.903243133043116,8.51182707178839,-4.43434593294854,3.17867397155399e-05,0.000627722070448986,2.01377527963393,"NCAPD2"
"J04456_at",2.10322459885631,10.3810841539109,4.42058942740184,3.34257705203724e-05,0.000658266071932969,1.96604145127994,"LGALS1"
"M14745_at",-0.691323772579613,8.3043559208785,-4.41642305019534,3.3938134915664e-05,0.000665142117651932,1.9516012047829,"BCL2"
"X04085_rna1_at",1.28578306215602,10.5502980885582,4.41623428618223,3.39615276792402e-05,0.000665142117651932,1.95094715191852,"CAT"
"X53416_at",1.62903612437608,9.50577015753741,4.41254048402413,3.44224426607356e-05,0.000672322174598313,1.93815162859549,"FLNA"
"U36922_at",-1.41416942149957,7.68178647111597,-4.4056856156135,3.52939104481031e-05,0.000687459802143516,1.91442225625871,"FOXO1"
"L21936_at",-0.738692175869796,8.87479345663085,-4.40377351529133,3.5540786641814e-05,0.00069038220155175,1.90780694637609,"SDHA"
"M23178_s_at",1.56204465977938,8.1314737928814,4.39862926133181,3.62133086152332e-05,0.000701534448690211,1.8900175102943,"CCL3"
"X67698_at",0.942895066796151,10.0940508631505,4.39039786505326,3.73151412039332e-05,0.000720920438056476,1.86157723983648,"NPC2"
"M76378_at",0.827645393704296,8.96218095104271,4.38749605998699,3.7711256265196e-05,0.000726604178147519,1.85155853379637,"CSRP1"
"X52142_at",-0.893626121970145,7.03105942419058,-4.38670382767993,3.78201068690259e-05,0.000726737309620715,1.84882395384435,"CTPS1"
"U40462_at",-0.910338068378653,8.11383262596765,-4.38588051996981,3.79335495701349e-05,0.000726957728186805,1.84598241128991,"IKZF1"
"HG4018-HT4288_at",0.610355789852974,8.29447229398083,4.37828083276223,3.89963820182984e-05,0.000745322271872518,1.81976758251111,NA
"X63097_at",0.539954512549776,6.56245296588893,4.3760098498141,3.93195413100933e-05,0.00074948933154988,1.81193900949407,"RHD"
"U41654_at",-0.710050781714116,8.6639359692617,-4.37101012341938,4.00401637033228e-05,0.000761190205442635,1.79471214109832,"RRAGA"
"L28010_at",-0.687420819145052,9.55172861591025,-4.36472844739686,4.09636984300383e-05,0.000775509165845165,1.77308439922396,"HNRNPF"
"U00802_s_at",-1.62404561877136,5.28701623744579,-4.3643117645792,4.10256833136121e-05,0.000775509165845165,1.77165040235169,"DBN1"
"L19437_at",0.647264091735529,10.8230005757964,4.36331080061611,4.11749559514072e-05,0.000775509165845165,1.76820595023579,"TALDO1"
"J00148_cds2_f_at",-0.81025581802279,5.41867992699451,-4.36258293951619,4.12838311077539e-05,0.000775509165845165,1.7657015696977,"GH1"
"M31551_s_at",1.61041909714364,5.6367033554805,4.362226285394,4.13372819499457e-05,0.000775509165845165,1.7644745041975,"SERPINB2"
"AC000064_cds1_at",0.508068434759188,8.52720253245016,4.35417203308689,4.25623464647449e-05,0.000796396241331146,1.73677942967128,"GATAD1"
"Z47055_s_at",-0.616549311211438,9.1847506887164,-4.34945188091472,4.32965440211376e-05,0.000808013252164109,1.72056270629343,"FDPS"
"L09708_at",0.769073975439813,7.65063231177428,4.34274818583807,4.43603741514572e-05,0.00082570524105937,1.69754885743741,"C2"
"M24283_at",1.04379368713928,7.5458628494248,4.34064662928837,4.46990535231519e-05,0.000829842584808724,1.69033845478547,"ICAM1"
"U90546_at",-0.897728900885441,6.7826440658352,-4.33871146062547,4.50131302803539e-05,0.000833502872126345,1.68370072703843,"BTN3A2"
"X95073_at",-0.442528327826856,7.25779768640045,-4.33741310362016,4.52250487301495e-05,0.000835257441443616,1.67924826449685,"TSNAX"
"Y00433_at",0.86157230198093,13.0705487517778,4.33127714314294,4.62396941885695e-05,0.000851790128863856,1.65821671862238,"GPX1"
"U89505_at",-0.739452459768838,9.30351422095679,-4.31959892337959,4.82319951917556e-05,0.00088620075701553,1.61823674923736,"RBM4"
"M68891_at",0.89315955048798,8.70609410589346,4.31692047163886,4.87005097980858e-05,0.000892508828664662,1.60907608860407,"GATA2"
"U28833_at",-0.680242357941068,7.50951638590615,-4.31597441355943,4.8867043826773e-05,0.000893264501130936,1.60584124152085,"RCAN1"
"X81479_at",0.941526947596302,6.09684919366133,4.29394107367817,5.29050694518997e-05,0.000964604194686939,1.53062092710137,"ADGRE1"
"HG4020-HT4290_s_at",0.450604696580498,10.4577810916528,4.28143972814073,5.53376956871235e-05,0.00100638375651404,1.48804328901892,NA
"L15326_s_at",0.825867053143092,6.15905356815635,4.27555210101908,5.65204788675806e-05,0.00102527861029766,1.46801642171762,"PTGS2"
"D13628_at",0.772983736010078,7.69014802546582,4.27296196532361,5.70485235804315e-05,0.00102989015753926,1.45921120906555,"ANGPT1"
"J03909_at",1.83100117378315,9.27015211069414,4.27288821166541,5.70636291524768e-05,0.00102989015753926,1.45896052857428,"IFI30"
"M81750_at",1.21096460677965,7.14686532659059,4.26985157363051,5.76889332667236e-05,0.00103676031663339,1.44864156484398,"MNDA"
"X87212_at",1.49079558542451,7.13052657635108,4.26962842344089,5.77351445789668e-05,0.00103676031663339,1.44788343806839,"CTSC"
"X05855_s_at",-0.567823827849509,10.684040613634,-4.26483245618381,5.87370124442881e-05,0.00105210090883249,1.43159539302298,"H3-3A"
"U70867_at",0.717663232223437,8.66211965731566,4.26317160363019,5.90878611203608e-05,0.00105573273665928,1.42595735127094,"SLCO2A1"
"U72935_cds3_s_at",-0.470022782959434,7.57296687616637,-4.25863819424871,6.0055863654197e-05,0.00106860123627459,1.41057459243078,"ATRX"
"HG3088-HT3263_at",-0.645286919531429,7.42578964943569,-4.25839657870584,6.01078826968876e-05,0.00106860123627459,1.40975501661385,NA
"U88047_at",0.651570294464952,8.57500300246498,4.25256394323452,6.13769208174141e-05,0.00108844793161031,1.389978749635,"ARID3A"
"X16832_at",1.57275318237839,8.29889717989571,4.25008076024063,6.19250205421635e-05,0.00109544285718383,1.38156412301309,"CTSH"
"D80001_at",-0.834796736380187,7.18057960398142,-4.24681733338234,6.26525328505393e-05,0.00110556907596905,1.37050999211,"RRP1B"
"U37518_at",0.874941767455699,7.01441996119836,4.23611966581632,6.50956930520962e-05,0.00114584492782319,1.33430965917175,"TNFSF10"
"M63167_at",0.476187720750204,9.57399286209228,4.23341416090646,6.57280109706548e-05,0.00115412559164975,1.32516304373535,"AKT1"
"U47742_at",-0.614513437593931,9.4953985783396,-4.2265048383305,6.73698550210066e-05,0.00118004839421316,1.30182032042029,"KAT6A"
"X05130_s_at",0.820065309159068,10.1250372112126,4.22221856859555,6.84082161999292e-05,0.00119529944433651,1.28735093695075,"P4HB"
"M21551_rna1_at",0.827706666894837,7.92860473480595,4.21680076761686,6.97428161922801e-05,0.00121563945387473,1.26907442635293,"NMB"
"D21261_at",0.637723176874022,12.7983941516061,4.21521728713081,7.01376076921583e-05,0.00121953903716438,1.26373535306071,"TAGLN2"
"D38583_at",1.47330973250003,7.32080644867993,4.21297602329966,7.07000862122075e-05,0.00122632825938401,1.25618047613091,"S100A11"
"U41766_s_at",0.396580760143595,6.6622422752786,4.20162934228878,7.36151758628902e-05,0.00127379269108385,1.21797018417191,"ADAM9"
"D38548_at",-0.743331559117944,9.31196250003124,-4.1935752149337,7.57543974499614e-05,0.00130529295204273,1.1908854886387,"CUL7"
"M88108_at",-0.51600177365307,10.6083688218324,-4.19339911159307,7.58018350604141e-05,0.00130529295204273,1.19029363390504,"KHDRBS1"
"U65928_at",-0.626062239693887,8.11128759987212,-4.18865075792693,7.70917753015994e-05,0.00132430666536169,1.17434086942727,"COPS5"
"U78095_at",-1.10546722946849,9.91746189182543,-4.18724183908224,7.74785794765366e-05,0.00132775190646209,1.16960951692318,"SPINT2"
"M37435_at",0.762458954846409,8.2782949194462,4.18504409844808,7.80856870485821e-05,0.00133494691359554,1.16223111627601,"CSF1"
"U86782_at",-0.43337284488288,7.66258237794847,-4.18063308448501,7.93180705420791e-05,0.0013487767887393,1.14742926875858,"PSMD14"
"M15059_at",0.60216476590877,8.87065956385879,4.18060883780648,7.93248963353122e-05,0.0013487767887393,1.14734793145147,"FCER2"
"Z68747_at",-0.632855754639476,7.2740366159118,-4.1801214195484,7.94622319077716e-05,0.0013487767887393,1.14571291107123,"MRPS31"
"HG3546-HT3744_s_at",-0.788813146977996,7.60277809894942,-4.17889679772382,7.98082955515544e-05,0.00134931901498875,1.14160548938352,NA
"X74008_at",-0.683992644441744,9.90657347130612,-4.17850988819131,7.9917933465526e-05,0.00134931901498875,1.14030793430128,"PPP1CC"
"X03663_at",1.31997477450976,7.05783253308266,4.17800228547816,8.00619923327596e-05,0.00134931901498875,1.13860572863314,"CSF1R"
"Y09980_rna4_at",0.463024811823194,6.66274189206415,4.17468011205024,8.10110354098211e-05,0.001362093564709,1.12746818909761,"HOXD3"
"X12447_at",0.761364814395717,12.4675517052746,4.16966616618668,8.24639388802509e-05,0.0013832598124172,1.11066922368741,"ALDOA"
"M63488_at",-0.770018110269185,6.58774358627031,-4.16767190466965,8.30487781061374e-05,0.00138979985708604,1.10399097452761,"RPA1"
"U73167_cds5_at",-1.34057549419873,7.68117118139716,-4.16645886297823,8.34064700771621e-05,0.00139251692079646,1.09992977498833,"IFRD2"
"U43083_at",0.594851822943817,8.05474458778501,4.1644801134412,8.39931379416692e-05,0.0013990352345471,1.09330657410821,"GNAQ"
"U51127_at",0.486361605563147,10.3553671067961,4.15871582743597,8.57249229821712e-05,0.0014245523914683,1.07402351018672,"IRF5"
"X85372_at",-0.821745315502804,9.50339991799166,-4.15727118307576,8.61643079823175e-05,0.00142852407350219,1.06919335007453,"SNRPF"
"D30037_at",-0.46772849546714,7.06447426580507,-4.14578130037988,8.97370675695437e-05,0.00148216557281,1.03081357517448,"PITPNB"
"U79291_at",-0.705437674348736,7.62628241557229,-4.14553367612746,8.9815616138858e-05,0.00148216557281,1.02998714981009,"PTPN11"
"U48251_at",-0.992666677037802,8.93818013064853,-4.1444793692258,9.01507937976394e-05,0.00148426099072372,1.02646882701438,"ZMYND8"
"M87860_at",1.5587866361593,5.53667727264511,4.13934700828304,9.17997292374282e-05,0.00150792688878716,1.00934949317235,"LGALS2"
"D28423_at",-1.08411929232887,10.2667638344167,-4.13573123827076,9.29788217636653e-05,0.00152378395483487,0.997296673476929,"SRSF3"
"U90902_at",-0.63171753180807,6.37868918721245,-4.12488233950378,9.66048491326039e-05,0.00157835047303213,0.961171817884941,"TIAM1"
"D38551_at",-0.659424761639592,9.05804642696249,-4.12445280869994,9.67511792278074e-05,0.00157835047303213,0.959742761477443,"RAD21"
"M10901_at",-0.801449440490778,8.64975202233564,-4.12154015345083,9.77490939707543e-05,0.00158913812032866,0.950054728140593,"NR3C1"
"M69023_at",-0.610061643912188,8.28971724417072,-4.12122322556586,9.78582739268174e-05,0.00158913812032866,0.949000821684017,"TSPAN3"
"S76638_at",0.973387177114255,7.1631330157294,4.11905026109698,9.86100185523395e-05,0.00159770641422643,0.941776230530672,"NFKB2"
"D83032_at",-0.858330432354565,8.20111102242919,-4.11567884474648,9.97873934266019e-05,0.00161311638942913,0.930571727959021,"ZNF638"
"D00763_at",-0.721250156231308,10.3164115822635,-4.1138224996933,0.00010044143912623,0.00162001588129161,0.924404804852827,"PSMA4"
"U09564_at",-0.581826856480305,8.63453326126475,-4.11045958854904,0.000101636822316817,0.00163559572527446,0.913237332069718,"SRPK1"
"HG4312-HT4582_s_at",-0.565678330379956,11.2076111471825,-4.10645020423406,0.000103079910888007,0.00165508262324459,0.899930451602073,NA
"M26708_s_at",-0.353008049085584,13.6857748314056,-4.10041728359332,0.000105288569161623,0.00168674653832182,0.879922746983175,"PTMA"
"Y10659_at",0.52171235206212,6.65397926044209,4.09590182647961,0.000106971425151635,0.00170986387871302,0.864959527292569,"IL13RA1"
"X83490_s_at",0.443478947199735,6.78672635225159,4.09384155746604,0.0001077478376099,0.00171531595427247,0.858135654516372,"FAS"
"D83776_at",-0.680035916005749,8.13521709290761,-4.09372020916186,0.000107793736500781,0.00171531595427247,0.857733800003839,"TUT4"
"X17094_at",1.049862851552,7.47187990255019,4.09006676255742,0.000109184466980581,0.0017335769824155,0.845638588460804,"FURIN"
"L03532_at",-0.674128067826796,10.4609695355329,-4.08815036273499,0.000109920858647961,0.00174039097977358,0.839296781229109,"HNRNPM"
"X84194_at",-0.444881344925973,7.52178505126741,-4.08768115111953,0.000110101884118093,0.00174039097977358,0.837744333901327,"ACYP1"
"HG417-HT417_s_at",1.38878772697779,9.294398085417,4.08375395974517,0.00011162831835177,0.00176061566710125,0.824755061225428,NA
"HG1862-HT1897_at",-0.836366858004665,11.1427951029717,-4.07860194019395,0.000113661735072178,0.001788729601169,0.807726434518199,NA
"X15357_at",-0.712143018242276,8.06399243801764,-4.0749830589566,0.000115111311046349,0.00180755184239961,0.795773200926366,"NPR1"
"M13241_at",0.772671801841736,6.9995585121475,4.07209228631042,0.000116282001259023,0.00182192172961665,0.786229680812712,"MYCN"
"V00563_at",-1.36419022348211,10.5921350612786,-4.06691023745535,0.000118409335569064,0.00185118454664881,0.76913239107892,"IGHM"
"Z22551_at",-0.475679379226063,7.65932469687887,-4.06523895594096,0.000119103379827842,0.00185796060129691,0.763621184001661,"KTN1"
"D79988_at",-0.865417893160976,7.12263999820396,-4.06453661477556,0.000119396212220714,0.00185846200201194,0.761305571116115,"KNTC1"
"U37408_at",-1.1405060979736,8.9462356708749,-4.06340717282502,0.000119868572012782,0.0018617495640068,0.757582335439432,"CTBP1"
"D63391_at",-1.39987209105101,6.18584249650003,-4.06051663878268,0.000121085665230962,0.0018728475659885,0.74805656202016,"PAFAH1B3"
"Z11793_at",0.47335676024908,6.8507580738517,4.0604625982124,0.000121108532461874,0.0018728475659885,0.747878511385863,"SELENOP"
"HG491-HT491_at",0.694573398571071,5.91633539142068,4.05660393317424,0.000122752105968455,0.00189207958021514,0.73516897855201,NA
"U52427_rna1_at",-0.604020863963285,9.92834074911942,-4.05629878953508,0.000122882991392847,0.00189207958021514,0.734164230409074,"POLR2G"
"U65932_at",-1.22283302223138,8.83859491225858,-4.05397585270207,0.000123883779785608,0.00190337815968017,0.72651703685584,"ECM1"
"M74719_at",-1.43803099664868,9.52792973151943,-4.05267042628684,0.000124449631110267,0.00190796004340881,0.722220730777718,"TCF4"
"L00634_s_at",-0.661507971502027,7.56514569513591,-4.04982740100995,0.000125690586096416,0.00192285018944496,0.712867017272759,"FNTA"
"M14483_rna1_s_at",-0.628212199007203,13.6035182994545,-4.04596282561152,0.000127396535044897,0.00194477494290165,0.700158955511538,"PTMA"
"U25849_at",-1.14307353186198,8.52666858699069,-4.04488170217093,0.000127877749848536,0.00194794974074833,0.696605211833352,"ACP1"
"D43682_s_at",0.551841684060527,10.9054121442997,4.04224972501287,0.000129056577695505,0.00196171501575961,0.687956177530504,"ACADVL"
"U94836_at",-1.45081127121894,6.15189940631113,-4.04115177300319,0.000129551418422746,0.00196504694028884,0.684349204645872,"CHERP"
"D84276_at",-0.669437736055794,7.1375379465162,-4.03982642920608,0.000130151173814765,0.00196995269241074,0.679996029374405,"CD38"
"L29277_at",0.57516661048639,9.10778117215771,4.03188450716707,0.000133801433355878,0.00202091190337723,0.653929125213541,"STAT3"
"D00760_at",-0.665515129957008,9.0816092178081,-4.03054577450315,0.000134426355044906,0.00202605810806583,0.649538333069153,"PSMA2"
"AF015950_at",-1.1660547031356,5.05387582908634,-4.02918901589192,0.000135062553442746,0.00203135220146273,0.645089357518526,"TERT"
"D11327_s_at",0.993739233742438,7.93616676058675,4.02797912567809,0.000135632324155785,0.00203562702927704,0.641122778298403,"PTPN7"
"Z46973_at",-0.653231227143551,7.32002978011496,-4.02612178278982,0.000136511496401552,0.00204451776858543,0.635035013032597,"PIK3C3"
"M87789_s_at",2.45719252077597,9.76456178324819,4.02199948548869,0.000138482395972568,0.00206968763288981,0.621529799942135,"IGHG3"
"HG3945-HT4215_at",1.07153599254281,5.55127739111494,4.0195665037842,0.000139658425124523,0.00208289730693038,0.61356312000278,NA
"X69819_at",1.48087043838255,9.13725702927421,4.0174079168493,0.000140709850585225,0.00208834083265535,0.606497484478893,"ICAM3"
"M25897_at",0.903631352664389,6.80058141176881,4.01715345009622,0.000140834298791841,0.00208834083265535,0.605664704562778,"PF4"
"U36621_cds2_at",-0.580618391997928,5.36682964575561,-4.01696980944151,0.00014092417485168,0.00208834083265535,0.605063734215393,"RBMY2BP"
"X69838_at",-1.03535939570132,8.4541744388125,-4.01641679939232,0.000141195157994092,0.00208834083265535,0.603254094838057,"EHMT2"
"HG1112-HT1112_at",-0.596025301620037,10.6068794402308,-4.01259789632649,0.000143080192189808,0.002111839938139,0.590761633776266,NA
"AF015913_at",-0.710156037211354,9.03169319251861,-4.01005961103949,0.000144346458230771,0.0021261278940644,0.582462515648882,"PRMT5"
"U40343_at",-0.699442272768152,9.40530881564928,-4.00923588377885,0.00014475969745876,0.00212781831584226,0.579769991517489,"CDKN2D"
"M34458_rna1_s_at",-0.701065012686206,7.92239209637961,-4.00838483671333,0.00014518783594862,0.00212972033431628,0.576988535188256,"LMNB1"
"U31342_at",0.37696519818506,8.9732378590034,4.00329802556801,0.000147772350518795,0.00216203541905105,0.560371244768046,"NUCB1"
"HG2562-HT2658_s_at",-0.449450391750859,6.56924454152734,-4.00285918867269,0.000147997374736557,0.00216203541905105,0.558938306086117,NA
"S74728_at",-0.422808524136778,7.50116495771001,-4.00026037826837,0.000149336739549679,0.00217714031952896,0.550454427913744,"ALDH7A1"
"U51336_at",0.428501742328615,10.1210651758158,3.99540987938603,0.00015186778048901,0.00220952123899215,0.534629225239659,"ITPK1"
"X92106_at",-0.562274263391693,8.8584187050342,-3.99351378764591,0.000152868339680983,0.0022195486631074,0.528446369212342,"BLMH"
"L40410_at",-0.42660875236275,8.96885180923932,-3.99215334268047,0.000153590138254962,0.00222549612930818,0.524011323378928,"ZNHIT3"
"X02317_at",-0.829032628858656,10.8310847532109,-3.99072071020968,0.000154353774606769,0.00223202446079444,0.519341986247642,"SOD1"
"X93512_at",-0.93513986866397,7.15001098304115,-3.98984240164642,0.000154823741141698,0.00223428836153677,0.516479868426508,"TERF2"
"M32315_at",0.640065498452559,9.30569402602484,3.98690423386407,0.000156405908129386,0.00225109236409636,0.506908265514429,"TNFRSF1B"
"D00860_at",-0.548014808819393,8.16738844562452,-3.98650940934949,0.000156619695973039,0.00225109236409636,0.505622397017588,"PRPS1"
"Y09615_at",0.277837754646026,6.871784299228,3.9783954630356,0.000161075844931977,0.00230833733304186,0.479214801121568,"MTERF1"
"S76965_at",-0.538432413506151,7.36352631467505,-3.97808256165831,0.000161250104061558,0.00230833733304186,0.478197121994939,"PKIA"
"X13334_at",2.23181619815609,4.18446456415609,3.97402671197349,0.000163525305229002,0.00233621623442396,0.465010520560784,"CD14"
"D80003_at",-0.677027791551497,7.37882930943498,-3.96865592751043,0.000166585606382754,0.00237517757580531,0.447561965774135,"NCOA6"
"D21063_at",-1.27623662362589,9.20743795955383,-3.96773998498228,0.000167112972523561,0.002375582615767,0.44458776715098,"MCM2"
"M33336_at",-0.861583076913776,9.51083534382283,-3.9674496510958,0.000167280470348581,0.002375582615767,0.443645102509811,"PRKAR1A"
"U23852_s_at",-1.39977955289471,9.2574904099413,-3.96598841241167,0.000168125929427168,0.00238284244709002,0.43890138007214,"LCK"
"U91985_at",-0.992939800483195,6.78752943216354,-3.9650749775884,0.000168656515870887,0.00238561964611815,0.435936600433898,"DFFA"
"Z68204_at",-0.865927176477348,6.78687338412107,-3.96116213469636,0.000170947609388129,0.00241323862837222,0.423241448701863,"SUCLG1"
"U04636_rna1_at",0.87376259763881,6.6569183334569,3.95882397972397,0.000172330898572493,0.0024253240950862,0.415659180503317,"PTGS2"
"U65011_at",0.800334117522633,6.4236775236312,3.95856609467257,0.000172484123468748,0.0024253240950862,0.414823075723564,"PRAME"
"D50477_s_at",0.659967299727529,6.35210649057921,3.95674058085847,0.000173572514441998,0.00243582373121458,0.408905465825971,"MMP16"
"U02556_at",-0.699327379857945,8.40395399689909,-3.95481887690305,0.000174725374201035,0.00244571117950266,0.402677937473258,"DYNLT3"
"D50930_at",-0.769066862579464,9.0599498606037,-3.95442394753949,0.000174963206837755,0.00244571117950266,0.401398358764388,"FAM53B"
"X63468_at",-0.444771966530247,7.28594124649691,-3.9532718132492,0.000175658816378661,0.00245062955374457,0.397665890471273,"GTF2E1"
"X77533_at",-0.594348919402012,4.94372562538387,-3.94828440932074,0.000178700722222491,0.00248819814203934,0.381516696736003,"ACVR2B"
"X76061_at",-0.637786211749996,7.28097193229868,-3.94686266881696,0.000179577082516933,0.00249552635723824,0.376915507474568,"RBL2"
"D28235_s_at",0.711492299630143,6.65323423350691,3.94554570671511,0.000180392534733275,0.00250198128426755,0.372654364377656,"PTGS2"
"X04526_at",-0.510525264424302,10.9063004242001,-3.94051281996953,0.000183541706119648,0.00254071616102325,0.356378464390191,"GNB1"
"U61145_at",-0.721771232975533,7.77203373509544,-3.93903495273962,0.000184476406725797,0.00254870601462831,0.351601717045702,"EZH2"
"U61397_s_at",-0.629895891939585,8.80264427871484,-3.93793893119666,0.000185172549725563,0.00255337544873024,0.34805991315059,"SUMO1"
"M19989_cds2_at",-0.903636140962903,7.70920621279191,-3.93672044182623,0.000185949436293204,0.00255913809137887,0.344123099132452,"PDGFA"
"J00314_at",-1.29240163661863,8.52221366271635,-3.93570814432923,0.000186597235139328,0.00256310537438973,0.340853067286459,"TUBB"
"U49395_at",-0.694591961707774,9.75326885966084,-3.93512037359057,0.000186974359493125,0.00256334655543555,0.338954636139311,"P2RX5"
"S57212_s_at",-0.593909182066303,9.73600828094842,-3.93327126421062,0.000188165554648454,0.0025747259867348,0.332983420699525,"MEF2C"
"M80899_at",0.942912730545268,8.69087766312829,3.93174973649622,0.0001891511767886,0.00258325428989642,0.328071402852072,"AHNAK"
"L06132_at",-0.675093320516952,10.1102165489317,-3.93106406702952,0.000189596959413,0.00258439144102348,0.325858225581978,"VDAC1"
"D87434_at",0.654259494694903,8.1793940766289,3.93013672910033,0.000190201463854762,0.00258768365614619,0.322865396686602,"SUSD6"
"AF005043_at",-0.37798332619428,6.7369780461605,-3.92666700553833,0.000192479711483151,0.00261369116793026,0.311671486949813,"PARG"
"U90552_at",-1.00619033748753,5.5444923180928,-3.92564077840164,0.000193158539077905,0.00261792248115283,0.308361930457326,"BTN3A1"
"X87613_at",-0.531387213434857,6.84511162306582,-3.92500117352076,0.000193582784767044,0.00261869387590941,0.306299503804932,"BRD8"
"M38449_s_at",1.00031184168724,9.89850241370134,3.92422628044306,0.000194097963159344,0.00262069011242986,0.30380112705245,"TGFB1"
"X74301_s_at",-0.866304541675236,7.8140069100567,-3.91516812391237,0.000200218502586614,0.00269821872389409,0.274619889890153,"CIITA"
"V00599_s_at",-0.690421265700625,13.109101051891,-3.91378139378587,0.000201171685643945,0.00270594895652016,0.270156335024204,"TUBB"
"X91257_at",-0.404821441313038,10.2214565386395,-3.90862411567932,0.000204754904886622,0.00274895991890156,0.253565280015417,"SARS1"
"M74088_s_at",-0.460213924445188,6.46482364317099,-3.90590840466755,0.000206666256152164,0.00276826831405902,0.244834495701781,"APC"
"U83461_at",0.474175847384241,7.52004086673662,3.90547947315991,0.000206969702818552,0.00276826831405902,0.243455876990033,"SLC31A2"
"M24400_at",0.836221171829104,5.19844747791093,3.9033317422941,0.000208495543125657,0.00278345454483671,0.236554384572946,"CTRB1"
"U79277_at",-0.570719895083633,6.00197064399641,-3.9010160331713,0.00021015279822119,0.00280033513741843,0.229115876777681,"YWHAZ"
"U79274_at",-0.532438629033596,8.90368700672185,-3.90020658631579,0.000210735056735511,0.00280285488706616,0.226516452974124,"FAM216A"
"L42572_at",-0.576937676837619,8.33361205556323,-3.89815555485998,0.000212217351978567,0.00281731378446034,0.219931426875228,"IMMT"
"L41067_at",-0.799402141450726,8.28956386405102,-3.89661145010722,0.000213339873840914,0.00282695159965032,0.214975422613573,"NFATC3"
"L16991_at",-1.21562776440315,7.24693917665009,-3.89501281490917,0.000214508030721529,0.00283715723750238,0.209845742167078,"DTYMK"
"HG4074-HT4344_at",-0.690644375909562,8.53391998792402,-3.89191948191387,0.000216785819786752,0.00286197427640695,0.199923786248774,NA
"M21259_at",-0.636487189977593,10.7026440514081,-3.88105521567438,0.000224970777579119,0.00296454098588085,0.16511706499449,"SNRPE"
"D38496_s_at",-0.62483224468546,7.49350275736736,-3.8798602544335,0.000225888900119865,0.00297114754419652,0.161292548614332,"LZTR1"
"Z69030_s_at",-0.598569335403202,9.26574366053725,-3.87827451891423,0.000227112807493941,0.00297755963930755,0.156218533105775,"PPP2R5C"
"D49400_at",0.427882688486097,10.1561212842083,3.8781467055551,0.000227211732891473,0.00297755963930755,0.155809616637097,"ATP6V1F"
"U77604_at",0.426233656543547,10.1707624602604,3.87186718853707,0.000232123113908538,0.00302959940594966,0.135730253719391,"MGST2"
"L41887_rna1_at",-0.577954863819659,8.00321221399298,-3.87133877719439,0.000232541003992191,0.00302959940594966,0.134041578383878,"SRSF7"
"X75091_s_at",-0.650745808098458,9.32093393706755,-3.870836297089,0.000232939054680201,0.00302959940594966,0.132435912965721,"SET"
"U14193_at",-0.497216264790314,9.17249164094115,-3.87047981208562,0.000233221847646464,0.00302959940594966,0.131296854790505,"GTF2A2"
"HG1879-HT1919_at",0.444577883111993,8.51762703642641,3.87037176142276,0.000233307627137939,0.00302959940594966,0.130951619633553,NA
"X58399_at",-1.31966288031161,6.35471264798155,-3.86872632593346,0.000234617647555373,0.00304107128985865,0.125695030649225,"IGHV5-78"
"M62505_at",1.14801224113295,5.16249939738323,3.86721339865533,0.000235828383446482,0.00305121696114332,0.120863050762076,"C5AR1"
"M90696_at",0.644955700610215,7.53745780095084,3.86452012768713,0.000237998518969689,0.00306638248475375,0.112264359454924,"CTSS"
"X15183_at",-0.608638975608029,12.479783520018,-3.86443188596783,0.00023806994325337,0.00306638248475375,0.11198270031131,"HSP90AA1"
"HG1322-HT5143_s_at",-0.500304247011639,11.554624348499,-3.86395210657067,0.000238458643738473,0.00306638248475375,0.110451364062865,NA
"M91438_at",1.71157048630722,8.32172313665348,3.86362865227694,0.000238721037878851,0.00306638248475375,0.109419048926699,"SPINK2"
"AJ000480_at",0.547611775975234,9.59321334017411,3.85849144212303,0.000242925708848783,0.00311477945752334,0.0930310722330487,"TRIB1"
"U57592_at",0.751692752880046,8.11595305806655,3.85399381332219,0.000246665015527914,0.00315489666885577,0.0786951473552415,"JARID2"
"X17093_at",-1.23779914552245,11.1059714242548,-3.85366613189653,0.000246939590576731,0.00315489666885577,0.0776511115462704,"HLA-F"
"M28214_at",-0.415211447685409,4.6380872946223,-3.85161979060507,0.000248660915961883,0.00317120513397542,0.071132520913431,"RAB3B"
"L41607_at",0.329901818282936,6.84191990934828,3.85028448752665,0.000249790320558251,0.0031799199915353,0.0668801595724355,"GCNT2"
"D30742_at",-0.684785820134833,7.83021059928129,-3.8496012713197,0.000250370084293068,0.00318110793218488,0.0647047871832722,"CAMK4"
"J05032_at",-0.61259105567732,7.93808747972327,-3.84912373357699,0.000250776077695034,0.00318110793218488,0.0631844493978839,"DARS1"
"M72885_rna1_s_at",1.67110194920829,6.51397519003022,3.84784616399344,0.000251865342409005,0.00318925049029094,0.0591176588088489,"G0S2"
"X53296_s_at",0.726066628167828,8.42784239233331,3.84656231749794,0.000252964518890508,0.00319748945952204,0.0550317823454094,"IL1RN"
"D16626_at",0.72628378616545,5.89891936636337,3.84521911911318,0.00025411942270041,0.00320640241492252,0.0507579775778417,"HAL"
"X55989_rna1_at",0.825101748892434,7.23982041144888,3.84407434944809,0.000255107694899255,0.00321318508292719,0.0471163114341469,"RNASE2CP"
"D87468_at",0.993062061860241,6.88378112385612,3.84307637233408,0.000255972241413654,0.00321838819936145,0.0439421947647816,"ARC"
"X89398_cds2_at",-0.524666167603526,7.99540315484761,-3.84171433555216,0.00025715669723696,0.00322743549607212,0.0396110440549862,"UNG"
"U37352_at",-0.697967636339374,7.79879562705676,-3.84120926302043,0.000257597250282654,0.00322743549607212,0.038005217335833,"PPP2R5C"
"HG2379-HT3996_s_at",-0.489569758739511,4.65649127725686,-3.83842703840773,0.000260037038943082,0.00325228780811444,0.02916191213719,NA
"U45285_at",1.72189102166863,8.15800072922649,3.83374034230155,0.000264196958589654,0.0032985291029521,0.0142747978744833,"TCIRG1"
"D10925_at",1.12919160329718,4.89809672866171,3.82747791544421,0.000269854948761045,0.0033632795974082,-0.00559881950988927,"CCR1"
"U77396_at",1.24790881321044,7.84330515139116,3.82691891154396,0.000270365594601425,0.00336376321799923,-0.00737175726737416,"LITAF"
"M24900_at",0.523169607118636,8.24738768962935,3.82479747201871,0.000272311934742391,0.0033820762766176,-0.0140985606351478,"THRA"
"M68874_at",0.387316721679738,6.45053072760517,3.82286746658349,0.000274094275818022,0.0033982923344464,-0.0202162085036806,"PLA2G4A"
"D84557_at",-0.510269814317367,9.87267309120661,-3.82192749166598,0.000274966367847841,0.00340318617428343,-0.0231949605311597,"MCM6"
"S72869_at",0.326332444963247,6.87233520646608,3.81772722199158,0.000278895825421408,0.00344391425455297,-0.0364995621470188,"CCDC6"
"X78627_at",-0.519962564754888,8.3813233062605,-3.81737980648817,0.00027922323455346,0.00344391425455297,-0.0375995873429593,"TSN"
"Y07755_at",-1.06328657877418,6.67641942419489,-3.81431518965244,0.000282127333808179,0.00347372325167273,-0.0473002405758223,"S100A2"
"M85169_at",-0.933362674939106,8.25255260427077,-3.81242954736176,0.000283928536872775,0.0034898733437345,-0.0532664336199833,"CYTH1"
"U33429_at",1.81188715481433,5.59709595069146,3.81113052914259,0.000285175774736246,0.00349917056470688,-0.0573754032867244,"KCNAB2"
"U35451_at",-0.75517036509545,8.0387255693331,-3.80809149892653,0.000288114157821603,0.00352915091256049,-0.0669846354097707,"CBX1"
"U31814_at",-0.716939679144245,8.82736035245223,-3.80571347263188,0.000290433588744805,0.00354728444142697,-0.0745002631997966,"HDAC2"
"U76272_at",-0.755999209025057,7.28495666639236,-3.80555404984687,0.000290589719987845,0.00354728444142697,-0.0750039990526208,"FHIT"
"D63476_at",-0.497960949149768,9.68957015162338,-3.79999389397341,0.0002960855439925,0.00360497579187752,-0.0925639165168226,"ARHGEF7"
"L04282_at",-0.483296658542036,8.62995095612242,-3.79975179101068,0.000296327088517355,0.00360497579187752,-0.0933281309880591,"ZNF148"
"Z69915_at",-0.523650590587035,8.55261483959836,-3.79771709633314,0.000298364545028076,0.00362357894634608,-0.0997495030806359,"RBMX"
"HG2090-HT2152_s_at",0.556796529535959,7.73968325577834,3.79546367945671,0.000300636642460914,0.00363875169794297,-0.106858477779727,NA
"L10413_at",-0.662096024588894,9.86996485089072,-3.79533804678387,0.000300763801982867,0.00363875169794297,-0.107254735225442,"FNTA"
"U43885_at",-0.546884159818524,7.09014788826215,-3.79448605387125,0.00030162750645462,0.00363875169794297,-0.10994177177734,"GAB1"
"M29536_at",-0.478977317926999,9.60087654543575,-3.79445845212672,0.00030165552721059,0.00363875169794297,-0.110028816131716,"EIF2S2"
"X68505_s_at",-0.399745560721622,6.8214511617599,-3.79315062209262,0.00030298606563756,0.00364862780731447,-0.114152681533718,"MEF2A"
"U19878_at",0.461671428367785,6.71964532508503,3.78965517197756,0.000306569786471661,0.00368320275852836,-0.125169927921074,"TMEFF1"
"U71087_at",-0.425790354792839,7.08472385768464,-3.78934425504246,0.000306890508986652,0.00368320275852836,-0.126149573550659,"MAP2K5"
"J03077_s_at",1.44813735116313,11.2059826560839,3.78847223985545,0.000307791736671517,0.00368557315326269,-0.128896857066345,"PSAP"
"U44111_at",0.352767421434122,6.69059338280169,3.78815331113706,0.000308121980550506,0.00368557315326269,-0.129901536577576,"HNMT"
"X12451_at",0.969689264914605,7.99000194628054,3.78580618885747,0.00031056280928958,0.00370854651160037,-0.137293634177266,"CTSL"
"U03090_at",0.881411743861106,6.92527701452023,3.77870015666774,0.000318065661879748,0.00378580908129194,-0.159654938390291,"PLA2G5"
"D11086_at",-0.749632827337811,10.5291235577872,-3.77867263524314,0.000318095053961828,0.00378580908129194,-0.159741488419207,"IL2RG"
"D00596_at",-1.05712615493048,10.0825941397877,-3.77637765667155,0.000320555173008922,0.00380872971396767,-0.166957308958552,"TYMS"
"U47414_at",-0.614348816805493,8.01060396458419,-3.77429600963535,0.000322802316911608,0.0038290477824673,-0.173499842062033,"CCNG2"
"X98248_rna1_at",-0.516631234173918,8.84067269352831,-3.76074686024946,0.00033780046659905,0.00400029821658576,-0.216025233904846,"KLHDC3"
"J04794_at",-0.780284239458535,10.1245975822959,-3.75904199047917,0.000339734121793816,0.00401640721748147,-0.221368879273945,"AKR1A1"
"U51166_at",-0.569105872641466,7.39147311616406,-3.7585557455206,0.000340287552161426,0.00401640721748147,-0.222892639371389,"TDG"
"U13666_at",0.57142276751716,8.0376002604081,3.75566003930492,0.000343601228569956,0.00404881513797557,-0.231964258107108,"CMKLR2"
"L38820_at",0.781892515935357,6.66820697620973,3.75382396235221,0.000345718259391455,0.00406703873135592,-0.237713855676635,"CD1D"
"D87074_at",-0.83433897793607,7.04096844565417,-3.75137372884658,0.0003485628230568,0.00409087883994756,-0.245383715533555,"RIMS3"
"D80000_at",-0.699239133170835,8.08729629366187,-3.75064874581792,0.00034940875515461,0.00409087883994756,-0.247652453114226,"SMC1A"
"U31556_at",-0.784123200364149,7.63184977294619,-3.75059949415109,0.000349466294505269,0.00409087883994756,-0.247806568934255,"E2F5"
"M10321_s_at",0.690108897767346,5.66669870251913,3.74837946955814,0.00035206929818078,0.0041145934864439,-0.254751944035405,"VWF"
"X59543_at",-0.768072208698752,7.37045178568635,-3.74673429066464,0.000354010214196,0.00413050542881061,-0.259897122371563,"RRM1"
"U73936_at",0.359381494839836,6.55594188081591,3.74285270866498,0.000358630094015613,0.00417757179777337,-0.272030464494947,"JAG1"
"U09210_at",0.83016588600196,5.68943451054946,3.73384194974333,0.000369577534017962,0.00429807216968035,-0.30016429684951,"SLC18A3"
"L10373_at",-1.25502196485208,8.04068335432878,-3.73097973313322,0.000373121133057671,0.00433221589180478,-0.309091274898139,"TSPAN7"
"X55079_rna1_at",0.479356805390356,8.94853074152307,3.72915624785542,0.000375395594552216,0.00435153690010203,-0.314776139222404,"GAA"
"L20321_at",-0.337916255919704,6.64631809874945,-3.72795046189934,0.000376906846768925,0.00436196251723322,-0.318534244267417,"NEK4"
"J02621_s_at",-0.624494518758818,11.2225932356325,-3.72717418150242,0.000377882853605708,0.00436540563326134,-0.320953263412408,"HMGN1"
"M98833_at",-0.670992829225855,8.11422708089625,-3.72674059260093,0.000378429047742391,0.00436540563326134,-0.322304250531834,"FLI1"
"D13370_at",-0.48259551686148,10.7046478152657,-3.72166311256553,0.000384881465878508,0.00443266554159593,-0.338116879811749,"APEX1"
"U20816_s_at",0.721014947212952,4.6670625477611,3.71954486254582,0.000387604216498501,0.00445682332164163,-0.344709364401463,"NFKB2"
"X72790_at",-0.58023777948809,7.26478755120938,-3.71709690121123,0.000390773647180077,0.00448140860940889,-0.352324821783046,"ERVK-7"
"M97856_at",-0.600113158261587,9.50637804557845,-3.71692310581522,0.000390999600933136,0.00448140860940889,-0.35286535950222,"NASP"
"D86978_at",-0.521345096194732,8.5721103145635,-3.71058132673453,0.000399330362202165,0.00456954438545623,-0.372577817851433,"NUP205"
"X72964_at",-0.392423567342957,9.25675945066357,-3.69668450763104,0.000418181187887812,0.00477758603918623,-0.415694056973162,"CETN2"
"X83378_at",0.472145912221983,8.32458850786755,3.69399930500717,0.000421920073315002,0.00481073853734999,-0.424012479556032,"CLCN6"
"M69181_at",-0.733414705284505,8.42012357902411,-3.69332792843769,0.00042285986573026,0.00481073853734999,-0.426091677458147,"MYH10"
"U19247_rna1_s_at",0.696492504969473,8.10928706178646,3.69275655364514,0.000423661246391975,0.00481073853734999,-0.427860975439673,"IFNGR1"
"U53209_at",-0.508624311848799,10.3091661410154,-3.69267035491353,0.000423782269807237,0.00481073853734999,-0.428127879054058,"TRA2A"
"X84709_at",-0.797436746100817,6.34532402539234,-3.69188268392594,0.000424889690219192,0.00481564165591832,-0.430566607456683,"FADD"
"HG1400-HT1400_s_at",-0.69763386582284,8.16428351813494,-3.68473587175954,0.000435064480957306,0.00492313442022958,-0.452677834623504,NA
"M81601_at",-0.482853379747283,10.2426525214757,-3.68318498404135,0.000437302895298705,0.00493347314060082,-0.457472204406992,"TCEA1"
"X54637_at",0.440940196359641,9.23071780106793,3.68314400721252,0.000437362186121436,0.00493347314060082,-0.457598860328552,"TYK2"
"Z54367_s_at",0.788386652634831,8.72893439012363,3.68115136454234,0.00044025466854076,0.0049582551848769,-0.463756790417781,"PLEC"
"M16424_at",1.31497673215037,6.78087021563385,3.67933398127423,0.000442908626290534,0.00498027696660129,-0.469371127073805,"HEXA"
"U68566_at",-0.555100770810158,9.86508507632657,-3.67834252775493,0.000444362880292303,0.00498251330996053,-0.472433168792573,"HAX1"
"U26173_s_at",0.907816598872435,8.82756822108856,3.67824558044115,0.000444505325450259,0.00498251330996053,-0.472732554213307,"NFIL3"
"M23161_at",-0.382821394597842,8.04660009843685,-3.67658559956362,0.00044695110074816,0.00500206341794919,-0.477857946319697,"MCFD2"
"M23613_at",-0.513456056054347,13.0291621696813,-3.67600920150557,0.000447803345130362,0.00500374615585321,-0.479637275449122,"NPM1"
"L33881_at",-0.371591380866141,7.51799704158796,-3.67452403931948,0.000450006396587627,0.00502049389870609,-0.484221062545517,"PRKCI"
"X98833_rna1_at",-0.872852705690483,4.9377380540882,-3.67219569659045,0.000453480986198313,0.00504745118189629,-0.491404683396294,"SALL1"
"X53793_at",-0.598960021328056,8.21031837959033,-3.67195694494992,0.000453838716172748,0.00504745118189629,-0.492141126294539,"PAICS"
"X86691_at",-1.40378507256039,8.8301751094102,-3.66913932365446,0.000458080805302696,0.00508669479906996,-0.500829763751061,"CHD4"
"M34423_at",0.764619952588605,8.27163180850992,3.66451592412577,0.000465123502727601,0.00515686695325827,-0.515076948050017,"GLB1"
"Z37986_at",-0.318465004923381,10.3863414706184,-3.66285168162497,0.000467683735004121,0.00517569466247734,-0.520202364025175,"EBP"
"D28416_at",-0.396251410917959,10.5341308891988,-3.66205370116829,0.000468916082657648,0.00517569466247734,-0.522659361745761,"ESD"
"M63180_at",-0.498050386595445,8.69239980547035,-3.66199963880394,0.000468999684662696,0.00517569466247734,-0.522825807572612,"TARS1"
"U33286_at",-0.594608741246256,8.55217398049053,-3.66085786874679,0.00047076863467691,0.00518718639352657,-0.526340666661159,"CSE1L"
"D50405_at",-0.411125433710072,9.43804929004288,-3.65946888450406,0.000472929157711174,0.00520295056377,-0.530615544189325,"HDAC1"
"U07132_at",0.537217207834269,10.1191817553168,3.65472947124919,0.000480372432310431,0.00526953523814526,-0.545193661776404,"NR1H2"
"M81118_at",-0.530890819563169,7.06988931495708,-3.65424840286429,0.000481134154594184,0.00526953523814526,-0.54667267108453,"ADH5"
"M92439_at",-0.490441043104485,7.91186459080978,-3.65420750344798,0.000481198967601706,0.00526953523814526,-0.546798407162417,"LRPPRC"
"M18255_cds2_s_at",-0.66100947188924,8.5723899920032,-3.64933943825547,0.000488972987607687,0.00534645464517669,-0.561757277066769,"PRKCB"
"D38024_at",-1.0662126794688,7.72197227463842,-3.64795778534964,0.000491201088683451,0.00536259197737262,-0.56600040306007,"DBET"
"AF012024_s_at",-0.371804660790524,7.13783799926743,-3.64738954279661,0.000492120256878729,0.00536441179096095,-0.56774518416212,"ITGB1BP1"
"U21090_at",-1.38806342860248,6.90246140711834,-3.64169371633639,0.000501424478947513,0.00545748871819362,-0.585223813223895,"POLD2"
"D45248_at",-0.837551619706636,10.5028060605053,-3.63315331799801,0.000515689516364887,0.00560419293013,-0.611396252526067,"PSME2"
"Z50115_s_at",-0.711499272075006,8.75670666368786,-3.62878396543064,0.000523136078758261,0.00567646439188378,-0.624769947916183,"THOP1"
"S77356_at",0.809902357232811,10.5314234328104,3.62654999041922,0.000526982772741945,0.00570951396181964,-0.631603397682566,"ATP5PO"
"M29932_s_at",0.347844904144775,9.64657469851721,3.62461800275822,0.000530331146438813,0.00573707244759074,-0.637510762660583,"ADRB3"
"M14328_s_at",0.619292929704285,12.844535773239,3.62303276969506,0.000533093650059822,0.00575821913829769,-0.642356245099203,"ENO1"
"X02596_at",-0.783524238895058,9.33167238568325,-3.61673586091999,0.00054420264453861,0.00586932020108283,-0.661589138449474,"BCR"
"U52101_at",1.12821925553498,11.4873984005288,3.61156422114133,0.000553490674623725,0.00595795207026153,-0.677367762078275,"EMP3"
"X15949_at",-0.736137911865969,7.59694978281913,-3.61120388897322,0.000554143398200874,0.00595795207026153,-0.678466549418981,"IRF2"
"D13315_at",-0.828877092641749,9.00887520050915,-3.61077140652803,0.000554927784353157,0.00595795207026153,-0.679785249613904,"GLO1"
"U49844_at",-0.556607536226355,7.50361982153334,-3.6049244909725,0.000565636343548409,0.00606379171903249,-0.697602577480668,"ATR"
"X66171_at",1.08961288734311,4.48122362073221,3.60424467778145,0.000566894080057315,0.00606814999508798,-0.699672875348106,"CD300C"
"Z30426_at",-1.24371923146995,8.84877899062082,-3.60134977134502,0.000572279820041737,0.0061166159476425,-0.708485967634052,"CD69"
"U79270_at",-0.526327925144221,7.2123599252256,-3.59860612181251,0.000577429001702933,0.00616241220529972,-0.716834044099468,"COX11"
"M61199_at",0.59712606437505,7.62291663691265,3.59586750288321,0.000582612616917184,0.00620843848430883,-0.725162406542744,"ITPRID2"
"D83243_at",-0.367027406570468,8.32694128920607,-3.58881755515509,0.000596160776502996,0.00634332862043262,-0.746581586770263,"NPAT"
"M10612_at",0.741671116653362,8.06095516783869,3.5755147555286,0.000622544285692328,0.00660764494391984,-0.786918449811104,"APOC2"
"U37689_at",-0.518333781093578,9.18556464397614,-3.57536101839658,0.000622855576141694,0.00660764494391984,-0.787384002220936,"POLR2H"
"U16307_at",0.673947783483539,7.01291736678641,3.57338051607127,0.000626878978644581,0.00664044611999587,-0.793380182328715,"GLIPR1"
"D49372_s_at",0.360046293100597,7.29930492772219,3.56786246260505,0.000638219468841458,0.00675054390707827,-0.8100744315798,"CCL11"
"X70040_at",0.477859227926141,9.4987377827307,3.56723019336472,0.000639531247814758,0.00675439743062431,-0.811986139650303,"MST1R"
"D26600_at",-0.446692184263309,10.4960856193716,-3.56377641741082,0.000646742136250069,0.00681140767231217,-0.822424678727862,"PSMB4"
"U16282_at",0.474114098009878,8.72885418751543,3.56372975337315,0.000646840088954319,0.00681140767231217,-0.8225656656179,"ELL"
"U38964_s_at",-0.565780707350562,8.50871603301426,-3.56302048097361,0.000648330660377371,0.00681261995939369,-0.82470844396331,"PMS2P1"
"M94856_at",-0.679179814738939,9.43798442707472,-3.56276590725142,0.000648866454261231,0.00681261995939369,-0.825477462240625,"FABP5"
"X56687_s_at",-0.830835783907633,7.65201382553656,-3.56090407494824,0.000652797791502841,0.00684381684650552,-0.831100530640652,"UBTF"
"D87449_at",-0.665850564473722,7.56198128961132,-3.55959192266968,0.000655582022383366,0.00686236663308674,-0.835062230450506,"SLC35D1"
"X84373_at",-1.15114026875902,8.30466179558986,-3.5591640450524,0.00065649236130806,0.00686236663308674,-0.836353873699806,"NRIP1"
"D63479_s_at",-0.716487292171022,9.28047973544214,-3.55679286306624,0.000661558993376451,0.00690520360729241,-0.843509839823228,"DGKD"
"M31158_at",0.581055688360869,7.6820655027889,3.55550428458751,0.000664327904648535,0.00691982578210227,-0.847397226548356,"PRKAR2B"
"U66464_at",-0.798209378955244,8.81356752531264,-3.55484464065135,0.000665749606016665,0.00691982578210227,-0.849386859988288,"MAP4K1"
"X62573_at",0.423309704536443,9.15403396277338,3.55478797963497,0.000665871859520571,0.00691982578210227,-0.849557750201858,"FCGR2B"
"U46570_at",-0.262610158410293,10.9285356942326,-3.55408096470042,0.000667399128134485,0.00692560172412044,-0.851689954034502,"TTC1"
"HG1102-HT1102_at",0.601048626078077,8.51388199983381,3.55326243254922,0.000669171443075513,0.00693390002570542,-0.854158098264532,NA
"U10686_at",0.744002629868849,8.84795029567951,3.55019621294881,0.000675850300109653,0.00699294163930583,-0.863400216994756,"MAGEA11"
"U53476_at",0.895268577342467,7.03916629058373,3.54563242014556,0.000685908385334669,0.0070867259116679,-0.87714591268187,"WNT7A"
"L32961_at",0.460044650642129,7.38719545377927,3.54404417086708,0.00068944188699357,0.0071129250540914,-0.88192665141652,"ABAT"
"U53225_at",-0.926809280429881,5.58344971028329,-3.53916766742006,0.000700399208612027,0.00721552884132246,-0.896595853963163,"SNX1"
"HG4073-HT4343_at",-0.359744342021671,9.11002124138862,-3.53847214576454,0.000701975410524088,0.0072213314597781,-0.898686923064113,NA
"M75715_s_at",0.579617822326735,7.99308696293258,3.53771027540013,0.000703705832662474,0.00722870155771005,-0.900977136256007,"ETF1"
"J03779_at",-0.726584203089164,11.099799122938,-3.53574226972969,0.000708194464390749,0.00726434293041964,-0.9068914355778,"MME"
"D86956_at",-0.972143891674156,7.17750709783682,-3.53354049848851,0.000713248439254894,0.00730567259116112,-0.913505508074201,"HSPH1"
"U60269_cds3_at",0.473749506331965,8.5292382700666,3.53245559466984,0.000715751299014106,0.00731759802377181,-0.916763468722523,NA
"U50733_at",-0.529900992810656,9.20622355676208,-3.53214661976781,0.00071646562219003,0.00731759802377181,-0.917691189909462,"DCTN2"
"X55990_rna1_at",0.883675811092298,8.6764683846487,3.52950466494593,0.00072260124847589,0.0073697057230109,-0.925621531055574,"RNASE3"
"V00594_s_at",0.976906938222887,11.5035478769195,3.52482504211197,0.000733591544169066,0.00747110588340182,-0.93965806509295,"MT2A"
"U50327_s_at",0.778114980287956,8.67245577095972,3.52259795230338,0.00073887742559923,0.00751420423266321,-0.946333611376764,"PRKCSH"
"U12471_cds1_at",0.46541029942679,7.67961231866395,3.52004481547276,0.000744981568438511,0.00756548946068112,-0.953982798089362,NA
"X77588_s_at",-0.667538056870638,9.23166129774356,-3.51879703397604,0.000747982170247505,0.00758515631819981,-0.957719721786906,"NAA10"
"U85767_at",1.08605147058062,7.23315109750395,3.51712775894823,0.000752014270007312,0.00761521268591212,-0.962717494195776,"CCL23"
"U11863_at",-0.857038991666439,2.68637159739933,-3.51260376831786,0.000763045671710966,0.00771596112571273,-0.976253797884775,"AOC1"
"U43586_at",0.975756443819778,6.62964745473887,3.51198178654869,0.000764574260247162,0.00772046728229748,-0.97811387640003,"KSR1"
"X74570_at",0.940284917793679,7.89017682522863,3.51119026189378,0.000766523714213959,0.00772636646260581,-0.98048064757987,"ST3GAL4"
"D87127_at",-0.440705847242293,7.4405116188784,-3.5108650457559,0.000767326056322754,0.00772636646260581,-0.981452980694915,"SEC62"
"J05614_at",-1.17332996970512,10.7060483375687,-3.50973085853063,0.000770130444442027,0.00774366704996786,-0.984843481852836,"PCNA"
"J02683_s_at",-0.639235043509156,11.6930057209813,-3.5089108566441,0.000772164023129293,0.0077531793251954,-0.987294285261746,"SLC25A5"
"M60858_rna1_at",-0.39002811418556,12.2337869952311,-3.50236289573113,0.000788586211391965,0.00790693544446318,-1.00685014187334,"NCL"
"M62840_at",1.26496425868252,5.20511515758791,3.5010879191158,0.000791822071900584,0.00792822970586976,-1.01065492270586,"AOAH"
"M60784_s_at",-0.524784020785429,9.75641496957157,-3.50060253550833,0.000793057265598524,0.0079294603737053,-1.01210314481077,"SNRPA"
"U79262_at",-0.276955936484828,9.64566272973525,-3.49395860417546,0.00081014908396326,0.0080890095512242,-1.03191209745573,"DHPS"
"X05409_at",0.975701687224059,6.7617451199043,3.4900583591378,0.000820344497230361,0.00817935093811922,-1.04352827998028,"ALDH2"
"S80562_at",-0.573540169137286,6.58406011893581,-3.48882793744142,0.000823585996781575,0.00820020191488247,-1.0471909592855,"CNN3"
"L04947_at",-0.276045879055473,3.97198562096145,-3.48719115128625,0.00082791684397284,0.0082318259144803,-1.05206186900543,"KDR"
"U66838_at",1.06763576388057,8.87449357298729,3.48550899323407,0.000832390199080845,0.00826477678168154,-1.05706610838185,"CCNA1"
"M27281_at",0.561383053050317,6.51464978274367,3.48292016931119,0.00083931936845869,0.00832198578267315,-1.06476422745391,"VEGFA"
"Z83745_at",0.417523256651166,6.76587678908374,3.48117632027442,0.000844017636816603,0.00835694685120218,-1.06994743865159,NA
"M83221_at",0.637399828048846,9.73509044755871,3.47636826851581,0.00085710071127932,0.00847471701901564,-1.08422875561735,"RELB"
"X63417_at",0.799702355776118,7.53778449345987,3.47457882612429,0.000862018739411345,0.008511539602858,-1.0895403328136,"DENND4A"
"M13450_at",-0.40150895739454,10.4174924422173,-3.47269122552679,0.000867235472495361,0.00855120564788303,-1.09514115997874,"ESD"
"D87459_at",-0.47929185390027,7.05219391365527,-3.471026504796,0.000871861009420625,0.0085849407958006,-1.10007886516403,"WASF1"
"U90912_at",-0.361984081958045,7.36181982008891,-3.46672651098616,0.000883917069027036,0.00869164797943964,-1.11282520447186,"CCSER2"
"D85758_at",-0.55690318332679,10.017463998201,-3.46362908165069,0.00089269897595749,0.00876591046776989,-1.12199983318504,"ERH"
"M94362_at",-0.359537283176088,9.7861046567924,-3.46255505034879,0.000895763316821617,0.00878390190594402,-1.12517976177828,"LMNB2"
"X16983_at",-0.824681115442247,7.90161912063474,-3.46127977395021,0.000899414753400094,0.00880759310025998,-1.12895461037099,"ITGA4"
"M62994_at",-0.653270232967977,8.23232375772085,-3.45862986396833,0.00090704717365251,0.00887014993274176,-1.13679523036465,"FLNB"
"U04343_at",0.389930195704497,7.7240073679631,3.45731998012521,0.000910842556740546,0.00889506381781281,-1.14066936250001,"CD86"
"M16591_s_at",0.815892966462544,7.01036023349606,3.45491463402958,0.00091785117542916,0.00895124627856974,-1.14778071788607,"HCK"
"X15729_s_at",-0.552012801133824,11.2102199079815,-3.45364188247156,0.000921580275463474,0.00897533577019003,-1.15154214921854,"DDX5"
"L08069_at",-0.957302567007362,9.25162582159913,-3.4520714507087,0.000926201307145102,0.00900803426826389,-1.15618196439566,"DNAJA1"
"X65550_at",-0.806772974211595,6.71130661340232,-3.45131080359152,0.00092844739556971,0.0090114093918771,-1.15842874111908,"MKI67"
"U06155_at",-0.774545256223301,6.7747103242384,-3.45100361672934,0.000929355935891592,0.0090114093918771,-1.15933600004184,"CENPBD2P"
"X68090_s_at",0.54443496676546,6.18499725074652,3.45067105111691,0.000930340484278517,0.0090114093918771,-1.16031814849801,"FCGR2A"
"U24704_at",-0.858890791520214,8.29050249609175,-3.44897106960551,0.000935388639123171,0.00904801303705439,-1.16533755561559,"PSMD4"
"X13238_at",-0.56685195740725,10.7287371930227,-3.44680237989858,0.000941866232166543,0.00909832570340824,-1.17173831089197,"COX6C"
"X97748_s_at",1.18582215242014,7.00060333382754,3.44589253770778,0.00094459641839294,0.00909877151074039,-1.17442279581082,"PTX3"
"M94167_at",1.13231509946643,5.5665672960184,3.44563546343442,0.000945369181942623,0.00909877151074039,-1.17518120019069,"NRG1"
"L38810_at",-0.86027938322491,9.07991319803136,-3.4455117440175,0.000945741294635801,0.00909877151074039,-1.17554617499588,"PSMC5"
"U29171_at",0.668582415363558,9.94925831482633,3.44432560689946,0.000949315889632258,0.00910878110271094,-1.17904482708293,"CSNK1D"
"U31930_at",-0.518648041258141,10.7791013996174,-3.44431857333591,0.000949337124325182,0.00910878110271094,-1.17906557083788,"DUT"
"M22324_at",1.29558033197941,7.18834539502752,3.44129102506078,0.000958519253733252,0.00918452118261338,-1.18799175530538,"ANPEP"
"X82200_at",-0.801367349710285,9.86712257158759,-3.44085634809384,0.000959844438017897,0.00918487382366388,-1.1892728605148,"TRIM22"
"D26018_at",-0.631590755620171,6.50836627984702,-3.43480063134492,0.000978487305601926,0.00935071850085272,-1.20710854248525,"POLD3"
"L33075_at",-0.665560017048492,10.094782672887,-3.43059039377107,0.00099164981757165,0.00946381733529892,-1.21949550630703,"IQGAP1"
"HG987-HT987_at",1.2759230559753,9.59801560198177,3.42941385344292,0.000995357844836236,0.00948650544898065,-1.22295506063417,NA
"U84388_at",-0.605048078493874,7.42028707406462,-3.42808475873921,0.000999562422618176,0.00951385916000665,-1.22686216685247,"CRADD"
"J02888_at",0.265025814632439,9.00029619446153,3.4231884964525,0.00101519689325492,0.00964468196188647,-1.24124618715321,"NQO2"
"D38524_at",-0.553722707701203,7.97318197845984,-3.42293489849595,0.00101601292655025,0.00964468196188647,-1.2419907929479,"NT5C2"
"HG3395-HT3573_s_at",-0.756678386178342,7.81541747711885,-3.42165389216208,0.00102014445482448,0.00967102369473895,-1.245751433801,NA
"L00058_at",-1.03582625819795,7.95892723217777,-3.41973079700483,0.00102637666123782,0.00971718355639366,-1.25139514724297,"MYC"
"M86667_at",-0.561010852889687,11.1311016356826,-3.41869910458039,0.00102973488491841,0.00973604773817415,-1.25442191650115,"NAP1L1"
"Z56281_at",-0.7709646782566,9.06578362100538,-3.4168454055456,0.00103579487668913,0.00978037308068451,-1.25985862768835,"IRF3"
"M60483_rna1_s_at",-0.600411749234608,8.30843066276993,-3.41406780492629,0.00104493829313111,0.00985365752874564,-1.268001070525,"PPP2CA"
"M55593_at",0.414161837862336,9.22712136709075,3.41180191386739,0.0010524536286619,0.00991141600889123,-1.2746399178009,"MMP2"
"U25029_at",-0.665411460284647,7.46576982830852,-3.41046046567415,0.00105692685914091,0.00993156845862417,-1.27856873635105,"NR3C1"
"M93650_at",0.381435869232762,8.9400939478194,3.41020362742019,0.00105778536378737,0.00993156845862417,-1.27932083423027,"PAX6"
"D83920_at",1.80010879131209,7.49387689332412,3.40990842911012,0.00105877290343027,0.00993156845862417,-1.28018521114399,"FCN1"
"U47077_at",-0.447515050186325,7.71032049891401,-3.40701320735896,0.00106850464950511,0.0100096841607384,-1.28865991373584,"PRKDC"
"X58072_at",-0.848027880838282,6.51914305862176,-3.40608072176647,0.0010716569595602,0.0100260399799273,-1.29138831773423,"GATA3"
"U05340_at",-0.943167399104308,9.16623561392191,-3.40525183956811,0.0010744664009606,0.0100391493741129,-1.29381313084838,"CDC20"
"J05096_rna1_at",0.228144918708129,6.72458214540201,3.40414418531759,0.00107823157473902,0.010057030510144,-1.29705279869426,"ATP1A2"
"X77748_at",0.4655575890039,6.43681399924798,3.40385940522782,0.00107920161877685,0.010057030510144,-1.29788560064304,"GRM3"
"U21689_at",-0.473564787750142,2.37392080116817,-3.40066717472527,0.00109013179931088,0.0101456261061192,-1.30721741390233,"GSTP1"
"U90651_at",-0.445405494996348,7.808467422023,-3.40023361077818,0.00109162435277698,0.0101462712007133,-1.30848435860672,"EED"
"X66945_at",-1.37529035593105,6.5318924343931,-3.39841509403878,0.00109790566921915,0.0101913665571137,-1.31379708933654,"FGFR1"
"X83441_at",-0.486512597328954,7.0892174532928,-3.39422530301433,0.00111250762515791,0.0103134809619646,-1.32602958646495,"LIG4"
"X59871_at",-1.30257679194329,7.77242027379575,-3.39197274320654,0.00112043362527225,0.0103734692396959,-1.332601636502,"TCF7"
"U16799_s_at",0.843548807050678,6.23711070076284,3.39095690293446,0.00112402542765433,0.0103932260359893,-1.33556441014979,"ATP1B1"
"D29643_at",0.668871730080369,10.0043275372596,3.38864848622474,0.00113222794232443,0.0104555090684338,-1.3422946888835,"DDOST"
"D16469_at",0.834181036712693,9.45477075538133,3.38594421611167,0.00114190885788293,0.010531265521148,-1.35017486908395,"ATP6AP1"
"AFFX-HUMTFRR/M11507_5_at",0.498642511913642,8.15552966503892,3.38420712347102,0.00114816853598116,0.0105753145904518,-1.35523431078934,"TFRC"
"D50525_at",-0.513148016723219,8.48265292596583,-3.38287764217754,0.00115298121889366,0.0106059394961198,-1.3591052750268,"TUG1"
"AFFX-HUMTFRR/M11507_M_at",0.774880469588893,6.77503182100437,3.38162589549602,0.00115752988797451,0.0106340600146524,-1.36274889595658,"TFRC"
"L31881_at",0.749040337588793,6.36009679577127,3.37990389935879,0.00116381503547911,0.010678040396307,-1.36775973382761,"NFIX"
"X61970_at",-0.509329643575109,9.56525650465468,-3.37732367781479,0.00117329290099351,0.010751163356276,-1.37526445452013,"PSMA5"
"X59739_at",-0.560517458613329,7.08675017185212,-3.37320856453311,0.00118855958220579,0.0108770747901734,-1.38722488074278,"ZFX"
"D38293_at",-0.751352030404463,6.62610253452072,-3.37115595187202,0.00119624439921871,0.0109333670795259,-1.3931867630583,"AP3M2"
"D21878_at",0.492070610684663,5.71634840389941,3.36849197847919,0.0012062879570711,0.0110110458975158,-1.40092042839975,"BST1"
"U28963_at",-0.378623511401756,9.12698546110001,-3.36697015307676,0.00121206107212222,0.0110495951191296,-1.40533637762481,"GPS2"
"J03040_at",0.949126429095828,6.56646040914412,3.36337404975105,0.00122580669711471,0.0111606333891837,-1.41576558155928,"SPARC"
"D16581_at",-0.479542681327347,9.88565271920351,-3.36064877368666,0.00123632141028337,0.0112420093544772,-1.42366385868663,"NUDT1"
"X56411_rna1_at",-0.465564284458953,7.32701372877851,-3.35922532137498,0.00124184713326768,0.011277870335115,-1.4277873922251,"ADH4"
"X81198_at",-0.364783355217368,9.00254781160692,-3.35869128363266,0.00124392621974501,0.0112823791610206,-1.42933409321255,"ARCN1"
"U25956_at",1.24666385920972,7.21082337445954,3.35583013794046,0.00125512104356143,0.0113616539709649,-1.43761760233896,"SELPLG"
"U69127_at",-0.264293700180011,6.87388485833906,-3.35564364453947,0.00125585402288124,0.0113616539709649,-1.43815735414678,"FUBP3"
"M63928_at",-1.67086337825758,5.60118655456028,-3.35329924119983,0.00126510275156345,0.0114308206792089,-1.44494069281629,"CD27"
"M15796_at",-1.07997793214052,7.88749966975819,-3.35168041080187,0.00127152648623947,0.0114743193929129,-1.44962262699936,"PCNA"
"M86400_at",-0.495074137082208,12.1246913671585,-3.34755602658781,0.00128803172671182,0.0115984092524159,-1.46154359240214,"YWHAZ"
"U41668_at",-0.548081713938283,8.07129387309691,-3.34743195220798,0.00128853136876327,0.0115984092524159,-1.46190204626514,"DGUOK"
"HG3162-HT3339_at",0.432820864932014,9.46929047960612,3.34257562116223,0.00130823161185343,0.0117476228102213,-1.47592447706849,NA
"X54936_at",0.501617883373656,7.25717004290362,3.34253341671636,0.00130840405545178,0.0117476228102213,-1.47604627523312,"PGF"
"U30825_at",-0.592303405025792,10.8529321398728,-3.33989369962085,0.00131923233996153,0.0118299463541959,-1.48366202218123,"SRSF9"
"U01062_at",-0.87979326749429,5.70452759229068,-3.33764886156365,0.00132850713817407,0.0118981499849785,-1.49013505584224,"ITPR3"
"U97188_at",-0.424161895521601,6.77484120491745,-3.33680984016504,0.00133198938222336,0.0119143692670895,-1.49255357260651,"IGF2BP3"
"M32334_at",-0.830887038300247,9.2210093652398,-3.33478052318844,0.00134044734554481,0.0119749989052493,-1.49840132963493,"ICAM2"
"D13705_s_at",0.401602470978091,9.41686291234797,3.33178276741017,0.0013530342059794,0.0120723164636134,-1.50703501034259,"CYP4A11"
"U51333_s_at",1.22763431340469,8.97076321067263,3.33109750382938,0.00135592704481534,0.0120830048781107,-1.50900780371741,"HK3"
"S66431_at",-0.750177129721898,7.59235346536373,-3.32887544778525,0.0013653475451958,0.0121517636076165,-1.51540279668619,"KDM5A"
"M63438_s_at",2.22120188333888,9.8333601477253,3.32417295112572,0.00138548747323913,0.0123156361555134,-1.52892608654425,"IGKC"
"J02645_at",-1.02102989092385,7.49932302469459,-3.32158173539419,0.00139670430235658,0.012399881658157,-1.53637182883619,"EIF2S1"
"Y00636_at",-0.717358450842581,7.63350404511226,-3.32078683429866,0.00140016235254504,0.0124151211583253,-1.53865508735142,"CD58"
"D89052_at",0.937560122015563,9.99878910311419,3.31798229343746,0.00141242737255437,0.0125083164458884,-1.54670759094446,"ATP6V0B"
"U34070_s_at",0.685811951227191,4.88747624612886,3.31694725879374,0.00141697934099696,0.0125330592083961,-1.54967815911435,"CEBPA"
"S85655_at",-1.35533215207849,7.64516546977578,-3.31641911596543,0.00141930736920021,0.0125380944671974,-1.55119367624605,"PHB1"
"L27706_at",-0.477887777475928,8.86310638342595,-3.31313812794598,0.00143385060484966,0.0126508922796698,-1.56060456828486,"CCT6A"
"U40434_at",0.918205959163233,6.63287273383199,3.31083138755416,0.00144415920246896,0.0127260951228692,-1.56721691574365,"MSLN"
"U50062_at",0.32924873162159,8.20558192112333,3.30663035826306,0.0014631124890567,0.0128771962154138,-1.57925060086615,"RIPK1"
"HG2591-HT2687_s_at",-1.07266751155844,4.12090244058085,-3.30576848961644,0.00146702968690626,0.0128823930923716,-1.58171799996921,NA
"U69645_at",-0.372877670712697,8.66128342490038,-3.3055007092562,0.00146824875673943,0.0128823930923716,-1.58248451807574,"ZNF32"
"S76473_s_at",0.314203816506711,7.45183117481822,3.30509770360371,0.00147008523526467,0.0128823930923716,-1.58363803080349,"NTRK2"
"X12791_at",-0.431271183832841,9.27153190681787,-3.30491223711773,0.00147093112318565,0.0128823930923716,-1.58416885196813,"SRP19"
"U37426_at",-0.677906179626327,6.91368039295199,-3.30016800572182,0.00149272514892965,0.0130572240327847,-1.59773979405942,"KIF11"
"U64998_at",1.26304260463478,5.98246596521309,3.29615891774526,0.00151137836836957,0.0132041867501307,-1.60919664593489,"RNASE6"
"X96752_at",-0.587516896049534,8.193060458436,-3.29493383732389,0.001517121904938,0.0132381420566744,-1.61269553438058,"HADH"
"HG2810-HT2921_at",0.514085460884798,8.05136960636943,3.29328221603465,0.00152489766834312,0.0132897255227605,-1.61741112508837,NA
"M26311_s_at",2.13825882547747,9.70103116041487,3.29256726804691,0.00152827521642374,0.0133028986787361,-1.61945185225152,"S100A9"
"U04520_at",0.418219545209811,7.12242842009425,3.2890160287164,0.00154515638329634,0.0134334388494141,-1.62958356110738,"COL4A5"
"L13329_at",0.350779691675594,6.71085679754731,3.28659909275631,0.00155674556867726,0.0135177090853839,-1.63647447698807,"IDS"
"M58297_at",-0.778727495759805,4.99189026800323,-3.28524468409956,0.00156327560369765,0.0135439286435917,-1.64033438938665,"MZF1"
"D43948_at",-0.472282998128145,8.33428544162736,-3.28518482965471,0.00156356477397614,0.0135439286435917,-1.64050494069734,"CKAP5"
"X97335_at",-0.333555199180657,7.16203884440397,-3.28404256939566,0.00156909293055762,0.0135753197839142,-1.64375929615965,"AKAP1"
"L06133_at",-0.362343963830964,6.62983237606091,-3.28148147081808,0.00158155460297508,0.0136665488055871,-1.65105295026077,"ATP7A"
"X85750_at",-0.603886508773488,6.62729686186022,-3.27978067750054,0.00158988155172902,0.0137218711649832,-1.65589424872131,"MMD"
"U34877_at",0.670403689837839,7.85718060234026,3.27777404037848,0.00159975884246588,0.0137904241692132,-1.6616037418693,"BLVRA"
"HG1869-HT1904_at",-0.508625566521175,9.42840332995548,-3.27683087593411,0.00160442127646633,0.0138139121738266,-1.66428643828287,NA
"D28532_at",0.420779730643938,7.45315427261975,3.27434348169589,0.00161677873576233,0.0139035170171889,-1.67135873409119,"SLC17A1"
"X06948_at",0.71691370303022,7.21526052769843,3.27214246100386,0.00162778797079137,0.0139813258358695,-1.67761347994903,"FCER1A"
"Y08915_at",-0.635977021216506,9.39726716391446,-3.27154222911617,0.00163080245123053,0.0139903618228911,-1.67931864692345,"IGBP1"
"D50911_at",-0.303686085128504,9.41794018297639,-3.27083652844429,0.00163435332098254,0.0140039721457747,-1.68132313811635,"VGLL4"
"L35240_at",0.675443070337664,7.75027088038326,3.27030382710295,0.00163703851828227,0.0140101411726702,-1.68283602510252,"PDLIM7"
"M71243_f_at",0.935062565993435,8.15314332779359,3.26915418434382,0.00164284766704355,0.0140429988229658,-1.68610042089025,"GYPA"
"D43950_at",-0.721500229040553,9.05008907542771,-3.26729876807701,0.00165226393587225,0.0140939662413556,-1.69136705661935,"CCT5"
"U83463_at",0.62101040795268,8.02199025458821,3.26720047777987,0.00165276417138073,0.0140939662413556,-1.69164599373683,"SDCBP"
"X92475_at",-0.471366931843081,7.98684783486913,-3.26514698632877,0.00166324771915498,0.014166419342719,-1.69747215468026,"TMEM187"
"X65644_at",-0.7073782258137,7.12681231376344,-3.2619643146155,0.00167961942791104,0.0142797000646633,-1.70649665263143,"HIVEP2"
"D87953_at",0.440261668822968,10.3330941747622,3.26178354315252,0.00168055384405281,0.0142797000646633,-1.70700903591621,"NDRG1"
"M64099_at",0.929404726575957,6.06232648538912,3.26070658104492,0.00168613083238069,0.0142968123131042,-1.71006116812321,"GGT5"
"M33684_s_at",0.269399847879802,8.5644429328968,3.26062024997225,0.00168657864431485,0.0142968123131042,-1.71030579971789,"PTPN1"
"U79265_at",0.549521824911322,8.25242593240117,3.25844503943978,0.00169789868966038,0.0143756766729084,-1.71646798636975,"QTGAL"
"X69141_at",-0.534794689896827,8.2665081450396,-3.25716528211371,0.00170459197225732,0.014415226773692,-1.72009200299127,"FDFT1"
"M22877_at",-0.425030970213136,8.18974887690061,-3.25549038633726,0.00171338929196576,0.0144724552872321,-1.72483337455882,"CYCS"
"X57152_rna1_s_at",-0.389019791567694,10.8438689369634,-3.25398492272867,0.00172133301971805,0.0145223468610295,-1.72909356305616,"CSNK2B"
"M12125_at",-0.652148965442508,7.99924753006247,-3.25063525439501,0.00173913203885509,0.0146551682092175,-1.73856725903528,"TPM2"
"X04654_s_at",-0.399570880971732,11.486040028806,-3.24989264454725,0.00174310133608649,0.0146712744096347,-1.74066656177253,"SNRNP70"
"U51920_at",-0.353382590631401,7.75666961594499,-3.24868561121248,0.00174957114686751,0.0147045052372106,-1.74407799372146,"SRP54"
"U15009_at",-0.491712520563031,8.9274373835219,-3.24838708034699,0.00175117477155167,0.0147045052372106,-1.7449215844825,"SNRPD3"
"X14046_at",0.810560589440348,11.2897940107202,3.24781668714782,0.00175424260014873,0.0147129358781886,-1.74653324544651,"CD37"
"HG4557-HT4962_at",-0.616306443243657,8.52763829199166,-3.24516758103278,0.00176855687325101,0.0148155604575869,-1.75401560296408,NA
"U00672_at",0.71979599882775,7.59179133588101,3.24234956860513,0.00178390404484376,0.0149265867789803,-1.76197004282922,"IL10RA"
"Z83741_at",-0.537113106300055,5.73316436355295,-3.24067619548398,0.00179307641843524,0.0149857465264066,-1.7666910584109,"H2AC4"
"U58087_at",-0.68428726876801,8.56520046286553,-3.23993363163747,0.00179716083692105,0.0150022946210892,-1.76878544005471,"CUL1"
"U07225_at",0.43372735847348,5.93107173671037,3.23719847822433,0.00181228073244532,0.0151108179433949,-1.77649678161294,"P2RY2"
"D13988_at",-0.578830952073158,10.0774771426116,-3.23638618081814,0.00181679402568468,0.0151307530480211,-1.77878599311616,"GDI2"
"L02932_at",-0.308941590467978,6.86936575744163,-3.23526790897334,0.00182302462107101,0.0151649270987342,-1.78193679888889,"PPARA"
"M19309_s_at",0.648600165890204,6.28885133214852,3.23477252313553,0.0018257911258079,0.0151702388530122,-1.78333232203094,"TNNT1"
"M15841_at",-0.906340792305503,8.03047940348404,-3.23081229332301,0.00184804914895835,0.0153373019591666,-1.79448272576984,"SNRPB2"
"X79440_at",-0.741997052301632,6.32610952573595,-3.22929888562816,0.00185662207183765,0.0153905334303845,-1.79874117604058,"ME3"
"M95178_at",0.754694359764287,7.91244123399782,3.22760008223745,0.00186628960159205,0.0154527044944828,-1.80351952048281,"ACTN1"
"X87852_at",-0.38823690911808,4.29217764372863,-3.22513910530677,0.00188037821929311,0.0155512950409983,-1.81043835254181,"PLXNA3"
"Y10807_s_at",-0.429715446332541,11.1309665376781,-3.22356833557235,0.00188942262500369,0.015607988289283,-1.81485237889973,"PRMT1"
"D14710_at",-0.484955984250822,12.0074939169611,-3.22201698511418,0.00189839522102355,0.0156388425680168,-1.81921025713042,"ATP5F1A"
"U80040_at",-0.419230495488337,9.11828545089995,-3.22192030518393,0.00189895571160703,0.0156388425680168,-1.81948178753242,"ACO2"
"L13848_at",-0.462155423768904,9.25971311691498,-3.22178527960422,0.0018997387661527,0.0156388425680168,-1.81986100340476,"DHX9"
"AF000234_at",0.860123231635495,5.24592291967098,3.22058740539876,0.00190669886643226,0.0156780348544355,-1.82322468188614,"P2RX4"
"D89667_at",0.459125655174127,11.0239054797181,3.2194041988426,0.00191359719512352,0.0157166294977368,-1.82654625446843,"PFDN5"
"X06323_at",-0.512129716984489,8.14310080906614,-3.2185295755239,0.00191871144798375,0.0157404993241382,-1.8290009656084,"MRPL3"
"U30828_at",-0.702291969407856,6.3489091347704,-3.2178985533843,0.00192240922317522,0.015752707301168,-1.83077167760587,"SRSF6"
"U50839_at",-0.422134120242769,7.79518444014201,-3.21641689211384,0.00193111798690577,0.0158059014106214,-1.83492834771562,"RBM6"
"M77349_at",0.605828702809207,7.79122538282952,3.21324264687044,0.00194989982486407,0.0159413255177247,-1.84382858846298,"TGFBI"
"D29640_s_at",-0.445847372467213,7.85316486267926,-3.21069646826669,0.00196508896966611,0.0160471011050971,-1.85096304047542,"IQGAP1"
"X93920_at",1.02611488919,8.96527467750785,3.20851258212241,0.00197820509675826,0.0161357255546792,-1.85707896394847,"DUSP6"
"X77366_at",-0.820258287180855,6.86809025820333,-3.20596821649676,0.00199358961918915,0.016242629023085,-1.86420046708238,"NFE2L1"
"U49070_at",-0.481438307641605,9.30142886243683,-3.20472033096066,0.00200117585441769,0.0162858249613513,-1.86769166360144,"PIN1"
"D13630_at",-0.477056030150081,9.00275416344837,-3.20394818635735,0.00200588346145392,0.0163052769973384,-1.86985137397417,"BZW1"
"M34344_at",0.927157241359192,7.8248379801917,3.20357859682597,0.00200814044096831,0.0163052769973384,-1.87088498820919,"ITGA2B"
"M63483_at",-0.568355617239902,9.80858801615726,-3.20295940513052,0.00201192700102827,0.0163174375316616,-1.87261645295525,"MATR3"
"D86979_at",-0.329866219263771,9.29784521623039,-3.20181906197725,0.00201891807374719,0.016355530622436,-1.87580457227948,"RUBCN"
"L27476_at",-0.385670933671427,7.49735483060824,-3.19955945755201,0.0020328382162965,0.0164496068603606,-1.88211935379136,"TJP2"
"U89995_at",0.309494585067647,6.43211041708856,3.19565446813309,0.00205710668992986,0.016627112916678,-1.8930245014428,"FOXE1"
"M62810_at",-0.604380945321018,6.55576553484892,-3.19461112193603,0.00206363657300253,0.016661002411025,-1.89593647599665,"TFAM"
"U43292_at",0.449005089184248,7.37473384379731,3.1930795882049,0.00207325697749018,0.0166846724083677,-1.90020968522074,"MECOM"
"D31886_at",-0.601292682767451,5.4828969791721,-3.19305857124585,0.00207338928807215,0.0166846724083677,-1.90026831498042,"RAB3GAP1"
"U78556_at",0.438799276724801,8.60586603179041,3.19302676619995,0.00207358952922061,0.0166846724083677,-1.90035703907212,"MTMR11"
"X54942_at",-0.83899755919982,8.90701172449276,-3.19055197054747,0.0020892261960603,0.0167781550871594,-1.90725874870557,"CKS2"
"HG270-HT270_at",-0.347349105738751,5.23144032080657,-3.19044340476251,0.00208991467490497,0.0167781550871594,-1.90756142480239,NA
"AB003698_at",-0.443145085841336,7.59699288379153,-3.18835746672558,0.00210318412578838,0.0168656913754166,-1.91337541347356,"CDC7"
"L22009_at",-0.420923291161166,11.3382636887067,-3.18444265756381,0.00212830081853098,0.0170479286913566,-1.92427916112913,"HNRNPH1"
"X79865_at",-0.794160863751711,8.38205410982701,-3.18243693441261,0.0021412776346707,0.0171326243070341,-1.92986170686214,"MRPL12"
"HG2639-HT2735_s_at",0.40378083728254,8.54564731049978,3.17270401693596,0.00220530641139627,0.0176251450749372,-1.95691376842744,NA
"U05681_s_at",0.4823056010357,10.2960249834324,3.17010773736232,0.00222268631516063,0.0177441553648154,-1.96411941123074,"BCL3"
"L19183_at",-0.462009172813507,7.68552485207019,-3.16951970404124,0.00222664045228788,0.0177558386849668,-1.96575080424682,"TMEM97"
"D38552_at",-0.501536336837038,7.83553649414776,-3.16588403305662,0.0022512343681778,0.0179318992298766,-1.9758322466067,"PPWD1"
"D89077_at",0.647867044671164,8.14435359902605,3.16523619194338,0.00225564333569088,0.0179469657814066,-1.97762774382805,"SLA"
"U31201_cds2_s_at",0.449259325135075,5.29835197109964,3.16291909843571,0.0022714787758217,0.0180259110665618,-1.98404731575169,"LAMC2"
"Y11710_rna1_at",0.411285718587637,9.01027021085626,3.16291494270243,0.00227150726999304,0.0180259110665618,-1.98405882613419,"COL14A1"
"Z50853_at",-0.741787701117056,8.55202113240622,-3.16267528364973,0.00227315107993253,0.0180259110665618,-1.98472260477798,"CLPP"
"L20688_at",-0.358545964191165,13.7905311573851,-3.16151152134274,0.00228114909174102,0.0180379033360775,-1.98794531217563,"ARHGDIB"
"L07956_at",-0.803179829344645,7.51769149640914,-3.16142088789811,0.0022817730771838,0.0180379033360775,-1.98819625798313,"GBE1"
"D87447_at",-0.509478862137511,7.88371856092759,-3.16135104912773,0.0022822540060516,0.0180379033360775,-1.98838962380298,"RGP1"
"HG2981-HT3125_s_at",1.05296992430103,8.13571747442447,3.15726973994097,0.00231052414272162,0.0182411147435907,-1.99968412114745,NA
"L43631_at",-0.381972995555039,9.43925740355595,-3.15652349710111,0.00231572842720115,0.0182619778291117,-2.00174805837712,"SAFB"
"M28713_at",0.416651800332481,9.49733560402508,3.15577865643484,0.00232093385534715,0.0182828038174253,-2.00380774933924,"CYB5R3"
"Y00282_at",0.450296404335923,10.9951483034038,3.15227920356078,0.00234553699116181,0.0184562176710734,-2.01347978097335,"RPN2"
"D63881_at",-0.607742662088823,8.97210368265666,-3.15124212822142,0.00235287489667408,0.0184935448052806,-2.01634456103254,"SUZ12"
"M31210_at",-0.411231043144856,6.51453320134333,-3.14789648243813,0.00237669373576757,0.0186601868307126,-2.02558158561938,"S1PR1"
"M58603_at",0.705267550787083,9.27065073153602,3.14261329308988,0.00241476579632828,0.018938245722799,-2.04015284372359,"NFKB1"
"S73885_s_at",-0.810580297529997,8.84649596272421,-3.14184164917464,0.0024203739048407,0.0189613687556147,-2.04227951626707,"TFAP4"
"D87436_at",-0.468383166570096,7.4209515565251,-3.14113886337024,0.00242549215231483,0.0189806076332079,-2.04421606910087,"LPIN2"
"M61827_rna1_s_at",0.433861484295333,10.7544030328353,3.14024635092398,0.00243200671045482,0.0190107191215267,-2.04667494698759,"SPN"
"M58597_at",0.797093501632273,6.92962844981102,3.13873956686192,0.00244304200483742,0.0190760640224381,-2.05082494383806,"FUT4"
"M60752_at",-1.31054478868973,7.25339074149107,-3.13825255851993,0.0024466187141862,0.019083090605507,-2.05216594282203,"H2AC8"
"K03431_cds1_at",0.322989128324593,9.89517847863228,3.13547362181896,0.00246712163990058,0.0192219783287991,-2.0598148444015,"HP"
"M29204_at",-0.362376831319872,7.87346413824754,-3.13476406064665,0.00247238241470424,0.0192294164535724,-2.06176705559343,"GCFC2"
"X66533_at",-0.505545315373957,6.6681922249663,-3.13461740837648,0.00247347101808471,0.0192294164535724,-2.06217049720616,"GUCY1B1"
"U78521_at",-0.288306441864222,11.1306456516446,-3.13373346230286,0.00248004205484385,0.0192594987025946,-2.06460193647742,"AIP"
"X04898_rna1_at",-0.798459205578772,5.46486665225636,-3.13172519556904,0.00249503163562669,0.0193548210341487,-2.07012406797383,"APOA2"
"X91103_at",0.325341639622168,7.00805878410074,3.12912044100389,0.00251459936400498,0.0194481011799547,-2.07728235335038,NA
"X98534_s_at",0.824851236425625,8.7000363669621,3.12909588074588,0.00251478454815666,0.0194481011799547,-2.0773498273447,"VASP"
"X04106_at",0.45075287003892,11.2650638367582,3.12875861577375,0.00251732881132606,0.0194481011799547,-2.07827634913551,"CAPNS1"
"M16505_at",-0.465875215772548,6.42923167577519,-3.12867387022072,0.00251796849335084,0.0194481011799547,-2.07850914702769,"STS"
"X06318_at",-0.491553780224013,7.96560397500588,-3.1280106765638,0.00252297969787803,0.0194657167382819,-2.08033078892428,"PRKCB"
"M69043_at",0.957352572478325,11.7867587537191,3.12711108616079,0.00252979203459585,0.0194971755833879,-2.08280128935932,"NFKBIA"
"U79734_at",0.589462464373582,5.81845758166804,3.12548208451813,0.00254217170070474,0.0195714277044536,-2.08727355976083,"HIP1"
"L01664_at",0.893424497605641,7.24735945239192,3.1219194457944,0.00256944341415416,0.0197600454147842,-2.0970482670905,"CLC"
"U44378_at",-0.294738313083917,7.42639687669674,-3.12008368327079,0.00258360237163165,0.0198475229605194,-2.1020816809047,"SMAD4"
"X56253_rna1_at",0.335941754359574,10.1681005557933,3.11704279960653,0.00260721651810038,0.020007369814357,-2.11041441226908,"M6PR"
"X63717_at",0.35492517163269,7.66452612375664,3.11591675067427,0.00261601188308235,0.020053278187628,-2.11349847832859,"FAS"
"D79998_at",-0.486701587429471,4.53396889871029,-3.11501965834122,0.00262303870999245,0.0200680296321213,-2.11595486134332,"KCTD2"
"D38076_at",-0.476681583051738,9.98872308271973,-3.11495240271218,0.00262356622487544,0.0200680296321213,-2.11613899633886,"RANBP1"
"X03934_at",-1.03595089951286,9.35854866063989,-3.11297592157243,0.0026391128755428,0.0201653115645709,-2.12154892730147,"CD3D"
"Z48042_at",-0.497567189044432,10.3192425129831,-3.11029880792719,0.00266030762161177,0.0203054957542509,-2.12887242018436,"CAPRIN1"
"M37190_at",0.343782693209459,7.5225483633731,3.10954430296639,0.00266630966033869,0.0203295417845503,-2.13093557018428,"RIN2"
"U75276_s_at",-0.695666566579407,7.20209728184333,-3.10829021582254,0.00267631379037303,0.0203840181747536,-2.13436395351165,"BRF1"
"X55448_cds1_s_at",0.399883223674834,10.0829030334521,3.10633365532137,0.00269199163465405,0.0204815457454095,-2.13971062769799,"G6PD"
"AF005775_at",0.438707537350556,9.11560969812617,3.10522223817419,0.00270093547447851,0.0205276854984619,-2.14274664188333,"CFLAR"
"Z11697_at",1.08022305406802,8.42582149986805,3.10406496703069,0.00271027775119834,0.0205767519577135,-2.14590703179877,"CD83"
"D25217_at",0.833269162382848,8.77494341008991,3.10315693349394,0.00271762909752872,0.0206106147194492,-2.14838614909024,"MLC1"
"M73547_at",-0.692379272028371,8.14756251363295,-3.0998643874431,0.00274444141306557,0.0207918414811312,-2.15737082470892,"REEP5"
"D49738_at",-0.492293466841078,9.89247276731622,-3.09180811257801,0.00281108971697996,0.0212741598644906,-2.17932396690092,"TBCB"
"D87442_at",0.629137588015654,9.56738999346125,3.09013959972741,0.00282508026496073,0.0213573671356363,-2.18386515631675,"NCSTN"
"U04847_at",-0.613941429131317,7.03836667162716,-3.08765402821152,0.00284604223658512,0.0214930456616688,-2.19062665196385,"SMARCB1"
"X87838_at",0.450568897703675,10.3835119111512,3.08418707701319,0.00287552273270329,0.0216927000650178,-2.20005083034593,"CTNNB1"
"M27749_at",-0.668797375227268,10.42098239784,-3.08309758771728,0.00288484555858571,0.0217400253564033,-2.20301070225668,"IGLL1"
"L07807_s_at",1.05704277431774,7.25684810961517,3.08175406630609,0.00289638091823239,0.0218039066167674,-2.2066596123167,"DNM1"
"D43947_at",-0.847553107929836,7.46406752429825,-3.08006754868576,0.00291092202707451,0.0218902564673145,-2.21123834949426,"BLTP2"
"J05582_s_at",0.776977671171363,7.03433174118738,3.07957840372127,0.00291515212349624,0.0218912628146766,-2.21256597253375,"MUC1"
"Y00414_s_at",0.377150728566342,9.18827469382657,3.07934214584611,0.00291719731714725,0.0218912628146766,-2.21320715885591,"TH"
"M32578_at",1.50555143205565,7.29974564678285,3.07587123399461,0.0029473980973178,0.0220946383131215,-2.22262260469279,"HLA-DRB5"
"U48936_at",0.394060668743979,10.1004928796245,3.07400688404279,0.0029637399458792,0.0221938046997614,-2.22767660975535,"SCNN1G"
"X89576_at",-0.831218049936616,5.28692375435766,-3.07327260131956,0.0029701993825845,0.0222188367244962,-2.22966650681291,"MMP17"
"U54778_at",-0.380512341858353,10.4144244910895,-3.06569503417823,0.00303762858710032,0.0226805007242137,-2.25018028284254,"YWHAE"
"X54489_rna1_at",0.331123144506599,6.58807433187821,3.06562290697063,0.00303827720460431,0.0226805007242137,-2.25037535653879,"CXCL1"
"M99435_at",-0.643460344213136,5.91431133738739,-3.06478007639216,0.00304586607683485,0.0227133674286147,-2.25265459640643,"TLE1"
"M19684_at",0.890860792027793,4.91933015609631,3.06266107478042,0.00306502362985905,0.0228323442604652,-2.25838281524869,"SERPINA2"
"U21931_at",0.675124070589375,9.33033649436375,3.06210284251603,0.00307008914607504,0.0228462061820135,-2.2598913566422,"FBP1"
"L37043_at",-0.617661129183723,9.08999464558006,-3.06021312694147,0.00308729469854907,0.0229502856162214,-2.26499646699847,"CSNK1E"
"U70735_at",-0.368126352376938,9.90910635458617,-3.05807456207257,0.00310687418155335,0.0230717771253061,-2.27077092317244,"COPS6"
"M24902_at",0.351966743146637,6.61855917293167,3.05708193434097,0.00311600131650784,0.0231121966301613,-2.2734501154741,"ACP3"
"M30938_at",-0.574254061422865,9.5570175973297,-3.05677798233388,0.00311880111631577,0.0231121966301613,-2.27427037555294,"XRCC5"
"U48705_rna1_s_at",-1.11744468979111,5.91992735573527,-3.0558385038741,0.00312746975793303,0.0231523695787171,-2.27680530191701,"DDR1"
"D25304_at",-1.33446622269078,7.43319264136513,-3.05300222626604,0.00315377648042481,0.0233228968142619,-2.28445458120377,"ARHGEF6"
"X75042_at",0.526369753465512,7.89939798454776,3.05224835906939,0.00316080320732898,0.0233358176664017,-2.2864867972967,"REL"
"U85943_at",0.456205790430498,7.47072474103888,3.05211257360096,0.00316207039777586,0.0233358176664017,-2.28685279600508,NA
"D90224_at",-0.689024256374453,6.3112982474667,-3.05169868457337,0.00316593584927158,0.0233401826985078,-2.28796832284719,"TNFSF4"
"U51711_at",0.347186564676851,6.33583633082384,3.0512244340584,0.00317037044024215,0.0233487302360396,-2.28924639450852,"DSC2"
"D10923_at",0.635633596591619,6.75216455311014,3.04997822410333,0.00318205097066268,0.0234105690091375,-2.29260411240207,"HCAR3"
"X57579_s_at",0.678460387478888,8.06092569431851,3.048547160572,0.00319551346656914,0.0234683692862517,-2.29645858459133,"INHBA"
"D49817_at",1.24708481685128,7.42938771746906,3.04844343391467,0.00319649131392207,0.0234683692862517,-2.29673791105312,"PFKFB3"
"X69699_at",0.268218831923342,9.79601163668637,3.04738098812847,0.00320652319002292,0.0235178022856722,-2.29959855887592,"PAX8"
"U01120_at",0.475743757965216,7.50364949061624,3.04653767624066,0.00321450678289922,0.0235521262644281,-2.30186863844136,"G6PC1"
"L76702_at",-1.19977684554265,7.55262773561544,-3.04596559406735,0.00321993317509908,0.0235676628390979,-2.30340832895975,"PPP2R5D"
"X06985_at",0.820032984613869,8.61711342424626,3.04545236530229,0.00322480856980927,0.0235791387632516,-2.30478943271656,"HMOX1"
"J02906_at",0.35609549454632,9.72550964462379,3.04481815868349,0.00323084266973316,0.0235990547054587,-2.30649584099271,"CYP2F1"
"X52851_rna1_at",-0.33175825602541,12.9986174738616,-3.04132160896682,0.00326429917414241,0.0238190264201241,-2.31589879744479,"PPIA"
"X06745_at",-0.510125390538741,7.28809285562402,-3.04097235517278,0.00326765861862295,0.0238191598079377,-2.31683755596898,"POLA1"
"U20734_s_at",1.19706871749289,10.0577286821759,3.03686567892321,0.00330740222265422,0.0240361024442447,-2.32786963474468,"JUNB"
"HG1872-HT1907_at",0.525044452568222,10.5432143861006,3.03679422407123,0.00330809770857495,0.0240361024442447,-2.32806148741774,NA
"L09230_s_at",0.662237703444582,5.83199103869211,3.03678991507022,0.00330813965338259,0.0240361024442447,-2.32807305675655,"CCR1"
"M95767_at",0.378851863263546,7.24595542154962,3.03620796547977,0.00331380902808997,0.0240361024442447,-2.32963543041646,"CTBS"
"AF006084_at",0.529792364078478,9.75374127042125,3.0361598558355,0.00331427811792573,0.0240361024442447,-2.3297645811449,"ARPC1B"
"X78520_at",-0.374171406543744,5.86736303982543,-3.0351251365987,0.00332438202712576,0.024074240504621,-2.33254191039605,"CLCN3"
"J00123_at",0.521204489936514,6.88144715915398,3.03492999472124,0.00332629076968041,0.024074240504621,-2.33306561610477,"PENK"
"U75679_at",-0.477144832758679,8.42561624696591,-3.03435616681948,0.00333190945882583,0.0240904488153847,-2.33460545736285,"SLBP"
"U89336_cds4_at",-0.838828146909895,9.14057465906268,-3.0336659834859,0.00333867913665427,0.0241149377560368,-2.33645723492192,"RNF5"
"D78275_at",-0.574314782242725,8.55454611082312,-3.03268509240581,0.00334832222062086,0.0241570806960162,-2.33908842749404,"PSMC6"
"U79296_at",-0.258602454312561,7.16116766650287,-3.03238364807824,0.00335129089751157,0.0241570806960162,-2.33989690503252,"PDHX"
"L42542_at",-0.504907431270571,8.67606374280336,-3.03159155055112,0.00335910327456383,0.0241889366104703,-2.34202102444555,"RALBP1"
"X60673_rna1_at",0.543736036484907,7.34508528643151,3.03011025153849,0.0033737586073181,0.0242546943874253,-2.34599218115338,"AK4"
"HG1614-HT1614_at",-0.808639481266605,10.8118416947852,-3.02973288111905,0.00337750163062828,0.0242546943874253,-2.34700361876642,NA
"M34668_at",-0.530458729522555,7.58462595732848,-3.02963815552495,0.00337844179081404,0.0242546943874253,-2.34725748936187,"PTPRA"
"HG3085-HT3254_s_at",0.297632283589558,6.80536688161499,3.02738893093486,0.00340083710665681,0.0243909132126322,-2.35328374905628,NA
"L19161_at",-0.599841081127488,8.21208183440976,-3.025586149681,0.00341888671470682,0.0244957219991406,-2.35811136905484,"EIF2S3"
"U79287_at",-0.589625791573482,9.00349530912124,-3.023551619315,0.00343936347627401,0.0246176929943347,-2.36355690903251,"PTOV1"
"M15182_at",0.349576595613701,10.1028498849837,3.02213403801508,0.00345369815642926,0.0246955006591617,-2.3673494712707,"GUSB"
"U73514_at",-1.32524705709281,4.25916947751859,-3.02144257263378,0.00346071041814923,0.0247208462635129,-2.36919890076473,"HSD17B10"
"M38591_at",1.37434848044544,8.56377908943971,3.02001161377864,0.00347526401750275,0.024799957137915,-2.37302517655304,"S100A10"
"U45955_at",-0.575752968153601,6.97129965201697,-3.01915986426444,0.00348395371841155,0.0248371060585559,-2.37530202334887,"GPM6B"
"U09413_at",-0.302125047732911,6.43020322849301,-3.01655348794414,0.00351066993258009,0.0249932230209316,-2.38226614222534,"ZNF135"
"U09587_at",-0.425963329261801,10.2678608206198,-3.01626534927762,0.00351363509707674,0.0249932230209316,-2.38303574930465,"GARS1"
"M31994_at",0.489358249685907,8.25400391908623,3.01599977319983,0.00351637013466046,0.0249932230209316,-2.38374504209757,"ALDH1A1"
"D87077_at",-0.468704822129342,6.89638704121878,-3.00956854481859,0.00358320875029221,0.0254429234868856,-2.40090658027739,"BICRAL"
"D14874_at",0.475636783305741,7.52026871736893,3.00869699301983,0.00359235682868765,0.025482499335039,-2.40323010166607,"ADM"
"L35854_at",0.483253461923344,6.49301922623906,3.00829577686949,0.00359657540029197,0.0254870636468006,-2.40429955181232,"DMD"
"U38896_at",-0.304993670854203,6.48479212807401,-3.00576508435151,0.00362329040880723,0.0256508811562927,-2.41104261301612,"ZBTB18"
"Z33642_at",0.496223844626227,6.94524769424359,3.00519052189627,0.00362938131724681,0.0256685113200917,-2.41257292756879,"CD101"
"U70322_at",-0.550792930553234,8.43306357799127,-3.00301392484834,0.00365254159518054,0.0258067086541547,-2.41836810837349,"TNPO1"
"Z28339_at",0.233392841679306,6.76963317375575,3.00239609377468,0.00365914062693848,0.0258254360042282,-2.42001248638887,"AKR1D1"
"X60484_at",0.520542642009883,6.53290062843729,3.00208782775658,0.00366243734047899,0.0258254360042282,-2.4208328483171,"H4C12"
"HG3242-HT3419_s_at",0.540869372150944,6.92769124674065,3.00001692231914,0.00368465592901638,0.0259431669736529,-2.42634227340503,NA
"U68018_at",-0.427149276371503,8.15979459716699,-2.99969092831432,0.00368816486494555,0.0259431669736529,-2.42720927665979,"SMAD2"
"U52112_rna5_at",0.240760561699643,9.91000564573559,2.9989285820522,0.00369638271660863,0.0259431669736529,-2.42923650237984,"RENBP"
"D80008_at",-0.375543236209048,7.74550654873149,-2.99890656903524,0.00369662026210963,0.0259431669736529,-2.42929503328301,"GINS1"
"HG3731-HT4001_at",-0.753165454233601,6.41432577856784,-2.99884090940296,0.00369732888837584,0.0259431669736529,-2.42946961516271,NA
"M24069_at",-0.754908601404763,9.13259738665848,-2.99621616587339,0.00372575964198739,0.026116952298651,-2.43644608931999,"YBX3"
"M96944_at",-0.537960122501603,5.90873799226169,-2.9951549901145,0.00373731156887637,0.0261721946704515,-2.43926530685118,"PAX5"
"M77142_at",-0.47925084643235,7.19374334549078,-2.99229253460674,0.00376863804675734,0.026365672851161,-2.4468660932998,"TIA1"
"K02777_s_at",-0.972935034325101,7.65262530045458,-2.991444800684,0.00377796221047028,0.0264049927435712,-2.44911602704824,"TRDV2"
"HG371-HT26388_s_at",0.488895962636722,8.33503018274149,2.99009260218203,0.00379287923069884,0.0264832870084741,-2.45270381054575,NA
"X16316_at",-0.301042667366632,10.4397927470224,-2.98905102577304,0.00380440678530568,0.0265377847088495,-2.45546655989556,"VAV1"
"M31899_at",-0.509288332809943,7.73617995411152,-2.98854024403535,0.0038100716808388,0.026538147554418,-2.45682111864044,"ERCC3"
"X54870_at",-0.683517148216216,9.16724594362075,-2.98824142184844,0.00381338943491219,0.026538147554418,-2.45761349130245,"KLRC4-KLRK1"
"L09235_at",0.32116720364122,7.52505136781142,2.98778668881037,0.0038184433714464,0.026538147554418,-2.45881916691723,"ATP6V1A"
"HG4535-HT4940_s_at",0.329768401025696,10.2937314118412,2.98770525826664,0.00381934905187724,0.026538147554418,-2.45903505612626,NA
"D90097_at",0.319758147584434,6.59479145060786,2.98551305193395,0.00384380602056392,0.0266561992231045,-2.46484532456795,"AMY2B"
"Y10376_at",0.397610192427862,9.78527144760562,2.9855120530415,0.00384381719755245,0.0266561992231045,-2.46484797129507,"SIRPB1"
"X60003_s_at",-0.339312389264238,8.77832957060874,-2.98464277456016,0.00385355531625711,0.0266977607867803,-2.46715100348657,"CREB1"
"X98743_at",-0.351985235336233,9.44345559780715,-2.98398575480247,0.00386093077054955,0.0267228887992696,-2.46889133875239,"DDX18"
"M28209_at",0.452704462370976,8.44896671369827,2.97701961751862,0.00393993889661534,0.0272432826323674,-2.48732508028488,"RAB1A"
"M55210_at",-0.536129738715068,6.47449147292484,-2.97555408161555,0.00395675024634787,0.0273330159943933,-2.49119888851785,"LAMC1"
"D63875_at",-0.362995082323569,8.08195189851529,-2.9724143756381,0.00399299018179132,0.0275566573146083,-2.49949296626309,"CTR9"
"M86933_at",0.297756981867027,6.30906807073635,2.97144765946104,0.00400421023383084,0.0276073643684526,-2.50204533709037,"AMELY"
"M86752_at",-1.59653543728772,8.23655912472371,-2.97094721896111,0.00401002999126719,0.0276207766258394,-2.50336636942855,"STIP1"
"D28589_at",-0.972611966973568,7.75734911894321,-2.96710575423998,0.00405496503118419,0.027903325972309,-2.51350104127049,"DANCR"
"X04325_at",-0.630783546061736,7.01415538363793,-2.96628006228778,0.00406468415298489,0.0279432336804525,-2.51567806857798,"GJB1"
"M55543_at",0.494510875093585,6.85340664406438,2.96504473214942,0.00407926536974574,0.0279896053237422,-2.51893426682907,"GBP2"
"L05424_cds2_at",0.994994649869403,5.95051992139738,2.96504334272288,0.00407928179707787,0.0279896053237422,-2.51893792861156,"CD44"
"L29376_at",-0.596817100949242,6.33868263595862,-2.96402425106353,0.00409134713746989,0.0280247425989866,-2.52162334554165,"HCG26"
"AF009301_at",-0.528158897933996,7.50636065524895,-2.96389677191688,0.00409285872573944,0.0280247425989866,-2.52195921607424,"MARCHF6"
"M33521_at",-0.408241565310943,10.2000728127538,-2.96361446015138,0.00409620808804272,0.0280247425989866,-2.52270298535901,"BAG6"
"D42084_at",-0.451180042768906,8.70819163130608,-2.96326035693786,0.00410041277651797,0.0280247425989866,-2.52363581564599,"METAP1"
"J00073_at",0.376410135429053,9.38030206489132,2.96295362065949,0.00410405825127536,0.0280247425989866,-2.52444379454005,"ACTC1"
"HG1155-HT4822_at",0.246319609783063,10.5848717833813,2.96256175927444,0.00410871978023867,0.0280297256586808,-2.52547590759488,NA
"X52882_at",-0.514617027998368,10.0547701582178,-2.957896600616,0.00416459376521076,0.0283622795889392,-2.5377551316607,"TCP1"
"X65488_at",-0.464902592082808,10.0914188933058,-2.95754625399923,0.00416881808970135,0.0283622795889392,-2.53867667168822,"HNRNPU"
"X63359_at",0.611165943838144,7.87260871709004,2.95749782793079,0.00416940230175456,0.0283622795889392,-2.53880404327321,"ADH6"
"M34057_at",0.447629882804277,6.03325781798009,2.95673740397056,0.00417858600082662,0.02839765452802,-2.54080391715162,"LTBP1"
"U62961_at",-0.379997391262787,6.87519771483128,-2.95630739156236,0.00418378757913878,0.0284059253825527,-2.54193464818292,"OXCT1"
"X66141_at",0.393881374289002,8.28385421242019,2.95493311065054,0.00420045157005291,0.0284919307734607,-2.54554749864035,"MYL2"
"U35835_s_at",-0.659216745908391,7.32914594136144,-2.9545022939011,0.0042056881200538,0.0285003332774369,-2.54667980281643,"PRKDC"
"L02867_at",1.0541921148718,6.30134958702539,2.95313758203867,0.00422231601960972,0.0285858413141478,-2.55026578439457,"CDR2L"
"M21005_at",1.73245091580139,9.48485423159377,2.95219896899511,0.00423378754617398,0.028636310642006,-2.55273137468551,"S100A8"
"U79298_at",0.404082517425751,6.40965571153056,2.95112622636509,0.00424693369480657,0.0286980002941005,-2.55554854996137,"FAM110B"
"U20657_at",0.391654931190581,8.71895632037405,2.94993009823334,0.00426163643488519,0.0287700815760384,-2.55868880639546,"USP4"
"X74819_at",0.377020900346376,7.1572929312814,2.94911027968627,0.00427174078906064,0.0287868343145757,-2.56084054128504,"TNNT2"
"U18259_at",-0.823423495791396,7.24113737440975,-2.94907355405198,0.00427219395494755,0.0287868343145757,-2.56093692215881,"CIITA"
"U23028_at",-0.398828566716841,7.78940551004651,-2.9487326347328,0.00427640275900882,0.0287879842011085,-2.56183156842187,"EIF2B5"
"D31887_at",-0.531449795996726,7.37330118813244,-2.94799480871011,0.00428552469738761,0.0288010118121501,-2.56376750615228,"SLC39A14"
"HG4126-HT4396_at",-0.550286795191904,6.80166471317137,-2.94792263667526,0.00428641794539083,0.0288010118121501,-2.56395685364477,NA
"HG627-HT5097_s_at",0.707464623058824,10.2277020507281,2.94654655940016,0.00430348216239296,0.0288884409940673,-2.56756637581254,NA
"M24485_s_at",0.504389305685692,11.6890085580662,2.94475101472917,0.0043258425535555,0.0290112244254912,-2.57227419377904,"GSTP1"
"M20681_at",1.10655408350685,8.72959196070552,2.94175458988597,0.00436339731569799,0.0292355822026419,-2.58012563513342,"SLC2A3"
"D26598_at",-0.353959710356843,10.8034589652567,-2.93866962666558,0.00440237664199465,0.0294690545359436,-2.58820251112469,"PSMB3"
"S80437_s_at",-0.462388917953444,8.93425802752347,-2.93735473473238,0.00441908833029194,0.0295531713946072,-2.59164306266264,"FASN"
"U31248_at",0.348442234207229,7.4984474857304,2.93689300524795,0.00442497060981588,0.029564775517692,-2.5928509387871,"ZNF174"
"M81637_at",0.405542394086162,6.96991838537651,2.93597723427859,0.00443665865420245,0.0296151119342783,-2.595246137761,"GCA"
"M54915_s_at",0.73073336784849,10.498347752154,2.93222809002147,0.00448480752685738,0.0299085059485185,-2.60504589954487,"PIM1"
"L06175_at",-0.819179932621475,6.39344477411892,-2.92999045457145,0.00451377439953772,0.0300456032745673,-2.61089008529601,"HCP5"
"U37012_at",-0.385069610252256,9.91453537899307,-2.9299889052044,0.00451379451635034,0.0300456032745673,-2.6108941306678,"CPSF1"
"X58431_rna2_s_at",0.58333276048347,8.75926596876581,2.92952309450864,0.00451984631112637,0.0300578212238991,-2.61211027836663,"HOXB6"
"L31529_at",0.27135619555627,5.99235608217775,2.92829825908886,0.00453579513515368,0.0301357721514544,-2.61530737649196,"SNTB1"
"D13642_at",-0.584701952752398,6.98801254090091,-2.92700190597297,0.00455273185829697,0.0302201353983232,-2.61869000555017,"SF3B3"
"HG3231-HT3408_at",0.531432192794553,7.32325065874318,2.92542283756895,0.00457344118955913,0.0303043418161543,-2.62280874235187,NA
"U68723_at",-0.725478475462216,7.91693210329287,-2.92538644838311,0.00457391945492804,0.0303043418161543,-2.62290363684726,"FOXN3"
"S78271_s_at",-0.378538242588169,8.38386302174499,-2.92474940981487,0.00458229958429584,0.0303316747785005,-2.62456473401366,"SMC1A"
"M17754_at",-0.626017844362372,7.73808269399229,-2.92414299647166,0.00459029002485089,0.0303356407990685,-2.6261457102628,"POLR3D"
"U05861_at",0.525282583426012,6.20123628883371,2.92405813503224,0.00459140923301934,0.0303356407990685,-2.62636693136784,"AKR1C1"
"M22489_at",-0.813073758901668,6.5385253462019,-2.92270989166838,0.00460922461294265,0.030425150245989,-2.62988092204677,"BMP2"
"U33447_at",-0.246538011731986,3.88388654593684,-2.92124009082974,0.00462871898810194,0.030518602995051,-2.63371027888932,"GPR17"
"U58034_at",0.306769049062231,6.96084944821376,2.92099749246269,0.00463194395295907,0.030518602995051,-2.63434218844571,"MTMR3"
"X89101_s_at",0.472781511296365,8.89831374931387,2.92018665197276,0.0046427378777702,0.0305614758362177,-2.63645392993305,"FAS"
"M26679_at",0.54388960619676,6.3939123580997,2.91454496526738,0.00471848588957647,0.03103144456346,-2.65113425993228,"HOXA5"
"HG4336-HT4606_at",0.317971402163339,8.48228393676532,2.91377515427924,0.0047289098014027,0.031071334538433,-2.6531356620329,NA
"U28042_at",-0.358881584063953,6.89768979145227,-2.91025081451215,0.00477690457521173,0.031291711306469,-2.66229312979898,"DDX10"
"U00952_at",-0.577720607437268,9.27359730114206,-2.91005028928706,0.00477964882481569,0.031291711306469,-2.66281390142853,"PBXIP1"
"U77643_at",0.741766738296779,6.50960396279999,2.90994845848869,0.0047810429680327,0.031291711306469,-2.66307834903452,"SECTM1"
"D14678_at",-0.64583708083702,6.06628552460094,-2.90968328472749,0.00478467516643236,0.031291711306469,-2.66376695283558,"KIFC1"
"U59632_s_at",0.548600004027625,8.22442398007866,2.90968045941858,0.00478471387961242,0.031291711306469,-2.66377428933716,"SEPT5-GP1BB"
"X51420_at",0.508179297115951,6.17346962224477,2.90938337489705,0.00478878623023673,0.031291711306469,-2.66454569962573,"TYRP1"
"X52151_at",0.42844776171335,8.27007525711904,2.90826311250317,0.00480417127731818,0.0313634954542136,-2.66745401578686,"ARSA"
"D86975_at",0.449760687332001,6.34004120477251,2.90711723052681,0.00481995537640199,0.031421829470772,-2.67042792779241,"ZNF516"
"AF007111_at",-0.462067589026597,7.68882187439597,-2.90697470695901,0.00482192193028821,0.031421829470772,-2.67079775503693,"MDM4"
"L36983_at",-1.21990604173368,7.18280757828147,-2.90508377343468,0.00484808342445847,0.0315634582036205,-2.67570308760504,"DNM2"
"X97302_at",0.288839148199035,9.30942558792514,2.90434493120081,0.00485834103084416,0.0315903040462251,-2.67761905717475,"PRR15L"
"L28957_at",0.468984986226854,7.62635110191736,2.90414865490002,0.00486106936999705,0.0315903040462251,-2.67812797716454,"PCYT1A"
"X85545_at",-0.520126366255247,7.47707293668123,-2.90251205829757,0.00488387401272418,0.0316809855362457,-2.68237040983139,"PRKX"
"Z29090_at",-0.445807321859957,7.51150805020026,-2.90250939368118,0.00488391122237817,0.0316809855362457,-2.68237731558505,"PIK3CA"
"X99728_at",0.434853567010729,8.65513541984385,2.90205418680547,0.00489027173595147,0.0316934065505436,-2.6835569790221,"NDUFV3"
"U62317_rna3_at",0.229973669365142,10.8870673283284,2.90162511052876,0.0048962741315665,0.0317034861797798,-2.68466879138459,"CHKB"
"L12392_at",0.272253407947442,9.91759574936406,2.89769371959125,0.00495158824654589,0.0320325522773372,-2.6948496660617,"HTT"
"L06147_at",-0.321633748627306,2.90059596969411,-2.896607136417,0.00496697772172965,0.0320882905684222,-2.69766159575303,"GOLGA2"
"HG982-HT982_s_at",0.427415001250731,8.2305056764322,2.89645003327036,0.00496920645076983,0.0320882905684222,-2.69806808831205,NA
"D55654_at",-0.594272089473403,10.2660427408608,-2.89528521125203,0.004985759897365,0.0321660473378417,-2.70108143328496,"MDH1"
"M55905_at",-0.387901864900238,7.42346059313538,-2.89485632266173,0.00499186769810363,0.0321763334717728,-2.70219070817547,"ME2"
"D26129_at",0.795137510259151,6.59924592916216,2.89351836421939,0.00501096594992151,0.0322702585880672,-2.70565036002272,"RNASE1"
"M68520_at",-0.478057411546271,8.5811545253143,-2.89270893993128,0.00502255251842085,0.0323156831261934,-2.70774272976626,"CDK2"
"D31846_at",0.250975090816304,10.6765729805194,2.89206243599685,0.00503182470044741,0.0323461481420104,-2.70941361582866,"AQP2"
"D50683_at",-0.81258451014793,8.1187544887537,-2.89109126141575,0.00504578300290316,0.0323780096827878,-2.71192305563933,"TGFBR2"
"X80026_at",0.499606482492129,8.02530430784114,2.8910855912021,0.00504586460339139,0.0323780096827878,-2.71193770507174,"BCAM"
"L40391_at",-0.763207799513573,9.23797515089686,-2.88980490641502,0.00506432625887544,0.032467249909643,-2.71524586952161,"TMED10"
"J04056_at",-0.560276965829929,5.71302269556293,-2.88729947350639,0.00510062352202065,0.0326705706096004,-2.7217143490018,"CBR1"
"U09851_s_at",-0.549465203855826,7.77649038212475,-2.88423691506706,0.00514531796975784,0.0329272637400392,-2.72961516453234,"ZNF148"
"M37583_at",-0.537715993331481,10.8042327038298,-2.88080531835645,0.00519582698891315,0.0332206731874097,-2.73846012896202,"H2AZ1"
"S82185_at",-0.411056693100675,6.46244799031106,-2.87926792563259,0.00521860352851343,0.0333364019307995,-2.74242005987273,NA
"U03057_at",1.01563820222355,10.0753334703415,2.87780191970398,0.0052404081718407,0.0334229319713838,-2.74619455416858,"FSCN1"
"U80226_s_at",0.432540355414178,8.36496854318313,2.87772692421496,0.00524152587235336,0.0334229319713838,-2.74638760243884,"ABAT"
"M37457_at",-0.713971553599199,10.1261658906114,-2.87417219181516,0.00529475682957816,0.0337321907400024,-2.75553337037879,"ATP1A3"
"D55716_at",-0.540914949100189,10.151066453074,-2.87244547863841,0.00532079318964264,0.0338555565248188,-2.75997269245967,"MCM7"
"Z29481_at",0.402476380286499,8.91056639548658,2.872258550716,0.00532361886159657,0.0338555565248188,-2.76045315079591,"HAAO"
"J05257_at",-0.927520749023714,7.83086457880296,-2.87038682453926,0.00535198891766258,0.0340056408146315,-2.7652626537188,"DPEP1"
"U68485_at",-0.634847344279596,9.09303286209385,-2.86884906752965,0.00537540112400405,0.0341239845173864,-2.76921214020476,"BIN1"
"HG4332-HT4602_at",0.29222095127275,9.85239829621979,2.86705394226773,0.00540285109889094,0.0342444903814636,-2.7738205081098,NA
"Z18948_at",0.734736458814585,5.90101545267713,2.86680696737932,0.00540663778013864,0.0342444903814636,-2.77445435189148,"S100A3"
"U35407_at",0.232710434892842,6.3721724010885,2.86666637140104,0.00540879452511265,0.0342444903814636,-2.77481516224544,"PEX5"
"Z34975_at",-0.43761439317769,6.1177654714036,-2.86483644234975,0.00543693805865459,0.0343921308075853,-2.77951001122094,"COG2"
"M34516_r_at",0.816167426984132,10.554227808959,2.86320265610525,0.00546217891915253,0.0345211644633319,-2.78369962309854,"IGLC1"
"L09260_at",-0.38429948080203,9.14923151612182,-2.86019712297394,0.0055088944278929,0.0347855698639933,-2.79140191701294,"SEC13"
"S78187_at",-0.775017112531685,8.70056615127138,-2.85829056683863,0.0055387187978621,0.0349355818174573,-2.79628451946187,"CDC25B"
"L35251_rna1_at",0.36869126645598,6.51038085988448,2.85805255945951,0.00554245238259843,0.0349355818174573,-2.79689386339985,"MFAP3"
"Z25521_s_at",-0.495712559429212,9.91395760446153,-2.85633055455068,0.00556953432319205,0.0350752740194666,-2.80130131807353,"CD47"
"AFFX-HUMTFRR/M11507_3_at",0.671081963996766,8.13047661566144,2.85405517424169,0.00560550606383649,0.0352706555420038,-2.80712188647245,"TFRC"
"X99076_rna1_at",1.01516234352581,2.55800431162876,2.85317499307518,0.00561947822697662,0.0353197809033129,-2.80937245486747,"NRGN"
"D14660_at",-0.26643004058552,6.38046153027573,-2.8527016492144,0.00562700542769863,0.0353197809033129,-2.81058253688532,"MRPL19"
"D87446_at",-0.49200461087899,7.85030000790866,-2.85262805199967,0.00562817661750083,0.0353197809033129,-2.81077067043927,"TMEM131"
"L20773_at",-0.288008421646488,9.73703259375529,-2.85044851972123,0.00566296250936216,0.0355068247398794,-2.81634036596146,"ARMCX6"
"X12876_s_at",0.667017685817322,6.0337354795733,2.84762926872189,0.00570825202581955,0.0357593397997079,-2.8235397985047,"KRT18"
"HG67-HT67_f_at",-0.4831116020356,5.94759106029564,-2.84466635113308,0.00575620851793983,0.0360077206439729,-2.83109998321594,NA
"M27749_r_at",-1.44008935777974,5.80062993696304,-2.84455593929469,0.00575800274009386,0.0360077206439729,-2.83138158885341,"IGLL1"
"D87116_at",0.85632692381591,9.21246747881904,2.84422449687319,0.00576339186028776,0.0360098339807112,-2.83222688108797,"MAP2K3"
"U05321_at",-0.327079213431371,5.609748582863,-2.84333924490776,0.00577780846024826,0.0360682981726006,-2.83448419287273,"SLC16A2"
"U41060_at",-0.359050403876795,7.46092082456588,-2.84301460318288,0.00578310366012323,0.0360697690227633,-2.83531185911613,"SLC39A6"
"U45976_at",0.564241488497359,7.56473276428145,2.84219362938013,0.00579651441363259,0.0361023183601021,-2.83740457541214,"PICALM"
"L11373_at",-0.378764860200787,10.1340299956481,-2.84207524346668,0.00579845062734141,0.0361023183601021,-2.83770630909921,"PCDHGC3"
"U33839_at",0.231655607559064,8.62379941313626,2.84116706982382,0.00581332370216912,0.0361421894821717,-2.84002066444624,NA
"U09937_rna1_s_at",0.825897586685732,9.53225104686945,2.84106521993545,0.00581499387516495,0.0361421894821717,-2.84028017801941,"PLAUR"
"D83783_at",-0.847152673252992,8.05050157330634,-2.83768263588787,0.00587071418109754,0.0364567259556136,-2.84889478304828,"MED12"
"U91316_at",-0.777648342329622,6.61472797802172,-2.83716399496141,0.0058793008922443,0.036478273334038,-2.85021490838721,"ACOT7"
"X59434_at",0.410243097397993,8.84353345532378,2.83519305830318,0.0059120375338521,0.0366494918076797,-2.8552298835061,"MPST"
"Z49269_at",0.725099333844708,5.47430260371861,2.83460597432489,0.00592182117016323,0.0366782477168494,-2.85672315851843,"CCL14"
"U78628_at",0.465388036371793,7.55371707877414,2.83286122512182,0.00595098500807334,0.0368268855230511,-2.8611595491318,"LIFR"
"J04130_s_at",0.703805511789716,9.14453567239068,2.83183670627056,0.00596817153558704,0.0368916398412283,-2.86376358540543,"CCL4"
"U33921_at",-0.343050742529006,7.26981237373338,-2.8316208360403,0.00597179862207567,0.0368916398412283,-2.86431217022257,"RBM6"
"X55740_at",-0.658617188992363,6.83353712854763,-2.82830889989413,0.00602770098899071,0.0372047448922206,-2.87272450504727,"NT5E"
"X75252_at",-0.402202983798729,9.79007182078414,-2.8273156643325,0.00604455940279499,0.0372765259364407,-2.87524579324829,"PEBP1"
"Z21507_at",-0.840634746027215,10.6562492940732,-2.8264752866667,0.0060588571632302,0.0373324051138013,-2.87737850442155,"EEF1D"
"M77698_at",-0.6120383811932,8.94788642378142,-2.82463414292865,0.00609029017453993,0.0374936775943827,-2.88204918685312,"YY1"
"X63692_at",-0.449943424144244,9.08440320592915,-2.82317821923069,0.00611525254557314,0.0376148709209585,-2.88574090349481,"DNMT1"
"M14648_at",0.220161203323803,6.2658210265729,2.82219450569871,0.00613217188410878,0.0376864253119065,-2.88823439644694,"ITGAV"
"D17408_s_at",-0.288617081227216,6.10213895558227,-2.82174339927485,0.00613994504737829,0.0377016952995348,-2.88937761721124,"CNN1"
"X12530_s_at",-1.04243909658112,6.86176055905829,-2.81714077035437,0.00621977354832428,0.038137472309618,-2.90103350555714,"MS4A1"
"U50523_at",0.463052061903515,11.0183013698362,2.81703534538103,0.00622161317100375,0.038137472309618,-2.90130030950008,"ARPC2"
"M37104_at",-0.369180450262705,9.57177747268274,-2.81482096081874,0.00626036897679838,0.0383420708209585,-2.90690250702456,"ATP5PF"
"S83366_cds1_at",0.299857597829555,7.30146924250892,2.81235655272846,0.00630376130780278,0.0385746904406232,-2.91313308856807,"LINC01152"
"U67156_at",0.336222861574766,6.75726908633847,2.8118056808543,0.00631349854244402,0.0385817641685215,-2.91452521880399,"MAP3K5"
"L38486_at",0.374713470478051,9.05759259825237,2.81167891769226,0.00631574116771841,0.0385817641685215,-2.91484553607355,"MFAP4"
"U62293_rna1_s_at",-0.719029239138968,6.39578590800015,-2.81009394050726,0.00634384355640503,0.0386897229214484,-2.91884962978066,"LIMK1"
"U43286_at",-0.382931544012973,8.92749488282397,-2.80982481140795,0.00634862673060844,0.0386897229214484,-2.91952934490633,"SEPHS2"
"HG2238-HT2321_s_at",-0.358608304150588,10.2838455962697,-2.80976472853294,0.00634969502287764,0.0386897229214484,-2.91968108367914,NA
"D14889_at",0.280092869294561,8.72572875097387,2.80816216093768,0.00637825016825647,0.0388305255760037,-2.92372739305335,"RAB33A"
"M10014_cds1_at",0.305842098384306,7.2287778865989,2.80516978539828,0.00643188529328608,0.039100003061505,-2.93127785588656,"FGG"
"U81556_at",-0.496289770305511,9.8618585463327,-2.80508097346914,0.00643348346067407,0.039100003061505,-2.93150185037432,"CTDSP2"
"M18391_s_at",0.395315871244752,7.53458834679474,2.80438965643478,0.00644593615447228,0.0391423158817998,-2.93324524131326,"EPHA1"
"L17131_rna1_at",0.506593674854491,11.9326177264275,2.80368794114355,0.00645859877812741,0.039165907194129,-2.93501450204262,"HMGA1"
"HG2649-HT2745_s_at",0.517952911194575,6.42148825441743,2.80356559227238,0.00646080892976514,0.039165907194129,-2.9353229483704,NA
"AF002020_at",-0.319285495730749,7.67371391874832,-2.80183885907654,0.00649207535846209,0.0392797545747955,-2.93967495762821,"NPC1"
"Y00796_at",0.86639781915297,9.1226424482568,2.80168280115854,0.00649490797419894,0.0392797545747955,-2.94006817542818,"ITGAL"
"L27943_at",0.51461243739945,10.0003417535179,2.80144485337572,0.00649922916091665,0.0392797545747955,-2.94066769654714,"CDA"
"X89399_s_at",-0.673242164337889,11.0534030436547,-2.80131278920953,0.00650162861526983,0.0392797545747955,-2.94100042104104,"RASA3"
"M93283_at",0.42547717573408,9.18111596273801,2.80006209292331,0.00652439267715428,0.0393675546052352,-2.9441508195939,"PNLIPRP1"
"J04973_at",-0.55415171077434,8.96416815331136,-2.7999078179729,0.00652720571516173,0.0393675546052352,-2.94453934686056,"UQCRC2"
"L20941_at",0.730196147826106,11.8275946590551,2.79739105136625,0.00657325372876019,0.0396022010255424,-2.95087516180763,"FTH1"
"X54667_s_at",0.305091383724958,9.81043734177461,2.79717499583995,0.00657722065005501,0.0396022010255424,-2.95141885565528,"CST4"
"U19765_at",-0.402146637728458,7.84282685620307,-2.79328682787843,0.00664898649878409,0.0400005272150479,-2.96119747944534,"CNBP"
"U71300_at",-0.215996799167336,7.04644374450882,-2.79192616321575,0.00667427017741975,0.04011877916933,-2.96461692479814,"SNAPC3"
"S45630_at",0.406525038030233,8.21045948587788,2.78996907943728,0.00671079111538408,0.0403043217030944,-2.96953286181827,"CRYAB"
"L22524_s_at",0.269871196306571,6.71574654614582,2.78919590720911,0.00672526964688349,0.0403572788826872,-2.9714742041126,"MMP7"
"Y10207_at",-0.907824096791574,7.15021441118096,-2.78730887906873,0.00676072677697233,0.0405359303557912,-2.97621048542014,NA
"U29607_at",-0.332515384087229,12.2094187503214,-2.78668444901034,0.00677249747479068,0.0405723819309099,-2.97777718375343,NA
"U66359_at",-0.610144754234869,5.40224804078599,-2.78578876875058,0.00678941413693605,0.040639574628226,-2.98002395667955,"GPKOW"
"Z68228_s_at",-0.926132330229624,10.5209171039857,-2.78539411315318,0.00679688026591464,0.0406501337380079,-2.98101374753431,"JUP"
"L37199_at",0.740447600684541,7.06578995094274,2.78501479021292,0.00680406342541614,0.0406589842077047,-2.98196497782942,"NOP14"
"X07730_at",0.71765960983061,8.25999844566254,2.77858254581655,0.00692693410660025,0.041358553807331,-2.99807925674278,"KLK3"
"D80010_at",-0.496449770214559,7.10048102279118,-2.77643484016728,0.00696841101790385,0.0415713825494866,-3.00345307199175,"LPIN1"
"X06272_at",0.32623321973826,8.1285792565878,2.77548239901362,0.00698687749955496,0.0416466970688355,-3.00583512032992,"SRPRA"
"U89336_cds8_at",0.542386807645849,7.73967326330248,2.77478454622422,0.00700043633127404,0.0416926571475795,-3.00758002647466,"PRRT1"
"U58681_at",0.584019399911714,8.95363776377505,2.77306536208212,0.00703394191191407,0.0418572386394286,-3.01187715165586,"NEUROD2"
"U61734_s_at",0.484148380688961,9.3814820207787,2.77078351651668,0.00707864029465775,0.0420675196859682,-3.01757733691375,"TMED10"
"U95626_rna3_at",0.226619493362814,6.25092561169796,2.77065931952712,0.00708108060361366,0.0420675196859682,-3.01788747963882,"CCR5"
"D49677_at",-0.417038226152994,3.6539575404218,-2.77017284052005,0.00709064670631168,0.042089275911154,-3.01910219909766,"ZRSR2"
"S62027_s_at",0.225332858840081,6.11031934168851,2.7692229134354,0.00710936017204566,0.0421652484746369,-3.02147363413469,"GNGT1"
"U24183_s_at",-0.77084761264652,6.25761363556472,-2.76887183140449,0.00711628789546375,0.0421712522084464,-3.02234992277818,"PFKM"
"U90313_at",0.338982677076588,10.1399294547947,2.76607834123747,0.00717163117513285,0.0424514045848437,-3.02931917990231,"GSTO1"
"L33243_at",-1.07508283307522,7.41706252314155,-2.76588518788724,0.00717547236986066,0.0424514045848437,-3.02980085281001,"PKD1"
"U43916_s_at",0.724476589110514,6.30917221431883,2.76339273776261,0.00722520846534907,0.042710208249978,-3.03601391972376,"EMP1"
"HG174-HT174_at",0.348831416008702,6.10020015978648,2.75812337263405,0.00733139789906686,0.0433020179142068,-3.04913424603669,NA
"U15642_s_at",-0.323358622424638,7.30781408881278,-2.7574667255521,0.00734473045064229,0.0433378970198995,-3.05076782897339,"E2F5"
"U60666_at",0.50139509698288,7.46741652984758,2.75690548430962,0.00735614347289906,0.0433378970198995,-3.05216381526558,"DNAAF11"
"D86973_at",-0.879828994470842,8.2627952073002,-2.75690437720717,0.00735616600222083,0.0433378970198995,-3.05216656875587,"GCN1"
"Y00339_s_at",1.03842454922802,6.87291338115775,2.75662816059901,0.00736178893128045,0.0433378970198995,-3.05285352306734,"CA2"
"M15169_at",0.379806870803662,6.89370517746683,2.75604939303824,0.00737358363783004,0.0433715162987544,-3.05429274493115,"ADRB2"
"M83772_at",0.22182439348264,5.49213665075433,2.7550635979999,0.00739371298908691,0.0434540642202808,-3.05674355938693,"FMO3"
"U18242_at",-0.471033501702566,8.69275379365661,-2.75457927933313,0.00740362090483342,0.0434764525787129,-3.0579473785139,"CAMLG"
"U59914_at",0.237876545110312,6.63077405591628,2.75368176101236,0.0074220139577387,0.0435485905388636,-3.06017779094265,"SMAD6"
"X84908_at",-0.315887147541407,7.05453209230149,-2.75165799506546,0.00746364103340663,0.0437568231308847,-3.06520486889468,"PHKB"
"J04182_at",0.519279320210551,10.094986423661,2.75107271796396,0.00747571943429625,0.0437916218957255,-3.06665815183307,"LAMP1"
"L25080_at",-0.3397730466111,12.3222324291136,-2.74817232594292,0.00753583938467947,0.0441075525233005,-3.07385632764561,"RHOA"
"X77548_at",0.601563696564204,9.02411654496537,2.74694919552435,0.00756132505025956,0.0442204153267436,-3.07689004134572,"NCOA4"
"Z32684_at",0.44232099687787,6.60066787053529,2.73990715394801,0.00770959614136237,0.0450505826981741,-3.09433502154776,"XK"
"X15573_at",-1.83256263515583,4.01326921533032,-2.73882448121332,0.00773262633502155,0.045138639308235,-3.09701386402814,"PFKL"
"HG363-HT363_at",0.635236400735309,8.86150483857872,2.73860377468676,0.00773732883078457,0.045138639308235,-3.09755984978797,NA
"U72661_at",1.16222627797892,6.5587123232039,2.73816570474366,0.00774667033926018,0.0451561838500293,-3.09864344533067,"NINJ1"
"Y08837_at",-0.296953707611558,5.97703517009405,-2.73639112666911,0.00778461746362246,0.0453403087403305,-3.10303154461424,"XRCC2"
"L14856_at",0.322018010621505,9.33823032323617,2.7358919461785,0.00779532239714458,0.0453655945871377,-3.10426548024789,"SSTR4"
"AC002477_s_at",-0.291466272751169,9.01601350870637,-2.73534845162966,0.00780699294880293,0.0453964541044177,-3.1056087490107,"RNF113A"
"U14417_at",0.558758516381124,9.22242536514175,2.7343138664405,0.00782925292895027,0.0454887890224014,-3.10816516937727,"RALGDS"
"D38081_at",-0.611107922472626,7.2275871117587,-2.73234451998946,0.00787178550402672,0.0456986635653147,-3.11302917881827,"TBXA2R"
"D86969_at",-0.399407419735841,6.8715182860564,-2.7301138730312,0.00792021649056676,0.0459230922546775,-3.11853512562811,"JADE3"
"X52005_at",0.476317255578346,6.6479066230234,2.72976286512048,0.0079278621953555,0.0459230922546775,-3.11940119222143,"MYL4"
"U85946_at",-0.279779419059462,7.71234688589979,-2.7295326222073,0.00793288104239548,0.0459230922546775,-3.11996923767163,"EXOC5"
"U07550_at",-0.616222585372705,8.3805214005934,-2.72937992241091,0.0079362112018183,0.0459230922546775,-3.12034595059379,"HSPE1"
"U50534_at",0.280359823352478,6.55760734317863,2.72826581857766,0.00796054686963028,0.0460265520142695,-3.12309394484817,"FRY"
"S82075_at",-0.460218918612757,5.01439020659468,-2.72706615545035,0.00798682766556852,0.0461410813839854,-3.12605195590842,NA
"D50927_at",-0.448223912034083,7.99149435144216,-2.72662947162972,0.00799641368126026,0.0461590551689914,-3.12712842529201,"TLK1"
"HG3517-HT3711_at",0.485042598032236,6.97460082648229,2.7224836392475,0.00808794741927648,0.0466222394337316,-3.13734133476125,NA
"X85373_at",-0.55642741270815,8.89220882850056,-2.72240316921028,0.00808973350813943,0.0466222394337316,-3.13753944088775,"SNRPG"
"U57796_at",0.24621386129806,6.70274050658168,2.72197552645341,0.0080992313854665,0.0466392734628358,-3.13859215841855,"ZKSCAN8"
"U81607_at",-0.712838805054495,6.92152346399071,-2.72124370678787,0.00811550861710079,0.0466952872730521,-3.14039334855756,"AKAP12"
"U02570_at",0.416040457971379,9.87305396920097,2.71888278934546,0.00816822436236066,0.0469585842192964,-3.14620146680354,"ARHGAP1"
"U27831_at",0.342539474606285,9.25800559338091,2.71835132556354,0.00818013419241081,0.0469585842192964,-3.14750836079862,"PTPN5"
"M64108_at",0.556842950550541,8.60244669330732,2.71809910709938,0.00818579182567244,0.0469585842192964,-3.14812850489342,"COL14A1"
"K03515_at",0.4400764825122,10.9438054485306,2.71801778321469,0.00818761680243869,0.0469585842192964,-3.14832845063656,"GPI"
"D90070_s_at",-0.765890667100336,7.69579449328912,-2.71735671023223,0.00820246563159819,0.0470059304563211,-3.14995360707006,"PMAIP1"
"U07563_cds1_at",-0.826403065266712,6.14106892775487,-2.71634463155726,0.00822524629799278,0.0470986191633659,-3.15244103889582,"EXOSC2"
"HG2261-HT2351_s_at",0.282946721762641,6.91091295710426,2.7152569798189,0.00824979241598388,0.0471877646928638,-3.15511336898497,NA
"D79206_s_at",0.41761783997662,9.48465623956684,2.71506849991624,0.00825405282255592,0.0471877646928638,-3.15557637026866,"SDC4"
"X02761_s_at",0.317511531844033,5.07811295065624,2.71460229527254,0.00826459956065191,0.0472102005351662,-3.15672149053005,"FN1"
"M37033_at",-0.382201828014763,11.5365395114916,-2.71202082805917,0.0083232219496324,0.0474650938387916,-3.16305934857117,"CD53"
"U04241_at",-0.415455246681365,11.7985472358613,-2.71197223421414,0.00832432909550722,0.0474650938387916,-3.16317860605736,"TLE5"
"Z30644_at",0.566419670513936,10.1719323156035,2.71175872664677,0.00832919517356268,0.0474650938387916,-3.16370256898449,"CLCNKB"
"X07834_at",0.505107992229024,6.9442316301726,2.71140687205651,0.00833722000217652,0.0474728765139907,-3.16456597211949,"SOD2"
"S78467_s_at",0.260255655675533,6.85969712998904,2.70958931383102,0.00837878597689308,0.0476714806299049,-3.16902455798118,"PIGAP1"
"U73377_at",0.651954534851986,7.65205723830923,2.7072327813926,0.00843295941410075,0.047941441517643,-3.17480165365798,"SHC1"
"L20469_s_at",0.654531326680636,6.29534478922417,2.70633947582344,0.00845357869666493,0.0480203685486249,-3.17699054242298,"DRD3"
"D86976_at",-0.544843510010013,10.062278737528,-2.70572874757967,0.00846770199649583,0.048062298991257,-3.1784866859319,"ARHGAP45"
"L38593_s_at",0.666845185345171,7.01214908173495,2.70442776668431,0.00849785943799931,0.0481950993902125,-3.18167287126145,"SLC11A1"
"U59309_at",-0.518041452878692,8.22965258972452,-2.70288746002747,0.00853369126535215,0.0483598450164511,-3.18544356459421,"FH"
"M31642_at",-0.478148309963272,9.26883722919611,-2.70169475194893,0.00856153161699587,0.0484790777581919,-3.1883621274493,"HPRT1"
"HG2724-HT2820_at",1.5728952791229,5.81942377421805,2.70068388406582,0.00858519227751113,0.0485744728145848,-3.19083490338358,NA
"U71207_at",0.251772198136472,6.34589968961215,2.6990500591805,0.00862356018954976,0.048708122528352,-3.19482995419275,"EYA2"
"X79483_at",0.819727453882412,5.87970787563968,2.69893532962403,0.00862626030833762,0.048708122528352,-3.19511041830612,"MAPK12"
"M60750_f_at",-0.81189747163222,9.56256156648583,-2.69880573965644,0.00862931108897581,0.048708122528352,-3.19542719798799,"H2BC8"
"X91648_at",-0.279373206289216,6.62854905611639,-2.69826112668666,0.00864214301829097,0.0487321014660418,-3.19675835605382,"PURA"
"M23533_at",-0.698568239524318,4.87204352942127,-2.69804539525124,0.00864723079738293,0.0487321014660418,-3.19728559213736,"ADRA2A"
"D85418_at",-0.703857029534075,5.82248563027016,-2.69582778455195,0.00869968921171582,0.0489890082072054,-3.20270331831773,"PIGC"
"U55853_at",0.280121007165203,7.36532122624083,2.69292226365222,0.00876885960862643,0.0493395423440393,-3.20979613388888,"GOLIM4"
"M19311_s_at",-0.491204383577852,11.9176236887629,-2.69228569604863,0.00878408088891841,0.0493862087201099,-3.21134925703144,"CALM2"
"X99325_at",-0.803676607199039,8.54479202442148,-2.68904594786617,0.00886192203519474,0.0497845880133201,-3.21924907389047,"STK25"
"U32576_rna1_at",-0.941834054488712,6.16286386206139,-2.68770077863103,0.00889442664054059,0.0499278484412708,-3.22252685593514,"APOC2"
"X75917_at",0.229133546134562,5.13899184668695,2.68680564603098,0.0089161167596572,0.050010225318329,-3.2247072877745,NA
"L34657_at",0.749557140338952,7.57323509634577,2.68547360217595,0.00894848301026191,0.0501501915292249,-3.22795088140134,"PECAM1"
"U03688_at",0.261935624659866,6.4930854819101,2.68520017170976,0.00895514010614439,0.0501501915292249,-3.22861653554347,"CYP1B1"
"U63825_at",-0.681948569409611,9.25316714063322,-2.68473417455744,0.00896649594284851,0.0501743717241499,-3.22975085682453,"CCDC85B"
"M22976_at",-0.391888652170454,8.6179012298507,-2.68226687876809,0.00902684019256233,0.0504724264570799,-3.23575401623299,"CYB5A"
"D43638_at",0.497562265911428,7.36188394436097,2.68151317134724,0.00904534775139945,0.0505362728211024,-3.23758695555878,"RUNX1T1"
"X70649_at",-0.555795527135786,7.33356463493135,-2.67935231614273,0.00909860013927628,0.0507626714704361,-3.24283959676759,"DDX1"
"U47686_s_at",-0.375052317929705,7.54006167632143,-2.67929116124713,0.00910011139559789,0.0507626714704361,-3.24298820261414,"STAT5B"
"M29540_at",-0.436705478808307,6.23473979496603,-2.67710544742175,0.00915427499797847,0.0510248838628527,-3.24829764381238,"CEACAM5"
"X78925_at",0.560557551692487,7.8275763509982,2.67578184199079,0.00918721750473142,0.0511684949931487,-3.25151116330724,"ZNF267"
"X02160_at",-0.65119617544826,7.57182279135483,-2.67423559226989,0.00922583800281823,0.0513028880234735,-3.25526358147782,"INSR"
"U58682_at",-0.368413997528096,13.3897729870263,-2.67403452377483,0.00923087091531665,0.0513028880234735,-3.25575140123526,"RPS28"
"M30894_at",0.912876676693035,8.8076721625963,2.67395202532132,0.0092329366438654,0.0513028880234735,-3.25595154510694,"TARP"
"M90391_s_at",-0.533381447462167,6.83737741190429,-2.67288546944402,0.00925968070825274,0.0514114203809453,-3.25853858797767,"IL16"
"X53331_at",0.313051873377431,8.34458426155627,2.6719004334735,0.00928444328735084,0.0514936780952049,-3.26092714438021,"MGP"
"L13977_at",0.701790942954108,7.27998716739284,2.67172172104168,0.0092889423524244,0.0514936780952049,-3.26136041641429,"PRCP"
"U03494_at",-0.68093813878487,7.99781827437399,-2.67013266626913,0.00932903400854896,0.0516757447140214,-3.26521189031387,"TFCP2"
"M23379_at",-0.571860765766589,7.6005946270239,-2.66975869837132,0.00933849204406135,0.0516879734333178,-3.26611802247374,"RASA1"
"L24783_at",-0.527742869763221,8.82314528229807,-2.66751408719017,0.00939544426397592,0.0519628566003758,-3.27155457581046,"RFC1"
"X12492_at",0.365436655636453,9.00765300634806,2.66690600275785,0.00941092744384914,0.0520081408893028,-3.27302673909822,"NFIC"
"M84739_at",0.761600209605357,10.7925521775959,2.66650250799408,0.00942121413128966,0.0520246595987328,-3.27400344190752,"CALR"
"M87507_s_at",0.350232004254148,6.78764682371578,2.66554830387301,0.00944558132378425,0.0521188461743482,-3.27631271401518,"CASP1"
"M33308_at",0.482933934164084,8.85580980333238,2.66336175062597,0.0095016350702705,0.052387591969032,-3.28160183998596,"VCL"
"M65131_rna1_at",-0.232031005458415,7.68697350100482,-2.66293862957098,0.00951251695427736,0.0524070582434647,-3.28262493013457,"MMUT"
"X14448_at",0.326003852210933,9.81962555037443,2.66237236400414,0.0095270979932074,0.0524468583734174,-3.28399392934177,"GLA"
"U67122_s_at",-0.524185903342536,9.04186535740261,-2.66177321561075,0.00954254788886465,0.0524913764658303,-3.28544216559251,"SUMO1"
"X54199_s_at",-0.519690365723764,6.39502880380052,-2.66056985850131,0.0095736470644469,0.0526218426541572,-3.28835006120571,"GART"
"Z79581_at",0.469762164393656,6.65497310816469,2.65957724801697,0.00959936914659201,0.0527225752280851,-3.29074787791596,"BCL6"
"D79992_at",-0.306331227260367,8.49616241227907,-2.65786363878366,0.00964392289006333,0.0529011706586108,-3.29488565837587,"MDC1"
"D38751_at",-0.52436552060951,4.46696542782337,-2.65775600192436,0.00964672771162772,0.0529011706586108,-3.29514549147379,"KIF22"
"X91992_at",-0.335107173411722,6.2688309571347,-2.65473346119342,0.00972579327140736,0.0532761788042573,-3.3024383106081,"ALKBH1"
"M95809_at",-0.438147217394441,7.01599024185116,-2.65433465474787,0.00973626940485954,0.0532761788042573,-3.30340004589545,"GTF2H1"
"U66052_at",0.274564399986426,8.70497692413073,2.65428664130581,0.00973753134828829,0.0532761788042573,-3.30351582393277,"EOLA1-DT"
"U90913_at",-0.714429258135597,4.69991597611587,-2.65399339528866,0.00974524200014672,0.0532774771618451,-3.30422291038728,"TAX1BP3"
"D59253_at",-0.4471027142994,6.99309185057857,-2.65315777677369,0.0097672443362559,0.053356846646106,-3.30623743477658,"NCBP2"
"J04164_at",-1.78929008455348,9.65155876585069,-2.65233612885306,0.00978892285813197,0.053434326995117,-3.30821777012496,"IFITM1"
"Z18954_at",0.455145456652791,7.69281109183584,2.6511003416885,0.00982161051358924,0.0535717378357901,-3.31119531401446,"S100A5"
"D31890_at",-0.321763292087315,10.4099081966754,-2.64889823082643,0.00988010438313743,0.0538495903267483,-3.31649831971237,"KARS1"
"M92432_at",0.74066157153807,5.14374384669971,2.64796136930184,0.00990508579183323,0.0539445046676693,-3.31875332052253,"GUCY2D"
"J04611_at",-0.773375037964156,9.65161193607396,-2.64506514071966,0.00998267728859795,0.0543255773972632,-3.32572031508011,"XRCC6"
"L40357_at",-0.581962712432226,8.97820452759526,-2.64376059105775,0.0100178069962914,0.0544751686320071,-3.32885641214522,"HMGN3"
"D61391_at",-0.892256839082418,6.3268686150671,-2.6432556763552,0.0100314337784564,0.0545076916208958,-3.33006986964793,"PRPSAP1"
"S78723_rna2_at",0.307576218938258,6.5848051795372,2.64244958449984,0.0100532237337872,0.0545492878800865,-3.3320067483384,"HTR2A"
"J02902_at",-0.358590929099933,10.7848744808201,-2.64240306957047,0.0100544824185733,0.0545492878800865,-3.33211849963605,"PPP2R1A"
"AF000231_at",-0.418835849453908,6.8969611664224,-2.64212373149204,0.0100620442645972,0.0545492878800865,-3.33278957037499,"RAB11A"
"AC002077_at",-0.562206311395427,4.82554005507727,-2.64127863821302,0.0100849529162071,0.0546282472023626,-3.33481943330684,"GNAT1"
"L40392_at",-0.324557450202889,9.09716310604481,-2.6410214338361,0.0100919345722418,0.0546282472023626,-3.33543711652379,"RBM25"
"L05147_at",0.407374731586422,5.14828701505978,2.63829325352237,0.010166260180184,0.054988823083863,-3.34198586492775,"DUSP3"
"HG274-HT274_s_at",0.777831954690953,7.84909756292415,2.63714161916495,0.0101977839170464,0.0550322496537628,-3.34474858468926,NA
"X89267_at",0.356025404028914,11.3137265034575,2.63690846621898,0.0102041768213093,0.0550322496537628,-3.34530778729585,"UROD"
"X96969_at",0.332038981959277,8.93545976678211,2.6367290015617,0.010209100106564,0.0550322496537628,-3.34573819418637,"SLC14A2"
"D87465_at",-0.777813107245505,7.97209872316723,-2.63668147634444,0.0102104042354669,0.0550322496537628,-3.34585216902574,"SPOCK2"
"HG1148-HT1148_at",-0.330006639664787,5.19415690516781,-2.63659104061175,0.0102128862802536,0.0550322496537628,-3.3460690470642,NA
"AF000424_s_at",1.46665372461022,9.14483856794124,2.63529123090672,0.0102486206775874,0.0551830942677647,-3.3491855025026,"LST1"
"AB000466_at",-0.317515331122556,3.2674080411681,-2.63490571571933,0.0102592410859952,0.0551985884543848,-3.35010957957907,"NOP14-AS1"
"HG358-HT358_at",0.27130728277751,9.06285876835214,2.63404750503814,0.0102829195044731,0.0552842633087399,-3.35216630412544,NA
"M84332_at",0.278617406985987,11.6838387748488,2.6337179756039,0.0102920245503996,0.0552915169704586,-3.3529558833601,"ARF1"
"U07231_at",-0.342384913267057,6.64917204656207,-2.63304216580537,0.0103107203883964,0.0553502452175284,-3.35457492363824,"GRSF1"
"Z29572_at",-0.35226468713108,7.06896249923856,-2.62971699161993,0.0104031591641551,0.0558044557421082,-3.36253606648849,NA
"Y07595_at",-0.692374652271781,5.56599525676493,-2.62879057159903,0.0104290470347331,0.055836704918663,-3.36475262632773,"GTF2H4"
"HG4334-HT4604_s_at",0.605898903665959,7.69470150833377,2.62870981204522,0.0104313065481141,0.055836704918663,-3.36494582174093,NA
"L09604_at",0.606905621848316,11.2635673179043,2.62866115477558,0.0104326681093644,0.055836704918663,-3.36506221874867,"PLP2"
"U67319_at",-0.273284488333223,7.4011322050307,-2.62665416383511,0.0104889698949052,0.056095923766526,-3.36986175587523,"CASP7"
"U91327_at",-0.567139497380969,8.77422551338215,-2.62460265707387,0.0105468054140791,0.0563629503725409,-3.37476462168327,"CCT2"
"U80017_rna2_at",0.542650535918127,7.16364537142639,2.62255279241663,0.0106048836009515,0.0566308728023847,-3.37966040429827,"NAIP"
"U72649_at",-0.537746342556574,10.8348133962047,-2.62093506522613,0.0106509229192368,0.0567980899463722,-3.38352186374615,"BTG2"
"S75213_s_at",0.25352265236805,9.67933982282267,2.62089267980676,0.0106521316114882,0.0567980899463722,-3.38362300983685,"PDE4A"
"X65614_at",0.545696930679897,8.28211702677006,2.62016423672787,0.0106729238642035,0.0568664231897661,-3.38536111273551,"S100P"
"D29958_at",-0.557201628753763,5.61913401240862,-2.61912656769443,0.010702606078008,0.0569530574017095,-3.38783635554696,"EXOSC7"
"D38251_s_at",-0.595550651522883,9.06082813670958,-2.61903735122244,0.0107051615820298,0.0569530574017095,-3.38804913359493,"POLR2E"
"D86062_s_at",-0.702283047134381,5.38868406336434,-2.61845811112596,0.0107217667238166,0.0569988627696409,-3.38943045454928,"LOC102724023"
"U19977_at",0.311824147103346,8.70486392905066,2.61672355120843,0.0107716314107232,0.0572212819128508,-3.39356537081481,"CPA2"
"HG3454-HT3647_at",0.327323772398003,8.66015875430641,2.61525386166305,0.0108140462174731,0.0574038238900712,-3.3970671057454,NA
"M22632_at",-0.93309696794963,6.60257789628414,-2.6128470662533,0.010883832907306,0.057657740810202,-3.40279811000953,"GOT2"
"U13695_at",-0.491408355083468,8.01925724071013,-2.61281103233033,0.0108848808320283,0.057657740810202,-3.40288387998408,"PMS1"
"X97160_rna1_at",0.27537234382357,8.94686636911653,2.61276760820914,0.0108861437972411,0.057657740810202,-3.40298723922532,"TFE3"
"D43951_at",-0.439456472060611,8.9120879502845,-2.60760052313835,0.0110373776411077,0.0584139596202174,-3.41527592693279,"PUM1"
"D23662_at",-0.331507721061987,10.6046862669354,-2.60729062905189,0.0110465080976279,0.0584139596202174,-3.41601229680479,"NEDD8"
"S77763_at",0.631983149019151,8.53455147248181,2.60705333312674,0.0110535042120456,0.0584139596202174,-3.41657611006715,"NFE2"
"X83573_at",0.525853832228313,7.95860392764957,2.6063593997494,0.0110739862670849,0.0584788504429988,-3.41822464663353,"ARSL"
"M19878_at",0.521714654224517,7.08343354502083,2.6033982879884,0.0111617732800047,0.058898802156294,-3.4252551021735,"CALB1"
"X06290_at",0.234662988270844,6.59709564900794,2.60227721845288,0.0111951734922099,0.0590313549008612,-3.42791508812484,"LPA"
"L07515_at",-0.473414208493728,7.02314396896303,-2.5998141178585,0.0112688753953751,0.0593648736090121,-3.43375600718385,"CBX5"
"Z48482_at",-0.28864827458696,3.62147574777012,-2.59960745830108,0.0112750790947682,0.0593648736090121,-3.43424586478059,"MMP15"
"L76159_at",-0.432012925168987,8.24062527765699,-2.59869350579523,0.0113025520954476,0.0594196825543546,-3.4364118745775,"FRG1"
"AC002464_at",-0.537768695115729,6.02947370912053,-2.59863325637127,0.0113043652951571,0.0594196825543546,-3.43655463973896,"SLC22A16"
"HG3484-HT3678_s_at",-0.674143241190468,9.19205372556135,-2.59842968677212,0.011310493649356,0.0594196825543546,-3.43703699164058,NA
"X60486_at",-1.10939135605966,9.63498580592286,-2.59796097443319,0.0113246154300319,0.0594500614143572,-3.438147472051,"H4C3"
"X64330_at",-0.336465533997416,9.57568333020561,-2.59569724452899,0.0113930442291866,0.0597652776378742,-3.44350839788768,"ACLY"
"M57730_at",-0.654341909273263,5.00391270817175,-2.59537416205211,0.0114028409608187,0.0597726861835857,-3.44427320029547,"EFNA1"
"HG2815-HT2931_s_at",-0.569500445462216,10.6377415140822,-2.59325978611805,0.0114671431383865,0.0600655866521362,-3.44927641260656,NA
"X73358_s_at",-0.494528549335122,10.3984631736506,-2.59211723017435,0.0115020269469578,0.0602040749668593,-3.45197861618636,"TLE5"
"S63912_at",-0.419129083378165,8.54318871313482,-2.5914836631919,0.0115214120152747,0.0602612958597899,-3.45347660898218,"HNRNPA3P1"
"HG2028-HT2082_at",0.311662674021278,8.49362249344991,2.59102030643993,0.0115356079357717,0.0602913115646015,-3.45457196788325,NA
"Y07759_at",0.275991838557736,6.10805453458548,2.59021538418435,0.0115603061041006,0.0603761334916725,-3.45647438918548,"MYO5A"
"M11353_at",-0.25542026135834,13.4407589326805,-2.5890051676298,0.0115975304143157,0.0605262037508468,-3.45933379426236,"H3-3A"
"D11139_at",0.398855493039937,6.13365250938865,2.5886658263421,0.0116079874692471,0.0605364613520577,-3.46013536428034,"TIMP1"
"U49869_rna1_at",-0.321394532911079,13.7856402849045,-2.58824281924134,0.0116210347017916,0.0605602020387955,-3.46113444217401,"UBB"
"S81914_at",1.08568561871195,6.91514358985748,2.5870445307125,0.0116580668276988,0.0606477562198849,-3.46396388025364,"IER3"
"L03785_at",0.319881285020815,8.7666604574027,2.58704194091937,0.0116581469787,0.0606477562198849,-3.46396999418013,"MYL5"
"U77949_at",-0.314346072342703,6.07491546817576,-2.58687362445835,0.011663357241894,0.0606477562198849,-3.46436734107515,"CDC6"
"X90846_s_at",-0.219170222275175,1.65068347962538,-2.58551632451698,0.0117054497808551,0.06078092258656,-3.46757075265995,"MAP3K10"
"M83186_at",0.55908722356375,6.07734182331589,2.58540091959844,0.0117090350495451,0.06078092258656,-3.46784305950612,"COX7A1"
"U22322_s_at",0.188845375146318,6.33092468462974,2.58502504250619,0.0117207192636166,0.06078092258656,-3.46872990066379,"FRK"
"D64158_at",-0.293079327632195,8.15865044967803,-2.58486270687945,0.01172576876132,0.06078092258656,-3.46911288083279,"TXNDC9"
"HG2441-HT2537_s_at",-0.316518433718411,7.44154976393148,-2.58467543920183,0.011731596223749,0.06078092258656,-3.46955465557614,NA
"M24486_s_at",-0.584355164879908,6.59229370226193,-2.58290137548322,0.0117869323566843,0.0610232685336256,-3.47373845078737,"P4HA1"
"D26599_at",-0.331774539085552,10.728890965777,-2.58236766947161,0.0118036257375719,0.061065346794739,-3.47499662908001,"PSMB2"
"L37112_at",0.309507613664431,10.2567277941907,2.58168772373645,0.0118249242311787,0.0611311710254335,-3.47659924546175,"AVPR1B"
"D43949_at",-0.323407431302956,9.35682970596283,-2.57576466645926,0.0120119330996008,0.0620529500485901,-3.49054492033482,"CMTR1"
"D83735_at",1.63447738125451,8.10032027930781,2.57416087913826,0.0120630277297993,0.0622717774697603,-3.49431641203294,"CNN2"
"Y00978_at",-0.265363158865219,6.9223345526397,-2.57232581453727,0.0121217316450065,0.062477754340098,-3.49862938255363,"DLAT"
"X53390_s_at",-0.342649941512189,9.44049372997268,-2.5722403742852,0.0121244711719286,0.062477754340098,-3.49883013129496,"UBTF"
"M16750_s_at",0.936224005971987,8.87449041782329,2.57209229789977,0.0121292203684522,0.062477754340098,-3.49917803553065,"PIM1"
"D84145_at",0.39543113597553,7.18366205033587,2.56884717787524,0.0122337231558096,0.0629705504532612,-3.50679823368806,"DCTN6"
"L14787_at",-0.345607252460844,7.46339668792508,-2.56796256792427,0.0122623511559876,0.0630380907562176,-3.50887408812535,"ZXDA"
"Y08200_at",0.202412260095187,10.4056862722091,2.56789532855313,0.0122645296505644,0.0630380907562176,-3.50903184988187,"RABGGTA"
"Z29678_at",0.394754646225758,8.47851251374241,2.56537425749311,0.0123464629884867,0.0634134975827964,-3.51494448296,"MITF"
"Z38133_s_at",0.303014241342947,6.82763501765639,2.56478381234945,0.0123657234767934,0.0634666973837724,-3.51632854691416,"MYH8"
"S75256_s_at",0.841579802517407,7.07136982925314,2.56171906915224,0.0124661332736211,0.0639360173436295,-3.5235083559765,"LCN2"
"Z48804_at",-0.662529987715913,5.94865906082437,-2.55864607184738,0.0125675526902667,0.0643868968135638,-3.53070032065496,"GPR143"
"HG4167-HT4437_at",0.291740286296395,8.50819480777987,2.55850856262084,0.0125721083412093,0.0643868968135638,-3.53102197558521,NA
"J05500_at",0.506503216327067,8.41921292483078,2.5575458473727,0.0126040446985944,0.0645041167668912,-3.53327350893687,"SPTB"
"X04602_s_at",0.56953284861759,6.69051161863808,2.55617841587762,0.0126495327784916,0.06469047286791,-3.53647035101904,"IL6"
"U79253_at",0.916145947710697,6.05666400175722,2.55507141217889,0.0126864661992439,0.0648328441106882,-3.53905730929807,"DMAC2L"
"M84605_at",0.193952282016073,6.87350803173328,2.55427266509974,0.0127131755913535,0.0649227999933803,-3.54092332194042,NA
"D29012_at",-0.258496105717777,10.685006424836,-2.55341251082527,0.0127419951712665,0.0650157034410454,-3.54293224837347,"PSMB6"
"Z11518_s_at",-0.301342318413838,7.08128318519589,-2.55318559881904,0.0127496077164513,0.0650157034410454,-3.54346211681687,"HARS1"
"Z48501_s_at",0.372961943279371,12.89058874623,2.5466982794549,0.0129689918633351,0.0660555101286258,-3.55859421290993,"PABPC1"
"U79254_at",-0.625214854232324,8.7818252539605,-2.5466086753524,0.0129720457539734,0.0660555101286258,-3.55880299534563,"NARS1"
"HG960-HT960_at",0.250466171140269,8.76425950028858,2.54510828378743,0.0130232786880456,0.0662690605046945,-3.56229807808362,NA
"M76732_s_at",0.836936311752311,5.14476138813112,2.54479578629039,0.0130339722976885,0.0662761686948799,-3.56302580803114,"MSX1"
"M12886_at",-1.5410717565795,8.96117427454715,-2.54423649337557,0.0130531309898007,0.0663262799902274,-3.56432807760871,"TRBV7-2"
"L07548_at",0.368435256743297,8.41216146317405,2.54321552765593,0.0130881699338606,0.066456954030265,-3.56670469945908,"ACY1"
"D31764_at",-1.66507273401593,5.19039106044911,-2.54286113703513,0.0131003522429177,0.0664714670033883,-3.56752946985245,"SNX17"
"L49219_f_at",-0.32125569640038,7.19963601485279,-2.5418082164726,0.0131366071658153,0.0665219421456427,-3.56997935683306,"RB1"
"M17316_at",0.733273820072608,6.01759123047119,2.54178442996884,0.0131374272446858,0.0665219421456427,-3.57003469238128,"CRYGA"
"X78549_at",0.841529348463991,7.51265331765356,2.54175930483536,0.013138293525188,0.0665219421456427,-3.57009314157049,"PTK6"
"D63940_s_at",0.47952177971639,6.6996753301084,2.53578130542033,0.0133458778708992,0.0675250272119521,-3.58398617599148,"MXI1"
"D63486_at",-0.602203510852735,8.69065289764654,-2.5346875458413,0.0133841769538,0.0676587875177328,-3.5865251432863,"MLEC"
"X66079_at",-0.584737688585632,9.5633097301462,-2.53448454860916,0.0133912960004939,0.0676587875177328,-3.58699626427838,"SPIB"
"D86972_at",-0.314346389409547,8.36103442817022,-2.53349227004805,0.01342614405544,0.0677868137190024,-3.58929871470819,"TATDN2"
"U72514_at",-0.528969059733682,6.46715341274677,-2.5314421405696,0.0134984021636725,0.068103403414594,-3.59405337850664,"EMG1"
"L11372_at",0.424230251737844,6.6643804797648,2.53109046809085,0.0135108322562802,0.0681179088790818,-3.59486865433321,NA
"U90551_at",-0.722722315245669,7.99868875226256,-2.52940361270072,0.0135705988533295,0.0683708828447958,-3.59877794234333,"H2AC6"
"M87339_at",-0.390097448255239,8.16590471339799,-2.52881853790911,0.013591384113923,0.0684272438899416,-3.600133343919,"RFC4"
"X79780_at",0.616530971038767,7.10827149556735,2.52811737533731,0.0136163312910607,0.0685044642018148,-3.60175733214369,"RAB11B"
"D43772_at",-0.706443278223865,6.81755782892267,-2.52731101196423,0.0136450725113585,0.0686006501646505,-3.60362451369894,"GRB7"
"U81001_at",-0.617830679325983,7.83695068017543,-2.52533467682972,0.0137157464434992,0.0688880790550303,-3.60819872418523,"SNHG14"
"X75861_at",0.40651268330442,10.3821593346324,2.52506568429686,0.0137253911066512,0.0688880790550303,-3.60882107338599,"TMBIM6"
"U57971_s_at",0.329559463260848,8.3331642980458,2.52490283388267,0.013731233039304,0.0688880790550303,-3.60919782201339,"ATP2B3"
"S69272_s_at",0.877105071531144,9.00172407822985,2.52421725984688,0.0137558512176014,0.0689630543813505,-3.61078364993288,"SERPINB6"
"J04132_at",-0.912385222364888,6.76963549330816,-2.52092074812115,0.0138747815017886,0.0695104127380542,-3.61840390118722,"CD247"
"X54326_at",-0.297350634285148,7.73894124137622,-2.52019686169507,0.0139010213292439,0.0695929642248452,-3.62007612737193,"EPRS1"
"U49250_at",0.390675653469923,7.95443610665593,2.51954542703239,0.0139246730960356,0.0696299958801673,-3.62158064105422,"TBR1"
"L41162_at",-0.306577600501534,3.71480263232247,-2.51945517902984,0.0139279526055714,0.0696299958801673,-3.62178904661688,"COL9A3"
"M14199_s_at",-0.298667923445221,13.9414522722747,-2.51802234964905,0.013980113292177,0.0698417853258095,-3.62509697532782,"RPSA"
"L14922_at",-0.362811781283538,6.88352739295863,-2.51673403563609,0.0140271632067984,0.0699889774023614,-3.62806991898765,"RFC1"
"M14016_at",0.422305729293734,8.80879495464666,2.51667803831149,0.0140292114894059,0.0699889774023614,-3.62819911080073,"UROD"
"M91463_rna1_at",0.462137708955723,8.24766345357952,2.51626068432544,0.0140444860443038,0.0700161825243649,-3.62916191512947,"SLC2A4"
"M86849_at",-0.308837006556914,5.85429673729201,-2.51307283949667,0.0141616515738242,0.0705509532283666,-3.63651161584975,"GJB2"
"U43185_s_at",0.55165619339682,9.41418304383536,2.50947884786107,0.0142947994295566,0.0711278960202352,-3.64478832942364,"STAT5A"
"HG3125-HT3301_s_at",0.362343273770183,7.4792621177719,2.50940853636737,0.0142974154856217,0.0711278960202352,-3.6449501527804,NA
"U48405_at",0.362497257047814,8.7223762612312,2.50835717878833,0.014336584427336,0.0712730197925233,-3.64736942006875,"GPR68"
"U24169_at",-1.01211791560836,5.9071938836111,-2.50715272692128,0.0143815756740611,0.0714468661884192,-3.65013992494208,"AIMP2"
"U44848_at",-0.377339097155613,7.70859528570758,-2.50551931049833,0.0144427935338157,0.0717010272302036,-3.653895357878,"NRF1"
"D89289_at",-0.312770597946611,7.36872526941382,-2.50509122111616,0.0144588763812044,0.0717309183866431,-3.6548792501216,"FUT8"
"X62534_s_at",-0.569435874783684,10.5389058750344,-2.50455036338491,0.0144792188539179,0.0717818854030463,-3.65612211977346,"HMGB2"
"X75593_at",0.399113642359762,9.76202689414263,2.50258786339016,0.0145532478655138,0.072098751934154,-3.66062997409401,"RAB13"
"U32986_s_at",-0.309330026059316,10.0447360765058,-2.50153666219317,0.0145930409536892,0.0722456867769796,-3.66304335790956,"DDB1"
"U02609_at",-0.474225430561402,4.5566803579508,-2.50108457149211,0.0146101848712915,0.0722803663757373,-3.66408102127881,"TBL3"
"D87684_at",-0.447141914910025,8.69077529252917,-2.49966202257342,0.0146642482006928,0.0724975210975996,-3.66734510534105,"UBXN4"
"D80009_at",-0.589034050359049,7.46232335976074,-2.49754092876274,0.0147451936402868,0.0728144262937768,-3.67220912414389,"BMS1"
"U66469_at",-0.317128515474615,7.57799525985991,-2.49733927886054,0.0147529099075266,0.0728144262937768,-3.67267136002073,"CGRRF1"
"L19779_at",0.781226136234478,12.0776522479673,2.49718043104237,0.0147589908815412,0.0728144262937768,-3.67303545990028,"H2AC18"
"AF001294_at",0.654286850615254,6.85878226606775,2.49588757656449,0.0148085675210385,0.0730084909111227,-3.67599812644091,"PHLDA2"
"X56741_at",-0.395371542680262,8.03725442713876,-2.49437191598211,0.0148668786817603,0.0732453200568551,-3.6794697258307,"RAB8A"
"D00003_at",-0.212063767112313,3.42884888441761,-2.49408014242653,0.0148781275907363,0.0732501185043919,-3.68013782550044,"CYP3A4"
"M94250_at",-1.29266737278782,8.07538708762506,-2.49244045715988,0.0149414857557845,0.0735112849917102,-3.68389113474475,"MDK"
"D78577_s_at",-0.445054560716523,10.8224399174947,-2.49100772607477,0.0149970455778477,0.0737337502927423,-3.68716901695687,"YWHAH"
"Z30643_at",0.37755832753399,10.257473310207,2.4873811169682,0.0151385126096539,0.0743779851097332,-3.69545908619281,"CLCNKA"
"L36069_at",-0.226237626009637,3.49291356062519,-2.48542435841216,0.0152153390474172,0.0747039614800531,-3.69992781896683,"KCNJ12"
"L40586_at",0.320014231568689,7.44938564270154,2.48507430527365,0.0152291197493585,0.0747201615231774,-3.70072693792389,"IDS"
"U14394_at",0.221070947840156,9.10713872471998,2.48336673552324,0.0152965033354355,0.0749611662574114,-3.70462370508843,"TIMP3"
"U90907_at",-0.24366225442539,8.5968109659433,-2.48329676610442,0.0152992701507271,0.0749611662574114,-3.70478333099336,"PIK3R3"
"U19251_s_at",0.307906893027893,7.55400642513806,2.48251420763463,0.0153302456711213,0.0750613471081207,-3.70656837569628,"NAIP"
"U37221_at",0.761163460459249,5.26146549034047,2.48019027140817,0.0154225649187053,0.0754232004644985,-3.7118665656674,"PPIL2"
"D84361_at",-1.16240798166749,5.77681826551215,-2.4801213921169,0.0154253087778424,0.0754232004644985,-3.71202353524705,"SHC3"
"L13923_at",0.26660509547918,8.15801703214587,2.47942565770446,0.0154530484796636,0.0755070477118037,-3.7136088441015,"FBN1"
"D50914_at",-0.654883469262576,7.61665017823254,-2.47829239301719,0.0154983289318184,0.0756764294211872,-3.71619031205264,"BOP1"
"U83410_at",-0.333331094848888,7.62710706495259,-2.47702510561118,0.0155491054542609,0.07587239752459,-3.71907589250902,"CUL2"
"X00437_s_at",-1.93320685009837,6.39867983849612,-2.4764110873055,0.0155737610631944,0.0758944903806691,-3.72047354869082,"TRBV19"
"D87023_cds2_at",0.420995320688993,8.7767391470927,2.47638212557348,0.0155749248740242,0.0758944903806691,-3.72053946547712,"IGLV3-21"
"L43366_at",0.290515287466373,7.75021208233446,2.47582395449429,0.0155973699237942,0.0759082537800155,-3.72180973363097,NA
"M64992_at",-0.376568416835527,9.84430788503375,-2.47578232711878,0.0155990449975765,0.0759082537800155,-3.72190445822498,"PSMA1"
"D87119_at",-0.670696526311858,7.7975812147925,-2.47509825986074,0.0156265948153385,0.075990446411015,-3.72346088554912,"TRIB2"
"D90086_at",-0.272635509726825,9.53035415563129,-2.47445470210742,0.0156525530432321,0.0760647925325162,-3.72492481227448,"PDHB"
"L06419_at",0.99093702601372,4.6327587726462,2.4732418660173,0.0157015786458625,0.0762510586964261,-3.72768282655139,"PLOD1"
"L29217_at",-0.446602489049101,2.82040737932497,-2.47270089018307,0.0157234905431615,0.07630548950456,-3.72891264890278,"CLK3"
"D16217_at",0.342257410263256,9.23169355756978,2.47052571305019,0.015811872091846,0.0766822014576668,-3.73385527622974,"CAST"
"AF007875_at",-0.330751405771822,8.21546533053771,-2.46768182323423,0.0159280971419571,0.0771933409415447,-3.74031187326011,"DPM1"
"L07765_at",0.382814142889067,7.94775980867925,2.46473269394835,0.0160494322304353,0.0777285342192755,-3.74700076807319,"CES1"
"X80763_s_at",0.214905178225086,8.73556855461161,2.4631484107042,0.0161149556727402,0.0779928845831396,-3.75059127801218,"HTR2C"
"U79275_at",0.327109722441262,8.74014144889053,2.46214732350992,0.0161564826622085,0.0781408174347927,-3.75285906725113,"RAPGEF3"
"X92744_at",0.46498658488763,7.12916432783772,2.46158810461699,0.016179721877796,0.0782001608588527,-3.75412554150457,"DEFB1"
"U73167_cds4_at",0.524301197749984,5.14545480588049,2.46011156088638,0.0162412261034463,0.0784213443511833,-3.75746833144725,"HYAL3"
"L77886_at",-0.533071813648469,7.43803768158468,-2.45996156664536,0.0162474857072097,0.0784213443511833,-3.75780781289899,"PTPRK"
"U12622_at",0.23455616990093,7.70670648274113,2.45966344180941,0.0162599335640516,0.0784283263722082,-3.7584825058805,"BFSP1"
"X85134_rna1_at",-0.206582281146322,7.02855274258816,-2.45925392069084,0.0162770465852946,0.0784577857380429,-3.75940918960857,"RBBP5"
"U30827_s_at",-0.485131697825111,10.0431055740183,-2.45678989606512,0.0163803543031292,0.0789023958290595,-3.76498214746318,"SRSF5"
"X90763_at",0.236985323044138,8.72648555204056,2.45538699935231,0.0164394349898873,0.0791335125205313,-3.76815301050555,"KRT35"
"HG315-HT315_at",0.440778049350909,7.80000158086775,2.45311819406138,0.0165353863240231,0.0795416795573284,-3.77327778052057,NA
"L11672_at",-0.325981373555717,12.2555929286972,-2.45074112405665,0.016636454481086,0.0799738934562795,-3.77864279919976,"ZNF91"
"AF005037_at",-0.282278252190589,6.61900240017734,-2.45043536756283,0.0166494947227691,0.0799826468184775,-3.77933256851407,"SCAMP1"
"U79241_at",-0.594516151892121,6.63270043455646,-2.45003252659408,0.0166666895132686,0.0800113330236311,-3.78024124371173,"FLAD1"
"M73489_at",-0.507881998679679,7.14948579568877,-2.44856033044546,0.0167296638735888,0.0802596054877619,-3.78356095303421,"GUCY2C"
"U90905_at",0.221941732608999,7.15692698457979,2.44674446907982,0.0168076323709111,0.0805794291676026,-3.78765327914841,NA
"U91616_at",0.471179247390725,5.04391992911738,2.44561733375796,0.0168561922891909,0.0807579266328236,-3.79019216100072,"NFKBIE"
"X78565_at",0.349952180673277,6.23027669251342,2.44339574790926,0.0169522720678724,0.0811636988393974,-3.79519340116555,"TNC"
"M24470_at",0.356852677585879,8.56267041231113,2.44292021620538,0.0169729016144992,0.0812079299394392,-3.79626341922481,"GMPR"
"HG4058-HT4328_at",0.381866747378257,6.6087229225574,2.44163271074154,0.0170288691383659,0.0813529087553505,-3.79915961517992,NA
"L08488_at",0.429813707427253,6.73279490319952,2.44142003711,0.017038129891327,0.0813529087553505,-3.79963789217091,"INPP1"
"U43077_at",0.300604035220983,9.94052693075923,2.4413742594771,0.0170401238421476,0.0813529087553505,-3.7997408358528,"CDC37"
"M20566_at",0.307562465231464,6.204128073256,2.44117399773593,0.0170488491626446,0.0813529087553505,-3.80019116059663,"IL6R"
"M64590_at",-0.341686691543951,7.38348246542798,-2.4394464824671,0.0171242825306302,0.0816281397625114,-3.80407449140342,"GLDC"
"U90918_at",0.351575691363814,7.2504788097614,2.43927784653625,0.0171316621407639,0.0816281397625114,-3.804453448108,"NIPAL3"
"L36847_at",0.366190171656175,7.18288405941291,2.43905953303233,0.01714121990008,0.0816281397625114,-3.80494400669969,NA
"X98260_at",0.338551456602085,9.11334003686761,2.43880592173808,0.017152328989233,0.0816281397625114,-3.80551383401878,"DNAJC2"
"M31627_at",-0.667575365908208,11.0498875236422,-2.43731475022197,0.0172177781335476,0.081884950176158,-3.8088632614835,"XBP1"
"Z97074_at",-0.502718148433943,7.35366600741747,-2.43591885187488,0.0172792481154521,0.0821020454745838,-3.81199711518119,"RABEPK"
"HG4518-HT4921_r_at",-0.37397555021353,7.57537095125119,-2.43575538117396,0.0172864595675902,0.0821020454745838,-3.81236401458413,NA
"HG3565-HT3768_at",-0.444947036382147,3.14029917152843,-2.43516430810218,0.0173125570301295,0.0821712510438037,-3.81369046558699,NA
"M19645_at",0.655323889570877,9.89652092689658,2.43180406005307,0.0174615921150186,0.0828234798323138,-3.82122614579931,"HSPA5"
"U52682_at",-0.64046370923489,6.4308670469742,-2.43073783470563,0.017509121102539,0.0829936996941493,-3.82361541403183,"IRF4"
"D84454_at",-0.744938384297536,5.92932042258572,-2.42873773095025,0.0175985917529729,0.0833130847937614,-3.82809498031981,"SLC35A2"
"HG1078-HT1078_at",-0.369752470433266,10.7650017886525,-2.42870912030367,0.0175998745545525,0.0833130847937614,-3.82815903593623,NA
"U07802_at",-0.55809150894183,10.5300502154894,-2.42812640780813,0.0176260195554254,0.0833814820243049,-3.82946351609826,"ZFP36L2"
"D50923_at",-0.56965299446273,5.36979014093597,-2.42713179057125,0.0176707260576686,0.0835375371784612,-3.83168948651152,"URB2"
"U07158_at",0.351533439541733,8.85324060865278,2.42560256261007,0.0177396603285352,0.0838078452499189,-3.83511041450519,"STX4"
"L34219_at",0.309469623872736,7.1605384211195,2.42515893413048,0.0177597030860688,0.0838469690732345,-3.83610248191029,"RLBP1"
"L41919_rna1_at",0.702850110965516,7.05921591444462,2.42480566460114,0.0177756779833054,0.08386684867173,-3.83689237324995,"HIC1"
"D42054_at",-0.46644619818493,7.71994896371693,-2.42298371480124,0.0178582709974598,0.0841562176418306,-3.8409646015874,"CEP57"
"M91669_s_at",0.341678895706842,7.27089264904025,2.42293201585432,0.0178606196229611,0.0841562176418306,-3.84108011564031,"COL17A1"
"U09848_at",-0.250031926531788,8.44942126543984,-2.42183024721489,0.0179107374397945,0.084336622990948,-3.84354136552397,"ZKSCAN1"
"L03411_s_at",-0.792993084990775,7.36343783217057,-2.42038245281361,0.0179767865894804,0.0845917568293106,-3.84677415914029,"NELFE"
"M64571_at",-0.255912993364497,9.20980116746678,-2.41981403679329,0.0180027774920705,0.0846534527459509,-3.84804293152361,"MAP4"
"M26683_at",0.228096171105404,8.51393375544137,2.41957654529824,0.0180136467689168,0.0846534527459509,-3.84857296587449,"CCL2"
"D87453_at",-0.377285852213284,8.43903432593864,-2.41894392062443,0.0180426287395466,0.0847081241587845,-3.84998464410396,"MRPS27"
"U72515_at",0.884565792377054,6.94211446706427,2.41857943607541,0.0180593455190002,0.0847081241587845,-3.85079783525612,"LPCAT3"
"X96401_at",-0.618837913741286,8.52254212028715,-2.41854496942262,0.018060927019407,0.0847081241587845,-3.8508747274389,"MNT"
"U35735_at",0.222587532183295,6.62530418274021,2.41793150605245,0.0180890964665214,0.0847844633200729,-3.85224315643855,"SLC14A1"
"X12671_rna1_at",-0.357004596468888,12.4035826715416,-2.41646172901443,0.018156746523948,0.0850376962035973,-3.85552053075712,"HNRNPA1"
"X51345_at",0.880873022767888,10.7981082892581,2.41623785140822,0.0181670708513617,0.0850376962035973,-3.85601959433758,"JUNB"
"D86968_at",-0.588114335757526,4.64045188043307,-2.41598126673183,0.0181789099472973,0.0850376962035973,-3.85659151953295,"MAP3K4"
"D26067_at",-0.316542266159133,7.71507038244294,-2.41387354601413,0.0182764236744676,0.0853605009993788,-3.86128765756622,"TMEM41B"
"U70663_at",0.974412010493852,5.17569256249137,2.41385866132292,0.0182771139734525,0.0853605009993788,-3.86132080922627,"KLF4"
"U57093_at",0.208328643638985,6.54140325814507,2.41353439682755,0.0182921579883975,0.0853605009993788,-3.86204297832633,"RAB27B"
"M19267_s_at",0.309432208382592,6.49604304637366,2.41345566743973,0.0182958122495512,0.0853605009993788,-3.86221830401023,"TPM1"
"HG2290-HT2386_at",0.380648939806679,8.52451035618109,2.41309007509444,0.0183127899354189,0.0853838322103342,-3.86303239277083,NA
"Z18956_at",0.216616642880177,7.46622126676154,2.41170873937073,0.0183770646869195,0.0856118030336282,-3.8661073577989,"SLC6A6"
"X17254_at",0.644131644930601,8.29934945576853,2.41136001009077,0.0183933231878405,0.0856118030336282,-3.86688342057831,"GATA1"
"U36341_rna1_at",0.36556578515038,9.35045072489054,2.411127996682,0.0184041472627824,0.0856118030336282,-3.8673996907528,"SLC6A8"
"U59863_at",0.28216675546074,7.05295442205033,2.41100859239924,0.0184097200239237,0.0856118030336282,-3.86766536957058,"TANK"
"X89059_at",0.284745996601752,7.75994052582548,2.40985433413047,0.0184636685893025,0.08575622273777,-3.87023305850375,"CDKL5"
"M12036_at",-0.423870777917945,5.04364968349867,-2.40982943185361,0.0184648340443929,0.08575622273777,-3.87028844298295,"ERBB2"
"Z19585_at",0.412236580500095,6.09221151128403,2.40858018843,0.0185233844520797,0.0859721404680185,-3.87306622637379,"THBS4"
"U82108_s_at",0.494055270113911,8.0877695277858,2.40635784370476,0.0186279527678129,0.0864012200922172,-3.87800474075711,"NHERF2"
"U63289_at",0.415794515167823,5.82780615701479,2.40593512317227,0.0186479026556625,0.0864207959461176,-3.87894367482314,"CELF1"
"M99438_at",0.576598585333107,6.04369621984833,2.40575481038663,0.0186564181457533,0.0864207959461176,-3.87934413740291,"TLE3"
"U51241_at",0.258405536955912,7.77868070291031,2.40320951728551,0.0187769936245381,0.0869228490580079,-3.88499433564709,"CCR3"
"D16294_at",-0.453383178045614,7.9989584497636,-2.40178498047406,0.0188447798616525,0.087145004721195,-3.88815438681607,"ACAA2"
"D87432_at",-0.549187773162979,6.28094750509346,-2.40166597587636,0.0188504525391343,0.087145004721195,-3.88841830257654,"SLC7A6"
"X72841_at",-0.431984707615358,9.22696986341824,-2.40143104710005,0.0188616555316039,0.087145004721195,-3.88893926996893,"RBBP7"
"U37022_rna1_at",-0.476452950689055,8.58033011459932,-2.40097530570722,0.0188834053081328,0.0871466001915681,-3.88994977759537,"CDK4"
"AFFX-HUMISGF3A/M97935_MA_at",0.836422623140681,5.64445926827293,2.40081301791729,0.0188911557239763,0.0871466001915681,-3.89030957609598,"STAT1"
"M37485_cds1_at",0.239763724941861,5.44066048772159,2.40065565667638,0.018898673572193,0.0871466001915681,-3.89065843245493,"IGHD"
"U79297_at",-0.359669034247688,7.57270071568987,-2.40031125848826,0.0189151363259606,0.0871661324290712,-3.89142186568827,"ANKRD46"
"X76302_at",-0.338771231222051,8.81794652525678,-2.3993010698784,0.0189634987130304,0.0873325467217014,-3.89366062935997,"SNRNP27"
"U33053_at",0.477083402751244,8.9381011296953,2.39878889959698,0.0189880607928902,0.087389209420603,-3.89479538607521,"PKN1"
"L17128_at",0.336473762946278,7.26782506921448,2.39756665490614,0.0190467905475684,0.0876029482668484,-3.89750253865087,"GGCX"
"HG4258-HT4528_at",-0.51977607544132,6.6469468148239,-2.39620762328553,0.0191122832514059,0.0878474966468554,-3.90051128010537,NA
"U72507_at",-0.653318521808863,7.03215440836894,-2.39590740565627,0.019126778015837,0.0878574745327977,-3.90117573168553,"EMG1"
"X74330_at",-0.464083841168367,7.52448752582263,-2.39423808768431,0.0192075531119287,0.0881716974468384,-3.90486902676113,"PRIM1"
"D00726_at",0.52181073952784,8.61228632336934,2.39354911222026,0.0192409799202257,0.0882152942411667,-3.90639271578353,"FECH"
"AF002700_at",0.350431643311282,8.60241853888011,2.39353225048766,0.0192417986456746,0.0882152942411667,-3.90643000130128,"GFRA2"
"S40719_s_at",0.224652475333956,10.379253760966,2.3930261768273,0.019266385637682,0.0882712488502798,-3.90754895277744,"GFAP"
"HG2309-HT2405_at",0.300515238362218,5.90613854373329,2.39065272129574,0.019382071410353,0.0887089194481424,-3.91279407619995,NA
"X95325_s_at",-0.550186145584135,10.5883269204844,-2.39055597864735,0.0193867999018384,0.0887089194481424,-3.91300777458327,"YBX3"
"X86401_s_at",0.268961722089819,6.68936201160376,2.38883989270593,0.0194708481719507,0.089036354469427,-3.91679727342916,"GATM"
"M16652_s_at",-0.23546115335596,5.62927146760801,-2.38763562659082,0.0195300229967544,0.0892497012460656,-3.91945517384735,"CELA2A"
"U57342_at",0.232861217257643,10.7865721002495,2.38472761358879,0.0196735774182032,0.0897957855611821,-3.92586864738272,"MLF2"
"X07109_at",-0.746480787606897,9.75385551807869,-2.38470471914387,0.0196747113264927,0.0897957855611821,-3.92591911343374,"PRKCB"
"U68233_at",-0.52293808295672,8.44876036386403,-2.38199196832216,0.0198094805353311,0.0903530305415071,-3.93189588058385,"NR1H4"
"M86737_at",-0.377652803984875,9.3590037069128,-2.38131745268841,0.0198431178358144,0.0904485850713051,-3.93338108009409,"SSRP1"
"U93091_at",0.179416145129322,6.50587887544139,2.38106032045745,0.0198559541086124,0.0904492631567397,-3.93394715868877,"TLR4"
"L37033_at",0.39799147838303,10.5907275778676,2.38052956269918,0.0198824734120066,0.0905122304943772,-3.93511546086468,"FKBP8"
"U26710_at",-0.448126525836541,7.92498964588571,-2.37976234737296,0.0199208630860925,0.0906291212129889,-3.93680385935977,"CBLB"
"U07807_at",0.3567146591107,7.01885038630181,2.37901887366332,0.0199581277685429,0.0907407479986878,-3.9384395664367,"MT4"
"M62403_s_at",-0.550872954432023,7.86594426320928,-2.37875170597972,0.019971534010901,0.0907438278927429,-3.93902725200758,"IGFBP4"
"M64930_at",0.309077830080624,6.57830451817029,2.37789395445196,0.0200146294705483,0.0908817156022539,-3.94091365662026,"PPP2R2B"
"D10326_s_at",-0.286407545815509,2.0081179374719,-2.37754437611731,0.0200322168543498,0.0909036753371481,-3.94168229779956,"PKLR"
"M17733_at",-0.300460196181296,14.0095323815576,-2.37668530151108,0.020075495627138,0.0909923453661778,-3.94357079207703,"TMSB4X"
"M82827_s_at",0.315823099534143,6.02282522337224,2.37664983366201,0.0200772842279419,0.0909923453661778,-3.94364874812183,NA
"X13482_at",-0.298885143981868,8.98399209789707,-2.37564337289472,0.0201280980168814,0.0910992011577182,-3.94586046950319,"SNRPA1"
"D45399_at",0.265240456311035,6.80871032330489,2.37557187532793,0.0201317121104893,0.0910992011577182,-3.94601755663606,"PDE6H"
"U07857_at",-0.331618808285679,11.2789198295148,-2.37542382263154,0.020139197787146,0.0910992011577182,-3.94634283001171,"SRP14"
"L01087_at",-0.692807954045457,6.14356183449613,-2.37455830667121,0.0201830086674155,0.0912394855992423,-3.94824403113293,"PRKCQ"
"HG998-HT998_s_at",0.556011139494643,8.72375376687803,2.3728722539235,0.0202685974079803,0.0915227810659757,-3.95194593063172,NA
"D17793_at",0.587144206507927,7.19566933396519,2.37261151381212,0.0202818621137318,0.0915227810659757,-3.95251821119918,"AKR1C3"
"L18960_at",-0.314431035544761,9.93785851317118,-2.37256576109953,0.0202841905013665,0.0915227810659757,-3.95261862514022,"EIF1AX"
"D87120_at",-0.495086024801637,6.53247333166121,-2.37114945478444,0.0203563851245811,0.0917729581103367,-3.95572618782631,"FAM3C"
"HG4757-HT5207_s_at",0.558132091087756,7.32263287327828,2.37023649530364,0.0204030433637543,0.0917729581103367,-3.95772849992121,NA
"HG3549-HT3751_at",-0.259979197179844,14.3635835517034,-2.36989719254974,0.0204204082160645,0.0917729581103367,-3.95847249407134,NA
"X51985_at",-0.291151716669119,4.2355926850101,-2.36986397475712,0.020422108944565,0.0917729581103367,-3.95854532631802,"LAG3"
"J05253_s_at",-0.263531453896328,8.0806687452967,-2.36976288597656,0.0204272853973719,0.0917729581103367,-3.95876696490223,"RBP3"
"U41344_at",-0.812260072377003,6.21440132637572,-2.36974277825159,0.0204283151928093,0.0917729581103367,-3.95881105040981,"PRELP"
"U49278_at",0.820616495728149,8.00927751421493,2.36971477263819,0.0204297495470759,0.0917729581103367,-3.95887245123767,"RNPEP"
"X79882_at",1.00388500980183,7.01175053166241,2.3665388537567,0.0205929921459047,0.0924480107104249,-3.9658314578787,"MVP"
"X66397_at",-0.216624656337157,9.06283255594981,-2.36621109857116,0.0206099046956102,0.0924657083543141,-3.96654917349303,"TPR"
"HG4069-HT4339_s_at",0.309062155061683,8.8215805354147,2.3639515918833,0.020726834534689,0.0929318260363511,-3.97149470730661,NA
"X62048_at",-0.344140708235822,7.04693945983128,-2.36343369959465,0.0207537185401603,0.0929938777327484,-3.97262768307575,"WEE1"
"U93237_rna2_at",-0.295316353682905,9.23523136862345,-2.36301706547797,0.0207753687019375,0.0930324142437894,-3.97353898542984,"MEN1"
"M34516_at",1.52083461208494,9.63571922278258,2.36207683357127,0.0208243011775383,0.0931707861626189,-3.9755950458532,NA
"X75962_at",-0.301857591964566,8.67873754335096,-2.36192126109217,0.0208324075106206,0.0931707861626189,-3.97593517778306,"TNFRSF4"
"X04145_at",-0.658489318680597,6.04012556901275,-2.36083424892085,0.0208891262410397,0.0933166235980946,-3.97831120379794,"CD3G"
"M33374_at",-0.61059757006954,5.79262589513012,-2.36079464522155,0.0208911952956318,0.0933166235980946,-3.9783977531454,"NDUFB7"
"U51586_at",-0.936553197066983,7.96315567223541,-2.36009629762689,0.0209277097037861,0.0933769947910669,-3.9799237074965,"PUF60"
"X92368_at",0.227025795558596,6.34990163860636,2.36003519562516,0.0209309072346928,0.0933769947910669,-3.98005720264722,"SLC8A1"
"X14684_s_at",-0.296662384445979,9.71223717929718,-2.3594118874053,0.0209635504284003,0.0934548551201824,-3.98141883217028,"SSB"
"X93511_s_at",-0.264231019038463,7.34860956634693,-2.35896633108518,0.0209869123395604,0.0934548551201824,-3.98239197019724,"TERF1"
"D38048_at",-0.375602598465267,9.90361278314996,-2.35895155790285,0.0209876873400774,0.0934548551201824,-3.98242423355715,"PSMB7"
"AC002045_xpt2_s_at",-0.381985829127926,10.8924671854953,-2.3575157902059,0.0210631291821602,0.0937322396626844,-3.98555900075732,"NPIPA1"
"X64643_at",-0.198203344969963,6.67662263203557,-2.35591151152409,0.0211477105015169,0.094049923995829,-3.98905974984155,"BRCC3"
"M30185_at",0.493567943456489,7.12247213728506,2.35376418361654,0.0212613951420779,0.0944176730466002,-3.99374230769325,"CETP"
"X03794_s_at",0.741620456948191,5.46340427660875,2.35366652980779,0.021266578055696,0.0944176730466002,-3.99395516887502,"HOXB5"
"X99209_at",-0.49826609266192,9.21519684305093,-2.35359954902796,0.0212701336671118,0.0944176730466002,-3.99410116605264,"PRMT2"
"L20815_at",0.275412876655873,8.7156760266917,2.35092223594691,0.0214126896434085,0.0949913282313995,-3.99993395502908,"CDSN"
"D63861_s_at",-0.266352349286768,7.37197469258908,-2.35059455791694,0.0214301953442817,0.0950098648068311,-4.00064744269836,"PPID"
"U43431_at",0.781890066045996,5.44256250474628,2.35002744893347,0.0214605223315576,0.095085185644297,-4.001882066877,"TOP3A"
"L07648_at",0.708574003357666,8.13297548056454,2.34864995921631,0.0215343444780685,0.0953077040512267,-4.00487986564642,"MXI1"
"X05855_at",-0.311398939960565,1.8890186920697,-2.34859150203976,0.0215374822873511,0.0953077040512267,-4.00500705128537,"H3-3A"
"M94630_at",-0.271557656217848,11.0245347239964,-2.3479495030039,0.0215719696430878,0.0954010989984945,-4.00640367384244,"HNRNPD"
"L36463_at",0.587909350449268,7.90579056253028,2.34579680622656,0.0216879680343835,0.0958546336745938,-4.01108431916266,"RIN1"
"J03133_at",0.234039754808782,8.11258251339854,2.34355012413588,0.021809621344242,0.0963325839920082,-4.01596538868005,"SP1"
"HG855-HT855_s_at",0.300867575915982,6.64689235026497,2.3423363282062,0.0218755977579993,0.0965641711558989,-4.01860077226664,NA
"L26336_at",0.248980986857027,7.4238822976017,2.34064050230373,0.0219680718681649,0.0969123665520717,-4.02228077221679,"HSPA2"
"HG4165-HT4435_at",0.29872253085567,6.27644295627662,2.34028992090598,0.0219872324542997,0.0969369079571444,-4.02304126029544,NA
"X52979_rna1_s_at",-0.348555935728477,10.7286402177159,-2.33883673138005,0.0220668129990508,0.0972011988584287,-4.02619250435167,"SNRPB"
"U41816_at",-0.334098500009681,7.51583597320902,-2.33869755329984,0.0220744481626871,0.0972011988584287,-4.02649422404262,"PFDN4"
"AFFX-M27830_5_at",-1.30559805112226,9.73124981137533,-2.33740387778952,0.0221455301191836,0.0974413097639449,-4.02929800361728,NA
"X76180_at",0.490526490873169,6.38041218333761,2.33707842477726,0.022163444326594,0.0974413097639449,-4.03000314725891,"SCNN1A"
"U66083_at",-0.36513463834537,7.46653914482781,-2.33695970393744,0.0221699823870274,0.0974413097639449,-4.03026035308481,"MAGEA9"
"HG2662-HT2758_at",-0.3712104056649,3.68119600414524,-2.33601655705624,0.0222219831516152,0.0975853111325754,-4.03230325910815,NA
"L17330_at",-0.595406274941428,6.68660573070137,-2.3358691045743,0.0222301227772903,0.0975853111325754,-4.03262258493072,NA
"M77810_at",0.643952380765506,5.35810168797266,2.33395445681715,0.0223360550361016,0.0979899916014574,-4.03676740866169,"GATA2"
"D87258_at",0.22851550114339,7.54057271618077,2.3330409132726,0.0223867565696449,0.0981260124481014,-4.03874401551927,"HTRA1"
"U86602_at",-0.381058789577489,8.50848681271857,-2.33289995863712,0.0223945886173462,0.0981260124481014,-4.03904893561461,"EBNA1BP2"
"M13929_s_at",-0.686243597162665,8.40627612185035,-2.3321105750048,0.0224384951210512,0.0982038252240757,-4.0407562769354,"MYC"
"X54673_at",0.378339328244985,5.91739589520217,2.33208537951691,0.0224398977823004,0.0982038252240757,-4.0408107635476,"SLC6A1"
"U61232_at",-0.279962698793582,7.13244115657055,-2.33004337633586,0.0225538373357198,0.0986332653470206,-4.04522502355003,"TBCE"
"U88667_at",0.735185012902865,6.52275817840146,2.32983135108704,0.022565697262027,0.0986332653470206,-4.04568317438279,"ABCA4"
"D83785_at",-0.53662846035153,8.18262103476659,-2.32941235432765,0.0225891506939953,0.0986752789813065,-4.04658845033142,"MAML1"
"HG3248-HT3425_at",0.257353550146694,6.90284521228596,2.32786493249181,0.0226759554222107,0.098970632527967,-4.04993056508733,NA
"Z48633_at",-0.666180919432447,8.52310905890114,-2.32757841222945,0.0226920605821402,0.098970632527967,-4.05054918065671,NA
"X71973_at",0.358012627166691,11.1860952920317,2.32746545379136,0.0226984127063019,0.098970632527967,-4.05079304714548,"GPX4"
"AF000562_at",0.329181002340224,9.8309522898212,2.32720321371023,0.0227131656396353,0.0989744241106113,-4.05135915920044,"UPK2"
"Y12711_at",-0.516680642809972,7.48312545200694,-2.32501657100644,0.0228365117677251,0.0994511254686086,-4.0560774480213,"PGRMC1"
"D79997_at",-0.358541351707913,6.58759522103386,-2.32415107946932,0.0228854970104716,0.0995653973295543,-4.05794393202082,"MELK"
"X89066_at",0.254315640477964,6.34557345352322,2.32405952980482,0.022890683998196,0.0995653973295543,-4.05814132934297,"TRPC1"
"D29677_at",-0.593760738916622,7.38818057818567,-2.32370660326142,0.0229106897364186,0.0995916506895904,-4.0589022389704,"HELZ"
"M29037_s_at",0.217195090307022,7.00628297789073,2.32124315875343,0.0230507629308064,0.100139481373381,-4.06421065493319,NA
"D50810_at",-0.380304477040077,6.23238358177375,-2.32054633613784,0.0230905222208026,0.100251116268028,-4.06571134131174,"LNPEP"
"HG4747-HT5195_at",-0.534112463525738,6.80656162813861,-2.31955985412113,0.0231469128078948,0.100381426717178,-4.0678351786044,NA
"X74331_at",-0.222163151875668,7.16369722382329,-2.31952866540738,0.0231486976466602,0.100381426717178,-4.06790231337439,"PRIM2"
"M34996_s_at",-0.898602879514977,9.70663217445529,-2.31865005313025,0.0231990281883213,0.100479238707945,-4.0697932368442,"HLA-DQA1"
"M55513_s_at",-0.445816627980093,7.85562867215602,-2.31864282431316,0.0231994426866709,0.100479238707945,-4.06980879193248,"KCNA5"
"U83246_at",-0.372204498272295,10.784599003798,-2.31711211714728,0.0232873609500357,0.100798783371466,-4.07310165206006,"CPNE1"
"X04347_s_at",-0.36368333613855,13.3253742306037,-2.31673642595089,0.0233089843507104,0.100816078192465,-4.07390955337602,"HNRNPA1"
"U15008_at",-0.355152863729289,12.5082101290191,-2.31655140668892,0.0233196399129436,0.100816078192465,-4.07430738469404,"SNRPD2"
"X85137_s_at",-0.288351734255979,8.23958561103042,-2.3155418632492,0.0233778572161947,0.100978964827593,-4.07647763866047,"KIF11"
"U65437_rna1_at",0.220292121167822,6.21600176846205,2.31540696582139,0.023385646083652,0.100978964827593,-4.07676757106665,"HESX1"
"X97674_at",-0.276753024453179,3.43824508476479,-2.31420182885973,0.0234553317669925,0.101218559423057,-4.07935710256763,"NCOA2"
"L25851_at",-0.462808632150059,8.47921495520539,-2.31390037293291,0.0234727918460742,0.101226788347105,-4.08000467270604,"ITGAE"
"X94453_at",-0.454969224591847,7.41477797064964,-2.31367871824142,0.0234856372459126,0.101226788347105,-4.08048077207943,"ALDH18A1"
"X95237_at",0.211969349956625,6.40819637365199,2.31337970722059,0.0235029754869229,0.101240309514364,-4.08112296537024,"CRISP1"
"X17567_s_at",-0.325892100333791,11.4668774878594,-2.31194584761163,0.0235862758623358,0.101537778153739,-4.08420150671892,"SNRPB"
"L13266_s_at",-0.511183400105145,7.05055047465192,-2.31132261020542,0.0236225644098002,0.101632626238664,-4.08553910390382,"GRIN1"
"X83218_at",-0.372898161786296,10.4123216340602,-2.31074493839935,0.0236562439975243,0.10171614201348,-4.08677863020166,"ATP5PO"
"X83705_s_at",0.339541820606133,9.0646529578873,2.31043905589307,0.0236740948580696,0.101731538422651,-4.08743486254876,"PDGFB"
"Y08136_at",0.191462198124369,6.65374071396293,2.30980797328426,0.0237109616153783,0.101791341073165,-4.0887885340303,"SMPDL3A"
"S79854_at",-0.213165428340208,4.1366385115964,-2.30971206949151,0.0237165685962305,0.101791341073165,-4.08899421964836,"DIO3"
"X13794_rna1_at",-0.452535512188783,11.4886860230951,-2.30852937702567,0.0237858108440719,0.102027103193375,-4.09153014408312,"LDHB"
"M35416_at",0.256130124337165,7.09949209354428,2.30665102258731,0.0238961493486931,0.102438754483964,-4.09555540180704,"RALB"
"U42031_at",-0.64429332996837,8.17284256915149,-2.30619751577601,0.0239228570929716,0.1024916155143,-4.09652682987666,"FKBP5"
"U12424_s_at",0.235849990875253,6.23001404659385,2.30559283846904,0.0239585086041892,0.10258270741097,-4.09782181432351,"GPD2"
"X69550_at",0.259703353040035,11.6799802054938,2.30406878632985,0.0240485747381499,0.102906536199442,-4.10108444352993,"ARHGDIA"
"M23575_f_at",0.314128435627803,7.28544694505524,2.30357529010384,0.0240778027777804,0.10296979964175,-4.10214050132676,"PSG3"
"X65873_at",-0.366971927915593,8.50066781048873,-2.3028453776912,0.0241210905384097,0.103093078206429,-4.10370212031182,"KIF5B"
"D16350_at",0.276505335554448,6.55973327001921,2.30145850341552,0.0242035294379776,0.103383440002002,-4.10666810665948,"ACSM3"
"M62783_at",0.336349713575443,8.5429748717773,2.30064127419441,0.0242522239892419,0.103529404083416,-4.10841512093486,"NAGA"
"M55542_at",-0.250672915022488,6.43274405579743,-2.29983697667368,0.0243002325993806,0.10363721022967,-4.11013396776515,"GBP1"
"Z47727_at",-0.303546099350539,9.17379474123723,-2.29973119645769,0.0243065528831545,0.10363721022967,-4.11035998976847,"POLR2K"
"Z49099_at",-0.344041835136771,10.2954210436099,-2.29607137067141,0.0245261218479633,0.10451089220211,-4.11817445997193,"SMS"
"X97671_at",0.203366811229964,6.68632036014841,2.29565002528751,0.0245515124411923,0.104556590318554,-4.1190734278036,"EPOR"
"L04733_at",-0.576045471964546,7.8307248100125,-2.29530364459676,0.0245724030083886,0.104583081221971,-4.11981234684206,"KLC1"
"M92843_s_at",0.68658000767941,10.6452481021923,2.29427130159852,0.0246347578996027,0.104785912330709,-4.12201402843892,"ZFP36"
"X71125_at",0.190883987110482,6.65162387993461,2.29364473215995,0.0246726717072672,0.104884601431788,-4.12334989801982,"QPCT"
"M31951_at",-0.45144813861882,3.95977981070524,-2.29339151040434,0.0246880088222459,0.104887255598207,-4.12388968686437,"PRF1"
"D86959_at",0.238003881188011,7.30872747771016,2.29261756173907,0.0247349375395237,0.10502404390665,-4.12553918186422,"SLK"
"U00115_at",0.624595070668144,7.6060888402629,2.29171019991743,0.0247900562181862,0.105195423083006,-4.12747240389283,"BCL6"
"L14542_at",0.20601531476644,6.10430667963377,2.29094976684981,0.0248363331345021,0.105329101080229,-4.12909207059999,"KLRC3"
"X57522_at",-0.667701515598921,8.48670620313945,-2.2895470898743,0.0249218947804674,0.10562912478594,-4.13207845081039,"TAP1"
"D26362_at",-0.245406030080469,9.30131123277537,-2.28736046299475,0.0250557959986766,0.106133552985481,-4.13673075165243,"BRD3"
"M14660_at",0.491066813063263,6.89174218010309,2.28623083201445,0.0251252192481415,0.106364422814727,-4.13913266597822,"IFIT2"
"X90780_rna1_at",0.652776442216727,5.89682652581422,2.28505449875932,0.0251976932131372,0.106570810196774,-4.14163279183238,"TNNI3"
"X95648_at",-0.334099919148918,7.43470899579006,-2.28495438824758,0.0252038695457654,0.106570810196774,-4.1418455108282,"EIF2B1"
"M16342_at",-0.316076551262379,10.3010348348287,-2.27874819658857,0.025589381896409,0.108077637334625,-4.1550169394589,"HNRNPC"
"Z80781_at",-0.346264189307435,6.76001448577929,-2.27872947079379,0.0255905529275982,0.108077637334625,-4.15505663438082,"H2BC9"
"HG651-HT4201_at",-0.308042855126166,9.79194420133335,-2.27769406687706,0.0256553763317936,0.108268061293955,-4.1572510431187,NA
"K02766_at",0.225662974164851,6.81223836947449,2.27752435347642,0.0256660153719713,0.108268061293955,-4.15761064702256,"C9"
"U75362_at",-0.322993216937223,8.10459166927667,-2.2770942226244,0.0256929969767382,0.108317785598561,-4.15852194275751,"USP13"
"U24577_at",0.183271921814407,6.13928548056729,2.27682871167936,0.0257096646613657,0.108323994900045,-4.15908439251611,"PLA2G7"
"U26032_at",-0.23291822406314,6.97014227917049,-2.27611762780104,0.0257543505952474,0.108391988694748,-4.16059044977658,"EIF2S1"
"U69263_at",0.28903942676414,7.36216211781942,2.27608804553377,0.0257562110883577,0.108391988694748,-4.16065309542726,"MATN2"
"U76992_at",-0.308265445514238,9.06692395810506,-2.27556173216024,0.0257893319149084,0.108429146241094,-4.16176753864085,"HTATSF1"
"X72012_at",-1.00760500646793,6.50609658223071,-2.27546442310915,0.0257954596752553,0.108429146241094,-4.16197356142067,"ENG"
"HG2260-HT2349_s_at",0.249865640688173,5.9822890718737,2.27492668694827,0.0258293452531797,0.108507603011148,-4.16311191914826,NA
"M73481_at",0.504739515772917,4.90670451971041,2.27467059876154,0.0258454965172714,0.108511510407319,-4.1636539617731,"GRPR"
"D50920_at",-0.454999020109863,8.15424084916728,-2.27250648877527,0.0259823413461162,0.109014041222747,-4.16823246004953,"MED24"
"D83781_at",-0.276116539844904,6.36410010196626,-2.27229460878472,0.0259957736118206,0.109014041222747,-4.16868052093893,"NUP160"
"X13293_at",-0.881518006093739,7.98149869983411,-2.26852201386702,0.0262359674022641,0.109956620582446,-4.1766523355587,"MYBL2"
"X13546_rna1_at",-0.434733746017912,11.5702689987017,-2.26792272358474,0.026274302671549,0.11005258739452,-4.17791763026126,"HMGN2"
"M55284_at",-0.52601800322289,5.71684038283979,-2.26750842140046,0.0263008335333269,0.110099026576094,-4.17879218611636,"PRKCH"
"U28251_cds2_at",0.342276672786307,5.38121069042847,2.26672320137901,0.0263511818569581,0.110245056020102,-4.18044933719562,"ZNF169"
"HG2707-HT2803_at",-0.309409947635814,4.567990822171,-2.26633176792031,0.0263763123065511,0.110285472394957,-4.18127524384397,NA
"U73328_at",0.424044341567294,8.71977846264795,2.26519768076857,0.0264492412654859,0.110525580880216,-4.18366741748109,"DLX4"
"D25539_at",0.49533292344695,7.14557729377211,2.26457220879481,0.0264895390731438,0.11057357387146,-4.18498630532874,"KIAA0040"
"U03270_at",0.268659799663984,8.60260259904907,2.26438013483767,0.0265019248413422,0.11057357387146,-4.18539125450066,"CETN1"
"X98307_at",0.277064731457302,6.03981768966903,2.26429746440144,0.0265072573637713,0.11057357387146,-4.18556553926014,"SERPINB13"
"Z23090_at",-1.3041285425187,10.4202830801862,-2.26350558301364,0.0265583843314791,0.110722059590126,-4.18723469389315,"HSPB1"
"X04434_at",-0.398193789739396,6.17088090597932,-2.26279283033346,0.0266044767505395,0.110849394947163,-4.1887366253013,"IGF1R"
"D26528_at",0.209138497291945,7.29764348257798,2.26219297469322,0.0266433229497058,0.110946407306339,-4.19000033909146,NA
"M55683_at",-0.443681665395529,5.20687579048773,-2.26132445156092,0.026699656445219,0.111106313371817,-4.19182953865998,"MATN1"
"M28879_at",0.327689349869227,7.55426706241142,2.26112059602436,0.0267128939710051,0.111106313371817,-4.19225879120542,"GZMB"
"M67439_at",-0.386228062289555,4.54553605480576,-2.26029112977723,0.0267668157042776,0.11126567297714,-4.19400502737851,"DRD5"
"Y13153_at",0.218649656497097,7.13995091395188,2.25686611699609,0.0269904850907452,0.112080212980177,-4.2012096569762,"KMO"
"X14346_at",0.468936020269249,5.58716538389089,2.25680509084655,0.0269944852698502,0.112080212980177,-4.20133794154534,"EPX"
"X92521_at",0.276902055605007,8.30328792239409,2.25656951109493,0.0270099320942551,0.112080212980177,-4.20183313128278,"MMP19"
"U22815_at",0.19387019374566,6.53696413150085,2.2556205024895,0.0270722369135863,0.112273401371121,-4.20382749726682,"PPFIA1"
"X04143_at",0.541076976408442,6.21814294519989,2.25535632872474,0.0270896030997692,0.112280104940846,-4.20438253563209,"BGLAP"
"U52373_s_at",0.467032526822777,5.77731440619717,2.25243427090281,0.027282348056751,0.113013282566286,-4.21051811613992,"DYRK1A"
"X01060_at",0.700649573568867,9.28858528104164,2.25188821114028,0.0273185009048519,0.113097324593896,-4.21166393703646,"TFRC"
"U23946_at",-0.39480384966401,8.35251450497175,-2.24967615309311,0.0274653860064559,0.113639429390612,-4.21630312533459,"RBM5"
"U09825_at",-0.26021350675309,9.50384659065581,-2.24910531289271,0.0275034036193931,0.113695885916359,-4.21749966390084,"TRIM26"
"J05428_at",0.239367944465817,6.71281779134687,2.24899242080392,0.0275109276484386,0.113695885916359,-4.21773626584208,"UGT2B7"
"M16707_rna1_s_at",-0.698789512270619,8.03877345573414,-2.2477209489262,0.0275957938730599,0.113921554517207,-4.22040033433513,"H4C14"
"J03474_at",-0.301847229915613,4.42446293575711,-2.24764451983944,0.0276009025765393,0.113921554517207,-4.22056043168756,"SAA1"
"X59770_at",0.326794511113318,7.85444291703323,2.24745651810458,0.0276134726056577,0.113921554517207,-4.22095422209594,"IL1R2"
"U50079_s_at",-0.328103013152861,9.93853808034692,-2.24711594845789,0.0276362563456629,0.113949607569827,-4.2216675099507,"HDAC1"
"D82070_at",0.377453359883217,8.35335386102918,2.24642369339891,0.0276826184566432,0.114068447496504,-4.22311707690064,"LINC01587"
"U90544_at",-0.222765949026122,6.2709264374427,-2.24620797134924,0.0276970799013114,0.114068447496504,-4.22356871481625,"SLC17A2"
"U08023_at",0.400292445753789,6.8286681714607,2.24570576179895,0.0277307724796595,0.114141268480076,-4.22461999987375,"MERTK"
"D16562_at",-0.337119225332081,11.3113696947743,-2.244932769973,0.0277827019644277,0.114289026142184,-4.22623771941957,"ATP5F1C"
"M33772_s_at",0.405838678706871,6.48589032252138,2.24335336958321,0.0278890719576253,0.114660434824631,-4.22954158771855,"TNNC2"
"X82693_at",0.517948781851495,7.4755989054199,2.24078004931895,0.0280631483366308,0.11530961642181,-4.23492025574769,"LY6D"
"X66417_at",0.259013075560976,9.10973780055484,2.23893701366101,0.0281884100885897,0.11575758958615,-4.23876920702858,"CSN3"
"M69177_at",0.360327620465702,7.2619627972484,2.23721982734889,0.0283055606972551,0.11612223377886,-4.24235285781392,"MAOB"
"U86759_s_at",0.912843339176098,7.37978172919011,2.23691158700436,0.028326634858238,0.11612223377886,-4.24299588110993,"NTN3"
"S68616_at",0.336129853352862,9.66433983339761,2.236890922395,0.0283280481753592,0.11612223377886,-4.2430389870024,"SLC9A1"
"L77730_at",0.256036398472537,7.6784094117255,2.23668171040843,0.0283423603275658,0.11612223377886,-4.24347537880498,"ADORA3"
"M97016_s_at",-0.24452005636447,4.4084522387884,-2.23643538997923,0.0283592192097992,0.116124568493199,-4.24398912895872,"BMP8A"
"S75168_rna1_at",0.297883466273062,9.33608049820193,2.23540065299864,0.0284301359454675,0.116348128102892,-4.24614674040194,"MATK"
"U90914_at",0.343772942869881,6.9388408407443,2.2340845891441,0.0285205589046772,0.116651213098935,-4.24888971289545,"CPD"
"L40933_at",0.515984165650682,5.35021697987886,2.23244167785521,0.0286337932929096,0.117047197468551,-4.25231193517594,"PGM5"
"U62389_at",0.314298946191863,7.53310857052591,2.23162074412402,0.0286905224096973,0.117211882096695,-4.25402113780029,"IDH1"
"U17714_at",-0.224351475879082,7.75240866733323,-2.23070103511978,0.0287541944936812,0.117404726543788,-4.25593534255991,"ST13"
"U37431_at",0.342359413093806,6.39092250659427,2.2294175635661,0.0288432576323244,0.117652215081409,-4.25860550328555,"HOXA1"
"U18321_at",-0.448896523557955,7.50794811807594,-2.22935198428593,0.0288478148355033,0.117652215081409,-4.25874189982958,"DAP3"
"X65867_at",-0.229079533936327,8.73148828867713,-2.22903900021307,0.0288695732863682,0.117673635196409,-4.25939281866382,"ADSL"
"X05276_at",-0.561704278834444,10.1007408576289,-2.22711047515709,0.0290039614919836,0.118137877109807,-4.26340185156332,"TPM4"
"U50950_at",-0.196218333617499,7.3701647720223,-2.22692934800539,0.0290166114208544,0.118137877109807,-4.2637782247848,"ORC3"
"M22382_at",-0.444751279886843,10.855030622747,-2.22444689760145,0.0291904748488701,0.118715619128413,-4.26893394508739,"HSPD1"
"X99226_at",-0.428071092076606,5.44054297140466,-2.22442775087393,0.0291918193760848,0.118715619128413,-4.2689736908249,"FANCA"
"M31165_at",0.306470083784674,6.88254329250437,2.21990369607432,0.0295110373375815,0.11994537353456,-4.27835658939536,"TNFAIP6"
"X94612_at",0.426296057663991,7.30296841908739,2.21957778197649,0.0295341517552225,0.119970921859249,-4.27903189266155,"PRKG2"
"U32519_at",-0.406895142004782,8.5813782766668,-2.21828694333053,0.0296258565416257,0.120274903920985,-4.28170569743974,"G3BP1"
"S83249_at",0.244475842521131,5.98012726154344,2.21776643615502,0.0296629054665589,0.120300751251239,-4.28278347667332,NA
"L41147_at",0.601027755645828,6.233622698525,2.21772336700013,0.0296659728853526,0.120300751251239,-4.28287264719514,"HTR6"
"L31801_at",-0.267410678838768,9.54600505442436,-2.21668425639478,0.0297400635719476,0.120525676043772,-4.28502356734168,"SLC16A1"
"M19283_at",-0.290365788483342,13.0289402475671,-2.21647152488468,0.0297552517656106,0.120525676043772,-4.28546380517085,"ACTG1"
"U70987_at",0.495162726139625,5.46375815220131,2.21553966447523,0.0298218631671953,0.120726895240735,-4.28739181192248,"DOK1"
"D37984_s_at",-0.185120351325352,6.81682941231382,-2.21526186342671,0.0298417462864821,0.120738824787929,-4.28796644170187,"RECQL"
"X89430_at",-0.442507649865121,6.91489663926709,-2.2140957957556,0.0299253324409513,0.121008335207908,-4.29037775968146,"MECP2"
"M37238_s_at",-0.326654189484723,9.08042064187221,-2.21355660987235,0.029964051796284,0.121096216131354,-4.29149237061921,"PLCG2"
"D82345_at",-0.573825232786182,7.66451987501618,-2.2128151322859,0.0300173696399283,0.121184723026084,-4.29302477421485,"TMSB15A"
"D88378_at",-0.212183108602518,7.46504738745883,-2.21277928242952,0.0300199496232381,0.121184723026084,-4.29309885336306,"PSMF1"
"D78514_at",-0.304984063723035,6.40665792686358,-2.21054107656979,0.0301814107403009,0.121767559234638,-4.29772174518258,"UBE2G1"
"U89606_at",0.476506210481723,4.95018243117487,2.21013186288599,0.0302110130594244,0.121818049830677,-4.2985665120127,"PDXK"
"U27109_at",0.209172088192052,6.74990751244824,2.20856606266264,0.030324517497814,0.122206605563548,-4.30179763576832,"MMRN1"
"U96915_at",-0.491667620564026,9.61805754235125,-2.20694895549921,0.0304421334454732,0.122611282108914,-4.30513253517875,"SAP18"
"U09477_at",-0.225717070557911,8.40367755025022,-2.20646277664907,0.0304775724558906,0.122680673738555,-4.30613474640915,"TP53BP1"
"HG3076-HT3238_s_at",-0.328524478188818,11.3269598306445,-2.20624060177348,0.0304937794732387,0.122680673738555,-4.30659267446713,NA
"U41515_at",-0.46250458969255,8.44262161341812,-2.20543823795612,0.0305523725224822,0.122847074852101,-4.30824610344997,"SEM1"
"HG2874-HT3018_at",-0.342380395173501,8.88586159903873,-2.20325145361816,0.0307125648452116,0.123421575412353,-4.31274973632799,NA
"D10922_s_at",0.183478976846243,6.35087982497724,2.20228012753588,0.0307839548313427,0.123638768446559,-4.31474890816557,"FPR2"
"X16560_at",-0.363431725186434,11.5653243185422,-2.20168964761907,0.0308274246205604,0.123687603040153,-4.315963850379,"COX7C"
"L36645_at",-0.397909440216913,7.05217837910608,-2.20142163882277,0.0308471725568395,0.123687603040153,-4.31651519803886,"EPHA4"
"U34044_at",-0.32739729680718,7.48859806717481,-2.20140819304656,0.0308481635861121,0.123687603040153,-4.31654285714241,"SEPHS1"
"M28213_s_at",0.354713086375957,7.95110607918034,2.20034526962918,0.030926595328968,0.123932376672407,-4.3187289136103,"RAB2A"
"D38437_f_at",-0.278006830473587,7.99831343206892,-2.19951322671366,0.0309881125352994,0.124109131609073,-4.32043948675238,"PMS2P3"
"U79718_at",-0.248518666799789,9.05082057389686,-2.19892767605764,0.0310314695354609,0.124163768994764,-4.32164296442933,"NTHL1"
"M93119_at",0.19833632117851,6.74549607867386,2.19885859585662,0.0310365880696689,0.124163768994764,-4.32178492594942,"INSM1"
"U33841_at",-0.360525073314895,7.38358349006232,-2.19845269700074,0.031066678301298,0.124214441733008,-4.32261897935517,"ATM"
"D86981_at",-0.232469211473502,6.72131490268221,-2.19784713575766,0.0311116174663352,0.12432439513313,-4.32386305487522,"APPBP2"
"D38521_at",0.348889766860738,8.57068408519267,2.19706347158825,0.0311698582890814,0.124487349996001,-4.32547258323565,"PSME4"
"X85753_at",-0.312685865045174,6.04227400021706,-2.19657750675691,0.0312060224554393,0.124541959235895,-4.32647042975393,"CDK8"
"D31884_at",0.27636854831019,9.67354418785815,2.19641033785784,0.031218471195756,0.124541959235895,-4.32681363816261,"JOSD1"
"Z36714_at",-0.886671123926207,5.24175115499222,-2.19496061856229,0.0313266114482788,0.124903474840481,-4.32978904609323,"CCNF"
"L76380_at",0.242807729475314,7.99570326221247,2.19416974466378,0.0313857439870218,0.125069295071816,-4.33141151339877,"CALCRL"
"X14690_s_at",0.31130051398557,6.72908205062937,2.19379155986385,0.0314140548565625,0.125112177135438,-4.3321871737072,"ITIH3"
"X63337_at",0.256790803189444,7.79726157668881,2.19215947287619,0.0315364892650486,0.125529666091866,-4.33553325644495,"KRTAP1-1"
"M26856_s_at",-0.376165676570825,3.96463207822282,-2.19060188557133,0.0316537242167477,0.12592600443147,-4.3387245686002,"CYP21A2"
"U19948_at",0.259227654349552,8.28520933109166,2.18937962300974,0.0317459871689709,0.126222611560286,-4.3412274497545,"PDIA2"
"L01406_at",-0.520668905467816,5.92680669017225,-2.18908951389131,0.0317679206895984,0.126239412818365,-4.34182133947817,"GHRHR"
"D38462_at",0.152866691765817,6.15658757653575,2.18870531338649,0.0317969883383993,0.126284529172395,-4.34260774002484,NA
"M74524_at",-0.465907133257896,8.04342786888243,-2.1881259040906,0.0318408690062073,0.126388393733436,-4.34379347501654,"UBE2A"
"X72177_rna1_at",0.252723825000395,8.14216689668195,2.18555845289227,0.0320359490831533,0.127091976078909,-4.34904434026058,"C6"
"M64710_s_at",-0.395492185506548,4.24529501611712,-2.18474948490397,0.0320976322995722,0.12726586243807,-4.3506976959618,"NPPC"
"J04739_at",0.512962319841983,7.16518545506009,2.18424829824886,0.0321358995047338,0.127346763518203,-4.3517217441871,"BPI"
"M17254_s_at",-0.81592389282994,6.2017626793862,-2.18346004253232,0.032196166076873,0.127514704423349,-4.35333192908515,"ERG"
"D38047_at",-0.251535100031928,10.8806371577793,-2.18319077375253,0.0322167758216497,0.127525482971983,-4.35388185286276,"PSMD8"
"M37197_at",-0.30978805748337,7.92471578247326,-2.18256771492577,0.0322645087779562,0.127643553317453,-4.3551540891904,"CEBPZ"
"S62539_at",-0.262071718450843,6.53709698215084,-2.18201622941674,0.0323068100341262,0.127740015936376,-4.35627991309592,"IRS1"
"L36529_at",-0.383229013627943,7.1439861104805,-2.18106119723976,0.0323801797215666,0.12795914702608,-4.35822896317542,"THOC1"
"L32137_at",0.349845856676311,7.39172001624349,2.17965597939995,0.0324883994622268,0.128315678540839,-4.36109540229219,"COMP"
"L15344_at",0.746314801868017,5.36737630024211,2.17926351286767,0.0325186808296051,0.128364161480761,-4.36189568744473,"TXLNA"
"M69039_at",-0.356711912195339,9.68516273696517,-2.17796579572074,0.0326189839431219,0.128685944222681,-4.3645409850874,"C1QBP"
"U82169_at",0.38667159649405,8.02394294410904,2.17774210640513,0.0326363006248573,0.128685944222681,-4.3649968191727,"FZD9"
"U79280_at",0.603252506435243,6.78442842189558,2.1768006049245,0.0327092741112648,0.128875914703947,-4.36691496094098,"CSDC2"
"J00117_f_at",-0.377400437931772,3.21368052810588,-2.17665419463492,0.0327206348175262,0.128875914703947,-4.36721318052524,"CGB3"
"AB004884_at",-0.24255365125682,9.54108559961071,-2.17544851176526,0.0328143209635464,0.129173547293828,-4.36966833809653,"TLK2"
"U25041_at",-0.262696616114455,5.33858789386106,-2.17495467650837,0.0328527614498495,0.129253496896235,-4.37067360095429,"MRPL12"
"M80335_at",-0.367996607370657,8.33153701410658,-2.17365015346376,0.0329544957448523,0.129582239473278,-4.37332815657637,"PRKACA"
"U49188_at",-0.519108286686813,8.18482917644405,-2.17255956183137,0.0330397575300992,0.129845882818124,-4.37554631411562,"SERINC3"
"M64082_at",0.258188308689519,6.3423997513199,2.17196045914494,0.033086676959831,0.12995863363451,-4.37676441529461,"FMO1"
"M14949_at",0.727909208696555,6.56831825467042,2.17155123152494,0.0331187595441595,0.129996872281691,-4.37759629130892,"RRAS"
"U19517_at",-0.284718038377965,5.16775533698416,-2.17137120099543,0.0331328821624117,0.129996872281691,-4.37796221298165,"LPAL2"
"U51004_at",0.423466728368565,11.4187119317605,2.16998525354185,0.0332417799715225,0.130344488381511,-4.38077833405343,"HINT1"
"X57809_s_at",0.762714951775513,10.2065951785495,2.16977854978646,0.033258048024403,0.130344488381511,-4.3811982023741,"IGLV1-47"
"M21904_at",1.71297831000304,7.0461157820041,2.16942505516035,0.0332858849616289,0.130381908731567,-4.38191615925442,"SLC3A2"
"S75989_at",-0.519229715869463,7.43449410237283,-2.16885553682839,0.0333307760925143,0.130446129795629,-4.38307265004683,"SLC6A11"
"U67368_s_at",0.226410354078419,6.79656296687218,2.16875284478398,0.0333388762081127,0.130446129795629,-4.38328115300148,"EXT2"
"L21893_at",0.303846823425234,8.80962504766012,2.16802880091421,0.0333960359424589,0.130598102157866,-4.38475098481681,"SLC10A1"
"U60325_at",-0.323130833493897,8.59516197340722,-2.16605803135534,0.0335520521909022,0.131136282932534,-4.38874952691908,"POLG"
"U52521_at",0.251551727679597,7.81689746033615,2.16519814029352,0.0336203247038704,0.131235098667643,-4.39049318044308,"ARFIP1"
"U10324_at",-0.90356662246739,6.94364675235466,-2.16497986837226,0.0336376740578685,0.131235098667643,-4.39093568699542,"ILF3"
"U54644_s_at",0.231122040442113,9.80987775522352,2.16496150227399,0.0336391342444053,0.131235098667643,-4.39097291912698,"TUB"
"M13928_s_at",0.451505577244497,7.21431526922907,2.16481266725494,0.0336509693315264,0.131235098667643,-4.39127463030436,"ALAD"
"D13969_at",-0.325869375780933,5.43197315426182,-2.16298972128605,0.0337962217461511,0.131729505100225,-4.3949685407963,"PCGF2"
"HG870-HT870_at",0.262184715276316,6.0716115291311,2.16243868132971,0.0338402361828255,0.131828985654297,-4.39608459787411,NA
"M60278_at",-0.921634634728262,7.36518478050505,-2.1620637649383,0.0338702112956455,0.131873695426902,-4.39684379767202,"HBEGF"
"M31659_at",0.208258601782584,7.06690024029318,2.1616616579901,0.0339023860783683,0.13192691613138,-4.3976579294197,"SLC25A16"
"U61234_at",-0.326348221353554,8.68415695777685,-2.16143038399022,0.0339209036566228,0.13192696244848,-4.39812612147716,"TBCC"
"D14689_at",0.447939991753275,9.23093956031781,2.16092356666509,0.0339615142164038,0.132012887049478,-4.39915197073372,"NUP214"
"M27819_at",0.479957940159442,7.19650088391805,2.1592121520797,0.0340989610659756,0.132474928304817,-4.40261448430098,"SLC4A1"
"L43964_at",0.280066378828379,6.06329501030381,2.15852687648707,0.0341541326990903,0.132617000006435,-4.40400024993514,"PSEN2"
"M84711_at",-0.273665830843683,13.7033156190033,-2.15827160474425,0.0341747045569666,0.132624642779867,-4.40451636214588,"RPS3A"
"X68688_rna1_s_at",0.706057130480852,8.33879493215817,2.15772607137461,0.0342187042685869,0.132723146208246,-4.40561914984229,"ZNF33A"
"X51602_at",0.177088410645464,5.81066004221629,2.1573159335321,0.0342518162499836,0.132779335533515,-4.40644807614599,"FLT1"
"L42583_f_at",0.203577121963619,8.76095414158311,2.1557604330408,0.0343776517725858,0.133130481447093,-4.40959062709107,"KRT6A"
"X81372_at",-0.337469273118765,7.1744316017112,-2.15569863794923,0.0343826591321756,0.133130481447093,-4.40971542950902,"BPHL"
"M94556_at",-0.337974723825871,9.71573882134591,-2.15550416817316,0.0343984214932734,0.133130481447093,-4.41010816345714,"SSBP1"
"U25988_at",0.442952341993529,9.34747708548298,2.15417003276245,0.0345067271599466,0.133477188238339,-4.41280162549451,"PSG11"
"X98296_at",-0.484215701531056,8.02767182960157,-2.15363660999339,0.0345501137650159,0.133572538519956,-4.41387813289067,"USP9X"
"U48437_at",0.52319290519895,8.49170833264569,2.1533244979394,0.0345755218339081,0.133598317156602,-4.4145079015724,"APLP1"
"J04152_rna1_s_at",0.248015162643441,6.38519213016281,2.15191999042587,0.0346900600743905,0.133968276419464,-4.41734087406919,"TACSTD2"
"U79251_at",0.334685787687843,7.47061482506029,2.15101078246483,0.034764382615325,0.13418261162136,-4.41917393216579,"OPCML"
"U26424_at",-0.221539567427431,6.81116938270865,-2.15070745803563,0.0347892085009479,0.134204413380304,-4.41978531430596,"STK3"
"M11186_at",0.644742649589054,6.92034696527114,2.15046474626034,0.0348090846103246,0.134204413380304,-4.42027447068245,"OXT"
"D17427_at",0.240104224055497,7.62724878612696,2.15025210297925,0.0348265064880857,0.134204413380304,-4.42070298772304,"DSC3"
"HG2365-HT2461_at",-0.446410487162414,5.54129923026698,-2.14975956133988,0.0348668896424126,0.134287442604408,-4.42169541055009,NA
"D29675_at",0.546613888402625,6.06112745588664,2.14904380397537,0.0349256468311006,0.134441110290991,-4.42313723458446,"NOS2"
"V01510_rna1_at",-0.335462720191391,3.70599942430122,-2.1483561498231,0.0349821782411016,0.134586048937298,-4.42452204960045,"POMC"
"X66358_at",-0.420958536172008,5.46306312394173,-2.14785001473252,0.0350238380544277,0.134673646974118,-4.42554106792417,"CDKL1"
"D83777_at",0.628542293742263,5.33909701929509,2.14561982607512,0.0352079193680522,0.135308494433878,-4.43002866331514,"SCRN1"
"S77154_s_at",0.713751703789962,7.676599703764,2.14361668152148,0.0353739780960257,0.1358734320294,-4.43405590192333,"NR4A2"
"M69013_at",-0.274350451422288,8.39829586710137,-2.14283647533894,0.0354388407446849,0.135996658265498,-4.43562357797097,"GNA11"
"M36205_at",-0.394900291387641,5.21655997253896,-2.14277191622065,0.0354442125203107,0.135996658265498,-4.43575327474513,"VAMP2"
"HG2280-HT2376_at",0.193261726562778,9.9866503220482,2.13957336262361,0.0357112440306295,0.136947530228272,-4.44217473740275,NA
"X60787_s_at",-0.419409361153566,5.25206068309563,-2.13929028306567,0.0357349610801176,0.136964805129117,-4.44274264515646,"FOXK2"
"U78027_rna3_at",-0.271542202679308,13.1554487169679,-2.13843672567537,0.0358065570708725,0.137102725440512,-4.44445463190369,"RPL36A"
"HG4755-HT5203_s_at",-0.526316008294385,7.16014595198896,-2.13840275947408,0.0358094087207509,0.137102725440512,-4.44452274573066,NA
"D44466_at",-0.50430551052541,7.56192744943146,-2.13781749075962,0.035858576309925,0.137217278858537,-4.44569625958903,"PSMD1"
"U08006_s_at",0.228024779847924,7.13121980048667,2.13555289303204,0.0360493757867976,0.137873390549399,-4.45023430596415,"C8A"
"D21205_at",0.336234596757032,3.96514998688631,2.13510945437413,0.0360868401265073,0.137942671990279,-4.45112242028024,"TRIM25"
"Z80783_at",0.345283100585993,8.41527236125292,2.13351113324821,0.0362221570314595,0.138385722120726,-4.4543221725475,"H2BC4"
"Y09443_at",-0.284300363992208,7.7442346608238,-2.13316076538205,0.0362518787521391,0.138425090318157,-4.45502330783541,"AGPS"
"HG4128-HT4398_at",-0.421426653886969,5.64391527759614,-2.13257137070747,0.0363019249844929,0.138514391195337,-4.45620254036117,NA
"D50916_at",-0.488873454255701,7.16504773850558,-2.13238141481802,0.036318067173539,0.138514391195337,-4.45658253377096,"UBE4A"
"U26727_at",-0.576339390868775,7.22180849740048,-2.13219923166027,0.0363335547110788,0.138514391195337,-4.45694695034824,"CDKN2A"
"U78678_at",0.2296715429445,10.1925753796864,2.12960219899953,0.0365549558934176,0.139283955405758,-4.46213874768185,"TXN2"
"Z29331_at",-0.496484106988505,6.73027729596337,-2.1292704624618,0.0365833212813712,0.139317573405393,-4.46280152923804,"UBE2H"
"HG180-HT180_at",0.484534892131216,6.60575835295537,2.12841653249666,0.0366564252670882,0.13952143925738,-4.46450719029475,NA
"M30607_s_at",0.346881820988764,6.61024327764192,2.12792017477617,0.036698976231342,0.139608858886466,-4.46549835034066,"ZFY"
"U66061_cds3_at",0.306272956880379,7.56193279405344,2.12688706265243,0.0367876789335058,0.139671612716129,-4.46756068342845,"PRSS2"
"M14539_at",1.06747314191099,7.57409852477385,2.12685556167215,0.0367903865236212,0.139671612716129,-4.46762355286518,"F13A1"
"X85785_rna1_at",0.200784494975343,9.13103551398694,2.12683562392436,0.0367921003137305,0.139671612716129,-4.46766334405874,"ACKR1"
"D87452_at",-0.514999823754872,8.51515120318569,-2.12681538031462,0.0367938404658284,0.139671612716129,-4.46770374534634,"IP6K1"
"X76029_at",0.267293760923961,7.27124354516171,2.1259786630924,0.0368658277621188,0.139870402403483,-4.46937333127985,"NMU"
"M33987_at",0.248508185087432,7.0061647310305,2.12568234493789,0.0368913509468735,0.139892787712905,-4.46996446571051,"CA1"
"X77909_at",0.601975852053607,7.45998471277061,2.12445272573803,0.0369974276053781,0.140220447314588,-4.47241669516759,"NFKBIL1"
"L32606_at",0.390645823597814,5.0095169795812,2.12383432135186,0.0370508761468775,0.140328476425577,-4.47364950587279,NA
"U12535_at",0.177961760703178,6.15791412459454,2.12366757311165,0.0370652996366056,0.140328476425577,-4.47398187009795,"EPS8"
"X98178_s_at",0.399351898084169,7.18293193244001,2.12248994145806,0.0371673020930855,0.140639966359664,-4.47632848148592,"CASP8"
"U11732_at",0.446155693066305,7.57898886236314,2.12146349018286,0.0372564086525188,0.140902353996714,-4.47837290589872,"ETV6"
"M59499_at",0.275080730266105,6.88429930731385,2.12101591855842,0.0372953205509515,0.140927332858019,-4.47926407910177,"TFPI"
"Y08134_at",0.232998112832496,8.53959280501627,2.12093281180476,0.037302549740929,0.140927332858019,-4.47942953716748,"SMPDL3B"
"HG4557-HT4962_r_at",-0.407959415654244,8.05683795655237,-2.12068006111353,0.0373245431935669,0.140935735395624,-4.47993270587744,NA
"M64572_at",-0.722332253585429,5.44433420033624,-2.11952973640248,0.0374247826396327,0.14123942585386,-4.48222207013269,"PTPN3"
"U90919_at",0.328135333880331,7.54464392759331,2.11789738951744,0.0375674268108762,0.141702743774993,-4.48546886776057,"ZNF410"
"X89067_at",0.257113451389527,6.30475326581754,2.11707392007779,0.0376395654514183,0.141899768431074,-4.48710594045116,"TRPC2"
"M77235_at",-0.314288045187339,5.31334141040051,-2.11620136702563,0.0377161351910524,0.142075960669664,-4.48883997884111,"SCN5A"
"L38696_at",-0.358251464284876,9.72828401095574,-2.11608724460433,0.0377261598467772,0.142075960669664,-4.48906672944088,"RALY"
"M16336_s_at",-0.976442744659315,6.76030774777391,-2.11316431301919,0.037983703298546,0.142949249955144,-4.49487064069994,"CD2"
"X89986_s_at",0.357685701397783,6.13908229667465,2.11295218433816,0.0380024534919737,0.142949249955144,-4.49529157762934,"BIK"
"D63477_at",-0.339742261971695,7.48674291000071,-2.11275389084493,0.0380199880475482,0.142949249955144,-4.49568502698447,"EFR3A"
"M96982_at",-0.363721171793907,10.980307783211,-2.11254738774023,0.0380382560197655,0.142949249955144,-4.49609473098378,"U2AF1"
"X90976_s_at",0.3064174026851,3.82592990945229,2.11043938593244,0.0382251732563825,0.143519944744513,-4.50027500108782,"RUNX1"
"X79353_at",-0.479928667809313,8.93531458543565,-2.11038080007732,0.0382303794459014,0.143519944744513,-4.50039112701745,"GDI1"
"M68941_at",-0.262796520773994,7.75143358482193,-2.10939368567399,0.0383181912028154,0.143773886886774,-4.50234730704163,"PTPN4"
"X87241_at",-0.448718115600482,6.80968661435644,-2.1084621772414,0.0384012167758224,0.14400961304305,-4.50419255002024,"FAT1"
"D87448_at",-0.401239631875888,7.07464570942431,-2.10768191572619,0.0384708817277861,0.144195013584325,-4.50573763059958,"TOPBP1"
"Y09216_at",-0.323480423310961,8.98077924182326,-2.10673693803177,0.0385553999649542,0.144426542556649,-4.50760820666862,"DYRK2"
"X54150_at",0.185541176703319,6.62628903319987,2.10653847154787,0.0385731711359041,0.144426542556649,-4.5080009753108,"FCAR"
"S34389_at",0.689207768822391,6.79545748805092,2.10544774347322,0.0386709644283144,0.144632946363055,-4.51015896126405,"HMOX2"
"M62831_at",-0.549916827918116,11.7320740238373,-2.10517540517622,0.0386954154493819,0.144632946363055,-4.51069762352534,"IER2"
"X65784_s_at",-0.246305162267443,9.3114044422701,-2.10511837032173,0.0387005378383507,0.144632946363055,-4.51081042587065,"SPG7"
"D31763_at",-0.321898920326359,6.74164022501843,-2.10501916566638,0.0387094489634884,0.144632946363055,-4.51100662433001,"ZNF33A"
"U74667_at",0.661041019233191,8.08176953652325,2.1030125970985,0.0388900726457741,0.145231706595979,-4.51497328819064,"KAT5"
"S81264_s_at",0.26072379616466,8.61607126347247,2.10140560718525,0.0390352542145428,0.145697553557841,-4.51814763629273,"TBX2"
"X83973_at",-0.203631395635812,8.71448116178763,-2.10045470289038,0.0391213835572107,0.145885781137155,-4.52002498265299,"TTF1"
"U80073_at",0.387345801790053,8.95699447852901,2.10039704238969,0.0391266115211448,0.145885781137155,-4.52013879615047,"NXF1"
"U77827_at",0.161240256478884,8.880400627857,2.09982724950834,0.0391783060805253,0.146002166256176,-4.52126333634194,"GPER1"
"S76942_s_at",0.597552184928647,9.42621366655819,2.09910644467243,0.0392437860134168,0.146128142224587,-4.52268552614958,"DRD4"
"U50531_at",0.232864084456458,7.26745568899812,2.09900393523653,0.0392531059559664,0.146128142224587,-4.52288774812844,"N4BP2L2-IT2"
"D00017_at",0.89593313595986,10.1261206127039,2.0984537272252,0.0393031624924708,0.146238123908572,-4.52397300280203,"ANXA2"
"M16707_rna1_at",-0.852302622154216,4.45680287008357,-2.09801001272627,0.0393435707956697,0.146249370177356,-4.52484802155094,"H4C14"
"L24804_at",-0.363691811925326,9.27290216247268,-2.09797002169987,0.0393472144761073,0.146249370177356,-4.52492687705015,"PTGES3"
"Y00477_at",0.299198398472649,9.38084101318579,2.09723781304448,0.039413979501263,0.146421188048204,-4.52637043276676,"ELANE"
"X57398_at",0.262104595756194,9.67673241378026,2.09693338679847,0.0394417668898331,0.146430384327752,-4.52697048049171,"NOMO1"
"M21934_at",0.355164681032148,7.48269941588045,2.09676071906789,0.0394575351793535,0.146430384327752,-4.52731078770446,NA
"HG3117-HT3293_at",0.400549085010055,5.08659107055877,2.09600289363351,0.0395268055906092,0.146611132703149,-4.52880407663837,NA
"Z50781_at",-0.456999193117554,11.0375359116894,-2.09529932218081,0.0395912110898846,0.146769827157367,-4.53019003077426,"TSC22D3"
"U47927_at",-0.440514168815874,8.44892132690659,-2.09508590392878,0.0396107655282331,0.146769827157367,-4.5306103585445,"USP5"
"D42045_at",0.200521557756668,6.2079960866313,2.09454541158598,0.0396603255387743,0.146877122475804,-4.53167468998161,"DCLRE1A"
"U25165_at",-0.375228980803554,9.00259238819705,-2.09428715886495,0.0396840247685279,0.1468885838914,-4.53218315249411,"FXR1"
"U35113_at",-0.767024527918061,7.59941985436203,-2.09376276049382,0.0397321852817269,0.146948213839562,-4.53321544676111,"MTA1"
"M21142_cds2_s_at",-0.296516344750671,12.9090850006021,-2.09366292221445,0.0397413601182039,0.146948213839562,-4.53341195553657,"GNAS"
"L07493_at",-0.281618282934902,7.92149918890601,-2.0921921285132,0.0398767343661276,0.147319737195038,-4.53630591438264,"RPA3"
"X97795_at",-0.543208917200745,6.67851283952245,-2.09207746567789,0.0398873048773613,0.147319737195038,-4.53653145126336,"RAD54L"
"M79463_s_at",0.417436280288978,8.72700670278128,2.09189825048486,0.039903831185807,0.147319737195038,-4.53688393793771,"PML"
"M58460_at",-0.222579166454279,6.24841502437073,-2.0916048638939,0.0399308985932032,0.147343362355562,-4.53746092316207,"EXOSC9"
"U44754_at",-0.209125650633713,7.38744161805967,-2.09091055037183,0.0399950182481881,0.14750361360131,-4.53882610100613,"SNAPC1"
"U20908_at",-0.275853968251401,9.20138343233147,-2.08953362823619,0.0401224403093505,0.147897040830072,-4.54153225460964,"PWWP3A"
"V00594_at",1.48213596984257,3.56368802153217,2.08925135400847,0.0401486056702985,0.147917007660753,-4.54208683124603,"MT2A"
"M63962_rna1_at",-0.509851153516235,5.64852207079221,-2.08884239458133,0.0401865402925893,0.147980292224106,-4.54289018516632,"ATP4A"
"HG3288-HT3465_at",0.246826912298421,7.18469761870958,2.08740184180418,0.0403204115663244,0.148396599925827,-4.5457188761115,NA
"U07559_at",0.254744596304992,7.60004374242884,2.08599578849827,0.0404514487752245,0.148802052795963,-4.54847815576366,"ISL1"
"AFFX-M27830_M_at",-0.693186493154862,11.1954107154483,-2.08548784282668,0.0404988773129813,0.148899688687078,-4.54947455788922,NA
"U44105_at",0.169893255372382,6.22206403999238,2.08392251975276,0.0406453393148485,0.149361146379152,-4.55254379193639,"RAB9BP1"
"D49489_at",-0.390295457903465,10.0282638592802,-2.08267390378712,0.0407624963858826,0.149714495999463,-4.55499057234893,"PDIA6"
"X15341_at",-0.290679703643081,12.0449727085502,-2.08191167597542,0.0408341593536251,0.149900474784755,-4.55648359032974,"COX6A1"
"X14789_at",0.240577611120475,8.56896948914095,2.08132534376595,0.0408893591248746,0.149957804324133,-4.55763174206805,"CRYAA"
"AFFX-HUMGAPDH/M33197_5_st",0.492625346989521,6.90331970352585,2.08129894209287,0.0408918462064966,0.149957804324133,-4.55768343489747,"GAPDH"
"X78031_at",-0.440237032852396,8.88678873938202,-2.0809272885485,0.040926870474337,0.150009079491799,-4.55841104765651,"FUT7"
"U77456_at",-0.665855746422464,8.28441692396473,-2.08039052595713,0.0409775002427262,0.150117471341416,-4.55946170283581,"NAP1L4"
"U37122_at",-0.322183437917241,9.97112813956508,-2.07931421616583,0.0410791856265475,0.150404866362276,-4.56156773951122,"ADD3"
"J02947_s_at",0.633308302698008,6.84198348110772,2.07904135184356,0.0411049993784953,0.150404866362276,-4.56210150494258,"SOD3"
"Z80779_at",-0.292690178706358,6.59674458974044,-2.07889085126077,0.0411192431673552,0.150404866362276,-4.56239588111356,"H2BC7"
"D13748_at",0.343220852942274,12.3577745841804,2.07850189236217,0.041156075072622,0.150462389329601,-4.56315658949399,"EIF4A1"
"HG110-HT110_s_at",-0.342733800476767,10.8445725818714,-2.07609243116124,0.0413848716886051,0.151221296908286,-4.56786609180944,NA
"X13810_s_at",0.788778966166934,8.14751929357647,2.07475597066935,0.0415122520856415,0.1515114383483,-4.57047623079646,"POU2F2"
"X91809_at",-0.430034644531194,9.95636200310175,-2.0747257398577,0.041515137351464,0.1515114383483,-4.57053525503733,"RGS19"
"D42041_at",0.270924724106951,9.5874235441901,2.0745906411116,0.0415280334594724,0.1515114383483,-4.57079901967197,"GANAB"
"U18271_cds1_at",-0.407852389563763,6.77935576504837,-2.07394427030652,0.04158978192489,0.151651279487297,-4.57206077278842,"TMPO"
"HG2887-HT3031_at",-0.213510262186034,-0.902262854986184,-2.0737442341019,0.0416089076556533,0.151651279487297,-4.57245118430136,NA
"U93867_at",-0.16302413289795,7.46078548954739,-2.07297080605484,0.0416829276603981,0.151843429377097,-4.57396037268034,"POLR3C"
"U62966_at",-0.489610778072265,5.61895206557672,-2.0725393392167,0.0417242700888745,0.151916405241872,-4.57480207580265,"SLC28A1"
"X97444_f_at",0.239927302233708,8.45288888307169,2.07052979903876,0.0419172878623279,0.152541268591391,-4.57872022653016,"TMED10P1"
"X70070_at",1.15554823127612,5.44887320608116,2.06982616061335,0.0419850548875093,0.152567716168864,-4.58009136532742,"NTSR1"
"U74612_at",-0.579432964688674,6.09927038135183,-2.06981871943414,0.0419857720486223,0.152567716168864,-4.5801058633044,"FOXM1"
"X91249_at",-0.316390397735169,7.19534620803716,-2.06978773387155,0.0419887584686928,0.152567716168864,-4.58016623334222,"ABCG1"
"X92689_at",0.245012409205877,6.11750737962397,2.06632930570779,0.0423232402358452,0.153704727275263,-4.58689934149855,"GALNT3"
"Z19554_s_at",0.369082176063948,13.6921299651266,2.06610502383997,0.0423450108490328,0.153705489991219,-4.58733564370819,"VIM"
"L39061_at",-0.196818182416346,7.11859416795729,-2.06576520447202,0.0423780148861303,0.153747006678485,-4.58799662430591,"TAF1B"
"U58048_at",0.196664591167073,9.52330555475237,2.06549583932027,0.0424041920219687,0.153763725800923,-4.58852049621313,"CHMP1A"
"D38535_at",0.289931145300841,9.36379629399081,2.06516121494693,0.0424367305426498,0.153803483496975,-4.58917120229,"ITIH4"
"X58199_s_at",0.358556357010654,8.15502438647652,2.06452247672736,0.0424989006051497,0.153950539844569,-4.590413024056,"ADD2"
"U31628_at",0.523946555335419,5.56448664892469,2.06416246319385,0.0425339762915471,0.153999348391285,-4.59111280460253,"IL15RA"
"HG3432-HT3621_at",-0.271996054873594,6.87685317963199,-2.0631300012546,0.0426347064162769,0.154285696467837,-4.59311906326109,NA
"AFFX-ThrX-M_at",0.192707320857115,6.09924058446416,2.06262796040713,0.0426837613874593,0.154384847758091,-4.5940942963441,NA
"HG1111-HT1111_at",0.348610800240501,6.99647442316609,2.06215168510182,0.042730343788291,0.154474959871565,-4.59501928394544,NA
"D00632_at",0.319582856102991,8.08981856888149,2.06132640617993,0.0428111645601141,0.154688693435911,-4.59662163176692,"GPX3"
"D14827_at",0.612743249050983,6.56594884750728,2.06036122190981,0.0429058537505155,0.154952295535676,-4.59849489426363,"GLI2"
"D14662_at",-0.300532969122781,9.36857706244253,-2.06005700539737,0.0429357362664334,0.15498170321185,-4.59908516639754,"PRDX6"
"U02031_at",-0.837081825612793,5.95887909600867,-2.05864394355415,0.0430747736845852,0.155389101110549,-4.60182591835641,"SREBF2"
"X69962_s_at",-0.194725036220138,6.71766410512179,-2.05846717257849,0.0430921942622466,0.155389101110549,-4.60216866283174,"FMR1"
"X86098_at",-0.236528291378849,6.96591802596531,-2.05787559904404,0.0431505373575391,0.15548473437458,-4.6033154852528,"ZMYND11"
"D13637_at",-0.504102583874406,6.35397095668734,-2.05764443946747,0.0431733536439189,0.15548473437458,-4.60376353077807,"TLR1"
"U62531_at",-0.4913311703297,2.82105187639408,-2.05717139011429,0.0432200777580713,0.15548473437458,-4.60468028016058,"SLC4A2"
"X13451_s_at",0.333571963764117,5.58518844280584,2.05713580693101,0.0432235941492219,0.15548473437458,-4.6047492312661,"CD79A"
"M55040_at",0.173656642958941,8.52753228254884,2.05709359463858,0.0432277659602212,0.15548473437458,-4.60483102651388,"ACHE"
"D86960_at",-0.273230756688081,7.2977879832554,-2.05674032433668,0.0432626930281154,0.155531890366835,-4.60551550395613,"LPGAT1"
"X81788_at",-0.298085962438681,7.04910477415728,-2.05577301833779,0.0433584530322372,0.155797586525615,-4.60738916875536,"MRPL58"
"U82970_at",-0.262187238722194,4.42194208473843,-2.05497268351946,0.0434378215555986,0.155972394524834,-4.60893881897437,"PHEX"
"S95936_at",0.329210885933917,6.27733350493907,2.05484133493364,0.0434508592406116,0.155972394524834,-4.60919309172333,"TF"
"X62055_at",0.472267569146625,10.4695311342854,2.05365280716492,0.0435689861747426,0.156317716376316,-4.61149326032684,"PTPN6"
"S52969_cds1_s_at",0.228680686281614,9.34028283883147,2.05323146370326,0.0436109296128894,0.156389495578616,-4.6123084059364,"FUT3"
"AFFX-HSAC07/X00351_5_st",0.523828091954588,5.73257284843567,2.05289928589485,0.0436440214162772,0.156429476458844,-4.61295094370095,"ACTB"
"L49209_s_at",-0.210293246388948,7.08810392153938,-2.05244661569639,0.0436891516016243,0.156512543602,-4.61382640326067,"RB1"
"X59841_at",0.402797297325758,8.39724650809377,2.05107589474973,0.0438260547140919,0.156924130616153,-4.61647631603629,"PBX3"
"X93510_at",0.405574107607014,5.00205059355256,2.05024911732471,0.0439088091335097,0.157141516221281,-4.61807390165749,"PDLIM4"
"U66711_rna1_s_at",0.279154578501208,11.1946269474286,2.04982915952523,0.0439508953993084,0.157213212895971,-4.61888516842452,"LY6E"
"U15932_at",0.475624612143655,7.80837888206832,2.04932296642463,0.0440016699644998,0.157315900289328,-4.61986282638604,"DUSP5"
"AFFX-LysX-3_at",0.500695659450008,6.87401620650648,2.04893379168717,0.0440407411563352,0.157376663510533,-4.62061432974428,NA
"M36067_at",-0.459765965390364,7.93339556941746,-2.04833106484357,0.0441013108946977,0.157514150986122,-4.62177795530588,"LIG1"
"U22314_s_at",0.393870878828041,6.64812224034782,2.04656444327107,0.0442792572962943,0.157948593979831,-4.62518684251985,"REST"
"S52028_s_at",0.187709295270057,6.84124369041623,2.04652252435143,0.0442834871608645,0.157948593979831,-4.62526769780185,"CTH"
"D42039_at",-0.580656417618457,6.10387538570296,-2.04646378415532,0.0442894149762494,0.157948593979831,-4.62538099631187,"MESD"
"Y07847_at",0.272561574965613,8.07138827765789,2.04605733405962,0.0443304509501483,0.158015892411804,-4.62616488083333,"RASL10A"
"M82809_at",0.372466024139211,8.2435257652079,2.04377609928717,0.0445613768597298,0.158759647992511,-4.63056192475925,"ANXA4"
"D83782_at",-0.826615629176453,5.60431710007285,-2.04329448139914,0.0446102624915772,0.158854426225002,-4.6314896771598,"SCAP"
"U90543_at",-0.393376133284044,4.81253045330222,-2.04244316832242,0.0446967862073703,0.159083069831424,-4.63312910617119,"BTN2A1"
"X04828_at",0.77716244838629,9.74923742903638,2.03999320736164,0.0449465959653249,0.15989235660519,-4.63784375962258,"GNAI2"
"U13045_at",-0.263730499772765,7.68458580728433,-2.03949392579244,0.0449976522218937,0.159988777736311,-4.63880394821262,"GABPB1"
"X71874_cds1_at",-0.702632730048594,10.3932774091922,-2.03928936997951,0.0450185843931884,0.159988777736311,-4.63919727730116,"PSMB10"
"M74491_at",0.261607200448154,10.7782573211601,2.03880178837106,0.0450685123502404,0.160086409837999,-4.6401346793216,"ARF3"
"L13800_at",-0.287042929675944,7.4526766476108,-2.0380702112164,0.0451435146211729,0.160251156100602,-4.64154080129928,"TUBGCP3"
"X63575_s_at",0.216174177019183,6.94578477932582,2.03791101086392,0.0451598502743875,0.160251156100602,-4.64184673147631,"ATP2B2"
"U59423_at",-0.553461939198844,7.5608778509975,-2.03713836384288,0.045239204349578,0.160379299284572,-4.64333119979877,"SMAD1"
"U35234_at",0.546060006109435,9.17318118981915,2.03684725041553,0.0452691340107504,0.160379299284572,-4.64389037897272,"PTPRS"
"M80244_at",-0.627174109926553,9.29954606029946,-2.03666711728747,0.0452876622063864,0.160379299284572,-4.64423634827529,"SLC7A5"
"M58026_at",0.379196100376102,7.70955426700171,2.03648328459097,0.0453065776587528,0.160379299284572,-4.6445893949671,"CALML3"
"J03764_at",-0.23082439339978,8.32739941793822,-2.03646513419759,0.0453084456107629,0.160379299284572,-4.64462425086184,"SERPINE1"
"M60503_at",0.166740851933773,6.84140404566596,2.03508496497929,0.0454506802263096,0.160802927708864,-4.64727390754714,"FLG"
"U37690_at",0.240393796261525,10.7691754465902,2.03458530701697,0.0455022675335194,0.160905587919871,-4.64823275893739,"POLR2L"
"D83018_at",0.177120233594959,8.8132494753866,2.03394591299657,0.0455683553643328,0.161044793560468,-4.64945945982821,"NELL2"
"M86699_at",-0.26483289593451,7.2986588178811,-2.0337674746535,0.0455868134948834,0.161044793560468,-4.64980173898531,"TTK"
"D31883_at",-0.614665383901052,9.20464375719893,-2.03322741548031,0.0456427178142699,0.161162424615121,-4.65083751349434,"ABLIM1"
"U73330_at",0.143566695643942,6.27863760387027,2.03144041136619,0.0458281202841374,0.161667367878416,-4.65426304356065,NA
"U82321_at",-0.226554196408375,6.32444284893713,-2.03141195996849,0.0458310773575927,0.161667367878416,-4.65431756067052,NA
"U20980_at",-0.256945169503206,4.78584221621407,-2.03028034997245,0.0459488234194649,0.16200255299573,-4.656485341567,"CHAF1B"
"X60483_at",-0.489172536941742,7.20905370329736,-2.02968209000788,0.046011178451864,0.162014982281456,-4.65763096936828,"H4C12"
"U11090_at",0.190506487281265,9.73552624727562,2.02951413128985,0.0460286974086586,0.162014982281456,-4.65795254493211,"ASMT"
"M61853_at",-0.243299740379433,6.3618746609877,-2.02949026058106,0.0460311877113975,0.162014982281456,-4.65799824612074,"CYP2C18"
"L04270_at",0.619242270510405,3.89943458781806,2.02937462023877,0.0460432534860751,0.162014982281456,-4.65821963624004,"LTBR"
"D86985_at",-0.456849562665249,7.15580454217294,-2.02871734478363,0.0461118844617034,0.162176430353963,-4.65947775749953,"KIAA0232"
"X82494_at",-0.565509942333184,5.55527876176916,-2.02828130620714,0.0461574629550241,0.162256683139234,-4.6603121984479,"FBLN2"
"U32645_at",0.811413935534536,6.40578590102017,2.02772864387205,0.0462152875900377,0.162361077067641,-4.66136959071327,"ELF4"
"U22961_s_at",0.240448910948227,7.12580249360054,2.02756168842661,0.0462327682477401,0.162361077067641,-4.66168897099564,"ALB"
"U22526_at",-0.505675138359267,7.02487882370272,-2.02734481151129,0.0462554842929413,0.162361077067641,-4.66210381437474,"LSS"
"M93036_at",0.216338416760348,7.61628247526094,2.02711603394993,0.0462794572246824,0.162365280784823,-4.66254137846459,"EPCAM"
"HG2564-HT2660_s_at",0.153836548387056,6.24004657204372,2.02674504096252,0.0463183551869358,0.16242181708198,-4.66325085268738,NA
"X62466_at",-0.465561334226177,10.5749992769881,-2.02532264532941,0.0464677512752843,0.162856596009663,-4.66596991934071,"CD52"
"D14661_at",-0.347972951231181,8.69301700888699,-2.02512986578158,0.0464880309832606,0.162856596009663,-4.66633830769187,"WTAP"
"M60315_at",-0.354961930280131,6.07174032469329,-2.02344432974437,0.0466656673031463,0.163398596367451,-4.66955791709688,"BMP6"
"M13955_at",0.582183212366409,7.68641511030731,2.02266332818322,0.0467481734176904,0.163607132201627,-4.671048927968,"KRT7"
"D45132_at",-0.397847051421037,8.58105641473987,-2.02091685049299,0.046933127172739,0.164148150865162,-4.67438127088592,"PRDM2"
"U17034_at",0.163004549033385,6.32929081321135,2.02076901557991,0.0469488118409405,0.164148150865162,-4.67466322729155,"PLA2R1"
"J02986_cds1_at",0.313041722481515,7.6612760646332,2.0205017046169,0.0469771838454923,0.164166835114958,-4.67517300623523,"FGF4"
"X57348_s_at",0.445328991704698,5.86937295896528,2.01848082302171,0.0471921540022362,0.164758738899103,-4.67902500684116,"SFN"
"D83657_at",0.831925023180451,6.29376904324508,2.01826997217529,0.0472146317105698,0.164758738899103,-4.67942671112713,"S100A12"
"L49169_at",0.593006087631705,10.5916235606386,2.01825814015271,0.0472158933329874,0.164758738899103,-4.67944925189513,"FOSB"
"Z26248_s_at",1.17094702104204,5.80103214832994,2.01756633097786,0.0472897097365333,0.164856324661572,-4.68076698790376,"PRG2"
"M88338_at",0.524310236041998,7.64230520629109,2.01756259570088,0.0472901085612169,0.164856324661572,-4.68077410164477,"CDC42EP1"
"AF006609_at",-0.517661608162785,5.34586329578014,-2.01724389232623,0.0473241479340364,0.164894355142593,-4.68138102087975,"RGS3"
"S57132_s_at",0.190303761217489,8.75558468261362,2.01349128475518,0.0477265321261266,0.166215167331293,-4.68852081517706,"COL16A1"
"U18291_at",-0.312029153265069,7.97840112490071,-2.01021133326551,0.0480806344855698,0.167366622679506,-4.69475159317343,"CDC16"
"L22214_at",0.414405204537749,8.08099911977971,2.00958924982979,0.0481480479176435,0.167519489314241,-4.69593231301069,"ADORA1"
"K01383_at",0.190949369560423,8.58711906402988,2.00912213224786,0.0481987213919717,0.167613992587008,-4.69681869152519,"MT1A"
"Y10871_at",0.398703591826145,9.4811909617522,2.00881645023569,0.0482319068865096,0.167647617841993,-4.69739863840553,"TWIST1"
"U01317_cds4_at",1.07901745342952,9.29357037608685,2.00758775665621,0.0483654941646066,0.168022272309358,-4.69972894790695,"HBD"
"AF000560_at",0.576756975751979,7.63699556641335,2.00739176784743,0.0483868319611604,0.168022272309358,-4.70010053747997,"ZNF787"
"X63759_at",0.183547260943198,6.27397351323254,2.00610760762564,0.0485268414565336,0.168408231693632,-4.7025344684455,"TNP2"
"D14811_at",0.391929193913182,8.26088119155621,2.00593922144737,0.0485452259966915,0.168408231693632,-4.70285351561226,"MAD2L1BP"
"M29277_at",0.254462159578658,9.7933229917337,2.00519281102209,0.0486267915811,0.168609142598085,-4.70426747707261,"MCAM"
"S77893_s_at",0.864795990620764,6.0838687521717,2.00409974714909,0.0487464503476177,0.168913574253013,-4.70633727158974,"GYPA"
"M34539_at",-0.784521737824951,9.19261205631496,-2.00395807991327,0.0487619772496425,0.168913574253013,-4.7066054547185,"FKBP1A"
"U05659_at",0.235713931512501,9.95254368256895,2.00316010009852,0.04884951598671,0.16913462820265,-4.70811575340572,"HSD17B3"
"D28539_s_at",0.170861430079035,5.81709233886496,2.00159716960248,0.0490213602595175,0.169647221985485,-4.71107227877847,"GRM5"
"X06482_at",0.453391194103001,6.91459859203317,2.00101883913276,0.0490850788302185,0.169722459727441,-4.71216575713672,"HBQ1"
"HG3111-HT3287_at",-0.22509319930077,6.21870734511256,-2.0009677083715,0.049090715662503,0.169722459727441,-4.71226241902085,NA
"U95040_at",-0.283457108339791,11.9155742753562,-1.99900410715736,0.0493076097082301,0.170389699277738,-4.71597290310702,"TRIM28"
"K03192_f_at",-0.371838017410988,7.12389719341136,-1.99749816693921,0.0494745072206511,0.170883605608538,-4.71881636689354,"CYP2A6"
"D85429_at",-0.667500192044638,9.17131427304362,-1.99681939208007,0.0495498911747494,0.17106110130014,-4.72009737870932,"DNAJB1"
"L06845_at",-0.961070286929182,6.02702267999519,-1.99511037378354,0.0497401283159425,0.17163474093144,-4.72332098198385,"CARS1"
"HG2479-HT2575_s_at",-0.418785128190494,6.71387823259518,-1.99313224716372,0.0499611010077116,0.172313831196892,-4.7270490995333,NA
"L43338_at",0.391335260523904,6.79495367097084,1.99272998365518,0.0500061397063349,0.172351541787485,-4.72780682857663,NA
"X74795_at",-0.27092191624026,11.0453595312786,-1.99260279707329,0.0500203871452247,0.172351541787485,-4.72804637678076,"MCM5"
"U45328_s_at",-0.435520994195072,9.67286573052151,-1.99157371322062,0.0501357928791757,0.172665733060697,-4.72998409002037,"UBE2I"
"U89012_at",0.162341495046465,6.30364808106432,1.99116963864453,0.0501811697132959,0.172738560543741,-4.73074469699695,"DMP1"
"U40380_at",0.317724997573439,3.63783016101684,1.99034740620717,0.0502736133876327,0.172973257644997,-4.73229199359646,"PSEN1"
"U03891_at",0.478180778326223,8.14877841928172,1.98976660838457,0.0503390002902083,0.173114680689288,-4.73338460772242,"APOBEC3A"
"D38122_at",0.175432713506749,6.79336095591247,1.98760263009981,0.0505832642057256,0.173870824745717,-4.7374530323542,"FASLG"
"U60521_at",-0.347744860271773,5.7847567506058,-1.98697234251005,0.0506545996224914,0.173935747618663,-4.7386372693291,"CASP9"
"M15958_at",-0.193969834616941,3.45760388176891,-1.9869007199232,0.0506627112456226,0.173935747618663,-4.73877181852894,"GAST"
"U58046_s_at",-0.260634721238101,7.89563850548716,-1.98678917167111,0.0506753468654739,0.173935747618663,-4.73898136287349,"EIF3A"
"HG4099-HT4369_s_at",-0.202575710614549,4.23585430599358,-1.98498784676678,0.0508797651263192,0.174550089886856,-4.74236370700773,NA
"HG1116-HT1116_at",-0.226107504213878,9.06604013647766,-1.98478084197733,0.0509033015675092,0.174550089886856,-4.74275222329885,NA
"X59244_f_at",-0.224470647043978,8.27361463984407,-1.98403059720761,0.0509886823790789,0.174758806096372,-4.74416001344704,"ZNF43"
"X66360_at",0.159257830129666,6.2165257450932,1.98324423245802,0.0510783051231495,0.174981853542976,-4.74563506840562,"CDK17"
"X64810_at",0.167334268481754,6.70851785345899,1.98242819536674,0.0511714519425604,0.17521675355356,-4.74716522807733,"PCSK1"
"HG2175-HT2245_s_at",-0.450367774954323,7.29107802101666,-1.98162407982096,0.0512633799033999,0.175447256520085,-4.74867248114785,NA
"X54816_at",0.365603669109056,7.46304538506427,1.97884146265372,0.0515825834205841,0.176455008255923,-4.7538840513679,"AMBP"
"X63755_at",-0.646050574824806,6.44270435112103,-1.97796257105704,0.051683756172295,0.176646013608395,-4.75552876437516,"KRTAP5-9"
"U88898_r_at",0.326235621624528,10.0742583934764,1.97792594093819,0.0516879764885837,0.176646013608395,-4.75559729788657,"ERVH-6"
"L11244_s_at",-0.203902556604299,5.24359384846114,-1.97730462853273,0.0517596054493251,0.176806050430397,-4.7567595754965,"C4BPB"
"X64624_s_at",-0.670545078580949,7.64573556676193,-1.97561444670962,0.0519548896971988,0.177388126748721,-4.75991970934127,"POU4F1"
"J04513_at",0.175337479052651,6.48816736537092,1.97529226266347,0.0519921862522881,0.177423278632003,-4.76052182183492,"FGF2"
"X06825_at",-0.364782557922052,5.88313015120538,-1.97509562698711,0.0520149603508047,0.177423278632003,-4.76088926040412,"TPM2"
"M21812_at",0.156514544115927,9.34127839166939,1.97403013347587,0.0521385126135366,0.177759663520757,-4.76287969855373,"MYL11"
"D50857_at",0.294609040980536,7.77858824952998,1.97321309332486,0.0522334243749741,0.177998127327529,-4.76440535033616,"DOCK1"
"L26234_at",0.255155387180819,6.61900080096161,1.97265429169152,0.052298422640393,0.178134474440211,-4.76544846917301,"APOBEC1"
"U77665_at",-0.187780595239379,7.88848813400139,-1.97219406758644,0.0523520064580734,0.178231830964472,-4.76630737349921,"RPP30"
"X55666_at",0.271220912673352,9.9872299895468,1.97101136266539,0.0524899235241576,0.178616069118721,-4.7685137997772,"USF1"
"D21260_at",-0.462507370103273,10.004384015418,-1.97063072933842,0.0525343756532064,0.178633297763088,-4.76922364753027,"CLTC"
"Z86000_at",0.234270660996939,9.19012002039852,1.97053893135886,0.052545101053331,0.178633297763088,-4.76939482428345,"SSTR3"
"HG311-HT311_at",-0.257485465625532,12.8998549549835,-1.96946572440253,0.0526706299707482,0.178974700219954,-4.77139551451733,NA
"U77664_at",-0.225644080446852,7.10614592701113,-1.96915553091885,0.0527069597351656,0.178978812578622,-4.77197360003791,"RPP38"
"Z96810_at",0.205212720266339,6.21142985153542,1.96888740555402,0.0527383797147533,0.178978812578622,-4.77247322031107,"SLC6A14"
"M67468_s_at",-0.327699044455948,6.98905375071606,-1.96868903044516,0.0527616363673248,0.178978812578622,-4.77284282981198,"FMR1"
"X17622_at",0.207539152062419,7.95277013154539,1.96842526250144,0.0527925729442932,0.178978812578622,-4.77333422645256,"KCNA6"
"U48250_at",0.225631351306436,5.99801464875877,1.96826313554967,0.0528115960201418,0.178978812578622,-4.7736362377527,"OLIG2"
"U60276_at",-0.441318986911738,3.84377224587626,-1.96817044335302,0.0528224746339488,0.178978812578622,-4.77380889543309,"GET3"
"M14676_at",-0.274249011627202,10.2756463796697,-1.96725598812843,0.0529299001073203,0.179257604686502,-4.77551185902379,"FYN"
"Z46967_at",0.427327647359851,5.87195207859699,1.96697973613939,0.0529623893820427,0.179282466241492,-4.77602617532771,"CCIN"
"D85425_s_at",-0.563043877158623,5.49805153141376,-1.96669059161834,0.0529964131263104,0.179312496050055,-4.77656442500717,"NFYC"
"U29091_at",0.773249180023155,5.98527087389491,1.96587374748506,0.0530926321935568,0.179542899353927,-4.77808461652916,"SELENBP1"
"U51240_at",-0.599764716942067,12.0143795303058,-1.96568506186152,0.0531148793291391,0.179542899353927,-4.77843569011573,"LAPTM5"
"AFFX-DapX-3_at",0.211054703686708,5.80142287818847,1.96542814347002,0.0531451842841292,0.179560198465193,-4.7789136707668,NA
"X99393_s_at",0.218849881706082,7.39703398852605,1.96412673889018,0.0532989187461485,0.179941985332552,-4.78133399055855,"CCR5"
"D31891_at",-0.352237778010995,9.31732411095411,-1.96404434179154,0.0533086650332935,0.179941985332552,-4.78148718214279,"SETDB1"
"M65292_s_at",0.388716961419103,6.66477538671282,1.96293180815205,0.053440409148653,0.180236677959142,-4.78355502443163,"CFHR1"
"AFFX-BioB-3_st",-0.195750424696711,3.70841283788691,-1.96288014713492,0.0534465334837462,0.180236677959142,-4.78365102007021,NA
"X00129_at",0.245480351179024,6.56274641220199,1.96241793736261,0.0535013543714507,0.180250517055595,-4.78450978951524,"RBP4"
"S59184_at",0.214139145421187,6.74893235485379,1.96224059982633,0.053522400397003,0.180250517055595,-4.78483922815545,"RYK"
"X17059_s_at",-0.205316273332742,7.17799389677029,-1.96212479787709,0.0535361473229388,0.180250517055595,-4.78505433814673,"NAT1"
"U78793_at",0.245946082938772,8.72826751481715,1.96181599988727,0.0535728196465637,0.180250517055595,-4.78562789562375,"FOLR1"
"L07597_at",-0.785679750930255,7.37725456945758,-1.96178032358992,0.0535770578820038,0.180250517055595,-4.78569415509868,"RPS6KA1"
"HG3400-HT3579_at",-0.178768467197289,3.26599406377618,-1.96131054824476,0.0536328924179564,0.180353250022458,-4.78656654001694,NA
"D25328_at",-0.625486582317976,7.38685135453555,-1.95902443220427,0.0539053139727644,0.181147727127135,-4.79080923566042,"PFKP"
"H46990_at",0.214733063520127,6.23907783390421,1.95884041765936,0.0539272929536113,0.181147727127135,-4.79115054619754,"CYP2E1"
"L39060_at",-0.300567727225433,6.09440684351555,-1.9585727222375,0.0539592805368352,0.181147727127135,-4.79164701672183,"TAF1A"
"Y07707_at",-0.24675044431092,6.32679126664317,-1.95804765317996,0.054022069267439,0.181147727127135,-4.79262063770781,"NKRF"
"AFFX-BioC-5_at",0.284249129739111,7.65931497079892,1.95761542820746,0.0540738022165196,0.181147727127135,-4.79342192435308,NA
"U70660_at",0.3586148984513,8.66114964684275,1.95748827692605,0.054089028965738,0.181147727127135,-4.79365761535499,"ATOX1"
"J00306_at",0.214985086146182,8.58157080991435,1.95743161902861,0.0540958150957505,0.181147727127135,-4.79376263350928,"SST"
"M31520_rna1_s_at",-0.242311152392432,12.7930664838855,-1.95727574179605,0.0541144888413375,0.181147727127135,-4.79405154539809,"RPS24"
"M32053_at",0.4698371521915,7.13382225156435,1.95727313799558,0.0541148008174489,0.181147727127135,-4.79405637125697,"H19"
"Z49208_at",0.238797660550713,6.43480152521505,1.95720261352697,0.0541232513369054,0.181147727127135,-4.79418707843689,"HTT"
"M26692_s_at",-0.472184681737878,6.26262442402968,-1.95694777721301,0.0541537961950825,0.181164905243896,-4.79465934639031,"LCK"
"U52518_at",-0.677780835390524,5.70122533074305,-1.95550557921416,0.0543269358059845,0.181633758872599,-4.79733101562002,"GRAP"
"X51688_at",-0.45828156139005,6.89758629827148,-1.9553561491979,0.0543449021847741,0.181633758872599,-4.79760773318368,"CCNA2"
"HG3105-HT3281_s_at",0.242202908204486,6.79993798898072,1.95404486314366,0.0545027787669024,0.182076058964033,-4.80003518379691,NA
"U01922_at",-0.214942783830053,4.99941479872341,-1.953059752606,0.054621641058792,0.182272737386978,-4.80185785525522,NA
"HG2228-HT2305_at",-0.235134025794053,3.117829843972,-1.95294500418394,0.0546355008063561,0.182272737386978,-4.80207011134469,NA
"X73079_at",0.435507150622665,6.36746119372906,1.95292136852635,0.0546383559820412,0.182272737386978,-4.80211383004922,"PIGR"
"U95626_rna1_at",0.528908922353059,6.27360457646496,1.95040559394865,0.0549429873054851,0.183135866757003,-4.80676451798261,"CCR2"
"D30715_xpt5_s_at",0.345784255616691,7.77021297992562,1.95036045169282,0.0549484666844199,0.183135866757003,-4.80684791917774,"REG3A"
"M20867_s_at",-0.275714066567476,9.03348607250266,-1.94987719421654,0.0550071537405123,0.183245793932763,-4.80774063792447,"GLUD1"
"M55621_at",-0.867108268304657,5.398222299478,-1.94873728285569,0.0551457964922571,0.183621851094489,-4.80984560092728,"MGAT1"
"U11690_at",-0.277352738293886,6.17407436784795,-1.94784532685434,0.0552544886466536,0.183897875612509,-4.81149191636963,"FGD1"
"D87073_at",-0.225203994091324,8.30168300552558,-1.94693317968814,0.0553658296578625,0.184114311136211,-4.8131747977326,"ZNF142"
"HG4178-HT4448_at",0.495429309696718,7.20084993051686,1.9468894548864,0.0553711717037505,0.184114311136211,-4.81325545072398,NA
"L24203_at",0.438259335789973,5.65549566972241,1.94607769198993,0.055470427886118,0.184358359160902,-4.81475249940251,"TRIM29"
"Y09306_at",0.174636269705252,7.35318810405838,1.94583759727715,0.055499813815351,0.184370071150809,-4.8151951730486,"HIPK3"
"HG4740-HT5187_at",-0.301969035070375,6.03361801373613,-1.94472279769234,0.0556364310437924,0.18470792068458,-4.81724993598554,NA
"HG2981-HT3938_s_at",0.482030752472425,5.24050095490801,1.94458503613603,0.0556533333750143,0.18470792068458,-4.81750378007428,NA
"Z20656_rna1_s_at",0.209240603133851,6.0162923556223,1.94276497378817,0.055877051814077,0.185364001850489,-4.82085596808004,"MYH6"
"U47931_at",0.322747688791061,9.73691306182211,1.94255414008187,0.0559030164088303,0.185364001850489,-4.82124409857578,"GNB3"
"M37815_cds1_at",-0.237410929298631,5.97375744657719,-1.94189904741494,0.0559837578305901,0.185545425185624,-4.82244983748967,"CD28"
"HG3141-HT3317_f_at",-0.698660543367478,5.68498942776081,-1.94149743339484,0.056033306514493,0.185623346720177,-4.82318885202704,NA
"U35139_at",-0.418516961227655,4.89806964455108,-1.94124676474504,0.0560642513668867,0.185639594981206,-4.82365004048268,"NDN"
"X85178_at",-0.196406354392409,4.52614540395429,-1.94092424302982,0.0561040877879497,0.185685256193265,-4.82424334767452,"MED22"
"X78710_at",0.319090927532834,6.14731475727834,1.93949340076599,0.0562811091264163,0.186184699286414,-4.82687443752049,"MTF1"
"U00947_s_at",-0.229148252270123,12.7977694719901,-1.93904700305833,0.0563364337099344,0.186281278255159,-4.82769493368132,"HNRNPA1"
"D87463_at",-0.290439080532885,5.74397011101616,-1.93783027481424,0.0564874643399684,0.186694081260841,-4.82993046296345,"PHYHIP"
"L13042_at",0.343201586324142,7.27851329517135,1.93753361880053,0.0565243399066434,0.18672938794924,-4.83047532574583,"S100G"
"X86371_s_at",-0.400573405769016,8.09263455495739,-1.93675998765082,0.0566206016529708,0.186960754601218,-4.83189588658105,"LLGL1"
"M20642_s_at",-0.187664470949676,6.36210746572727,-1.93524099124447,0.0568100131665874,0.18749934438176,-4.83468361819111,"MYL1"
"M83664_at",-0.454449155612926,7.86758599373674,-1.93460585815401,0.0568893705642328,0.187674374249151,-4.8358486589691,"HLA-DPB1"
"X79200_s_at",0.17919519533433,6.20186889855101,1.93327839091531,0.0570555363776103,0.188135485123027,-4.83828255267265,"SSX2"
"M85085_at",-0.256660251714328,6.03866060152336,-1.93304135721667,0.0570852504007347,0.188146440178843,-4.83871699236457,"CSTF2"
"X07203_at",-0.630387692023196,6.87014712307808,-1.93273433152824,0.0571237579920207,0.188172829670092,-4.83927964326407,"MS4A1"
"X53586_rna1_at",-0.529561738699106,7.49765151670465,-1.93255669081733,0.0571460480061369,0.188172829670092,-4.83960514830107,"ITGA6"
"U57099_at",0.319815168323977,5.74907929867322,1.93203601277901,0.0572114242204582,0.18830112800907,-4.84055907218641,"SPEG"
"X13444_at",0.20654241058128,9.92464528661955,1.93023869699344,0.0574375827405057,0.188958249818673,-4.84385011778279,"CD8B"
"J02874_at",-0.249669886930125,6.46142779292383,-1.92935315649054,0.0575492901020155,0.18923841749874,-4.84547060571213,"FABP4"
"D28383_at",-0.352487145338968,7.6811505899418,-1.92898623462619,0.0575956297971924,0.18925842804638,-4.84614185499955,"ATP5PB"
"X69433_at",-0.313450794271686,10.5262575811334,-1.92869627419091,0.0576322721857228,0.18925842804638,-4.84667222908458,"IDH2"
"HG3513-HT3707_at",0.165209789020774,6.62068326290107,1.92862574666165,0.0576411877607351,0.18925842804638,-4.84680122192798,NA
"L33842_rna1_at",-0.457516828669291,10.8758818066791,-1.92828480680654,0.0576843033880993,0.18925842804638,-4.84742473122003,"IMPDH2"
"X63527_at",-0.186497571426354,14.3571742688901,-1.92825468514598,0.057688113921277,0.18925842804638,-4.8474798127987,"RPL19"
"L48546_at",-0.632135337026408,8.862120167842,-1.92716053844791,0.0578266735019491,0.189285148075605,-4.84948008362464,"TSC2"
"X64037_at",0.26783618906509,9.35206153496402,1.92670209845389,0.0578848128798594,0.189285148075605,-4.8503178789728,"GTF2F1"
"X55954_at",-0.185610702126841,13.8792506763126,-1.92663555003339,0.0578932566724976,0.189285148075605,-4.85043948072217,"RPL23"
"U53003_at",-0.737312732245161,7.51680416043973,-1.92628883210442,0.0579372658170853,0.189285148075605,-4.85107296573834,"LOC102724023"
"L34060_at",0.330832538103742,8.42855277717936,1.92625429314887,0.0579416514239917,0.189285148075605,-4.8511360659004,"CDH8"
"U52154_at",0.278479745781977,7.15831819874675,1.92610169528994,0.0579610310087964,0.189285148075605,-4.85141483888254,"KCNJ5"
"U91930_at",-0.291351924358864,8.87952084806784,-1.92606001499699,0.0579663252679247,0.189285148075605,-4.85149097894747,"AP3D1"
"X89426_at",0.144848103005624,6.43795237664084,1.92584020340393,0.0579942526708638,0.189285148075605,-4.85189249829281,"ESM1"
"D83702_at",-0.227135735519026,7.03219601618186,-1.92581442695355,0.0579975283561239,0.189285148075605,-4.85193958019587,"CRY1"
"X99720_rna1_at",-0.410702183984718,7.70530539180252,-1.92548926830525,0.0580388631683736,0.189285148075605,-4.85253344898737,"PRCC"
"M13232_s_at",0.258310497846455,7.49716597911513,1.92547706005756,0.0580404155914913,0.189285148075605,-4.85255574433248,"F7"
"D00762_at",-0.273240721951897,9.08714089731615,-1.92538363642098,0.0580522966778891,0.189285148075605,-4.85272635527677,"PSMA3"
"AFFX-HUMISGF3A/M97935_5_at",0.36985341337253,4.88339249975439,1.9252737140225,0.0580662786237607,0.189285148075605,-4.85292708681904,"STAT1"
"U48959_at",-0.415945227198177,5.42585018415395,-1.92526035144414,0.05806797851611,0.189285148075605,-4.85295148779203,"MYLK"
"L12060_s_at",0.337873687988192,7.18267695828615,1.92394544592798,0.0582354579663141,0.189593431479349,-4.85535184690192,"RARG"
"HG3107-HT3283_s_at",0.318893710439301,8.17004301161438,1.92393327377855,0.0582370102434874,0.189593431479349,-4.8553740602392,NA
"HG2255-HT2344_f_at",-0.243848481985792,6.63052599418978,-1.92389059430663,0.0582424533038016,0.189593431479349,-4.85545194634428,NA
"M59807_at",-0.33179642439187,10.9105717591413,-1.92368302959192,0.0582689308979175,0.189593431479349,-4.85583071059874,"IL32"
"J00277_at",-0.392575097962361,5.26025198343318,-1.92340306470547,0.0583046602452775,0.189623140003916,-4.85634153232351,"HRAS"
"U22963_at",0.240323338162465,8.46886467605271,1.92172105879416,0.0585197104234781,0.190235757231635,-4.85940909442649,"MR1"
"X99586_s_at",-0.199280991425525,7.4428375311363,-1.9204978123146,0.0586765285646357,0.190658601703413,-4.86163847145641,"SUMO1"
"Y10512_at",-0.218690869680322,6.52260144022947,-1.91923851381491,0.058838340382399,0.191097279538097,-4.86393221484635,"SLC17A4"
"X65965_s_at",0.654667678976331,9.49566178903109,1.91901592382568,0.0588669810598881,0.191103236783216,-4.86433750907379,"SOD2"
"M83941_at",0.213509784161594,6.24042459847147,1.91840362648901,0.0589458263645976,0.19127209656496,-4.86545216763326,"EPHA3"
"S76853_s_at",0.12844562664635,6.28612056528281,1.9177861485265,0.0590254293625336,0.191372496929317,-4.86657593199414,NA
"HG3242-HT4231_s_at",-0.428835306844221,6.01495190627804,-1.91774718082464,0.0590304559892787,0.191372496929317,-4.86664683937972,NA
"U82313_at",-0.252321720859786,6.02128783751408,-1.91662406130298,0.0591754883620545,0.191755480242312,-4.86868995907305,NA
"D13435_at",-0.280035625307467,7.74402613846793,-1.91554846813532,0.0593146662935601,0.192117593778012,-4.87064560799859,"PIGF"
"Z84722_at",-0.313245722372788,4.8457997116067,-1.91534416567627,0.0593411336090872,0.192117593778012,-4.87101695970349,"NPRL3"
"X66610_at",0.208677258053308,6.73226841218078,1.91477518888309,0.0594148970797695,0.192269088189594,-4.87205097553763,NA
"X61615_at",0.249792597955961,7.92116986463143,1.91390158601176,0.0595283040934105,0.192548675082542,-4.87363805584091,"LIFR"
"M19311_at",0.228966592817143,6.10081950866072,1.91366656862902,0.059558844209292,0.19256009086986,-4.87406490184112,"CALM2"
"U43189_s_at",0.281370842914805,8.4665924434104,1.91288541608469,0.0596604490121974,0.192780183671756,-4.87548331549294,"ELF2"
"U37139_at",-0.211914477526701,8.11645591659276,-1.91272753641327,0.0596810022953523,0.192780183671756,-4.87576992920581,"ITGB3BP"
"U40223_at",0.730417728765672,5.8027700637905,1.91239043591846,0.0597249071841342,0.192834630124861,-4.87638182767691,"P2RY4"
"D78586_at",-0.473768858784427,7.69370289536402,-1.91052176645313,0.0599687839377701,0.1935343869137,-4.8797720338278,"CAD"
"M29335_at",0.446220342390481,4.35774179202327,1.9098491869185,0.0600567671092639,0.193730630190924,-4.88099151835398,"HLA-DOA"
"J02973_rna1_at",0.384167469586282,5.12605505276935,1.90878208570014,0.0601965835640406,0.194093823712368,-4.88292553176481,"THBD"
"Z69923_at",-0.299159455663803,5.8810777457663,-1.90792726897375,0.0603087841130931,0.194322519994943,-4.88447409611371,"HGFAC"
"M29194_at",-0.288174499662598,5.95411986611497,-1.90782645815074,0.0603220278789184,0.194322519994943,-4.8846566811153,"LIPC"
"J05249_at",-0.182373448609866,10.4526364602336,-1.90720710163598,0.0604034482688594,0.19449692082597,-4.88577824636509,"RPA2"
"U60205_at",-0.241893919480963,6.47516053139056,-1.90685973341584,0.0604491538484343,0.194556215704509,-4.88640713597164,"MSMO1"
"Z29077_xpt1_at",0.365564199791572,7.02232506644246,1.90559634596968,0.0606156329992405,0.195003992622557,-4.88869355082697,"CDC25C"
"K03189_f_at",0.468205947695605,9.33754214607008,1.90294695424501,0.06096600814161,0.196042702770202,-4.89348383638028,"CGB3"
"X78338_at",0.241011182860706,9.31575982415094,1.90203221636977,0.0610873767787677,0.196344413460701,-4.89513634659793,"ABCC1"
"X73501_at",0.143524277403664,5.25032111078356,1.901750810507,0.0611247551361141,0.19637601593752,-4.89564457288474,"KRT20"
"X81625_at",0.302324353517626,8.46002486302135,1.90151206925877,0.0611564816269501,0.196389440323661,-4.89607569243735,"ETF1"
"D87444_at",0.426159326141797,7.05595086104455,1.90026201137789,0.0613228300060528,0.196834964031135,-4.89833225075177,"TM9SF4"
"U52827_at",-0.223536477116618,6.30089269597643,-1.90004911166232,0.0613511991842963,0.19683739828301,-4.89871643566153,"MARCHF6"
"AFFX-TrpnX-3_at",0.282577512052352,4.76302400956205,1.89957024216531,0.0614150497280497,0.19695361651429,-4.89958042993826,NA
"M27394_s_at",-0.64294493572395,6.63366720509931,-1.89874831084346,0.0615247736592861,0.197194819001705,-4.90106292984656,"MS4A1"
"U03642_at",0.290530434799692,9.61051314649604,1.89839704273029,0.0615717167765768,0.197194819001705,-4.90169632754017,"APLNR"
"X06617_at",-0.203737724499412,14.3106100236882,-1.89838560740828,0.061573245489942,0.197194819001705,-4.9017169456386,"RPS11"
"X70476_at",-0.416815508514992,7.95067875170098,-1.89764023443584,0.061672958710117,0.197425470428569,-4.90306062457102,"COPB2"
"M21186_at",0.623696975160108,12.4852527403304,1.89650944576035,0.061824491828727,0.197776196507052,-4.90509817806863,"CYBA"
"AF009674_at",-0.78513607703437,6.24052149077654,-1.89640871530725,0.0618380056128796,0.197776196507052,-4.9052796296509,"AXIN1"
"U74324_at",-0.205898766146984,5.7708156195012,-1.89573015490134,0.0619291048633457,0.197918907487002,-4.90650173238966,"RABIF"
"J04599_at",0.328016526374908,9.59849511122646,1.89566281570754,0.0619381515785527,0.197918907487002,-4.90662299021878,"BGN"
"L37127_at",-0.750073790516916,8.64292100927453,-1.89516484932108,0.062005085751714,0.198044021650524,-4.90751955832788,"POLR2J"
"D63485_at",0.185429754765865,9.63275475761513,1.8940579085351,0.0621540940706502,0.19843105088655,-4.90951179612673,"IKBKE"
"U66088_at",0.252422958512986,7.76510379383744,1.89290799443542,0.0623092072053706,0.198837214936028,-4.91158026002949,"SLC5A5"
"M32011_at",0.540596730899065,8.22162016874531,1.89207963690702,0.0624211476139264,0.199105307087106,-4.91306960364929,"NCF2"
"X77584_at",0.353323649063846,10.8015257499026,1.89076406086417,0.0625992773303086,0.199584189663582,-4.91543372751402,"TXN"
"D56495_at",0.18533418182836,8.55929911682193,1.88958184194361,0.0627597161947101,0.200006265870402,-4.91755693480317,"REG1CP"
"M36653_s_at",-0.516169734570446,5.75661757333308,-1.88928953276126,0.0627994389140663,0.200019774986426,-4.91808172232192,"POU2F2"
"U20428_at",0.234575352531794,8.60778167772694,1.88913777842864,0.0628200696022734,0.200019774986426,-4.91835414039149,"ST14"
"M63582_at",0.473404743584201,9.32088754894681,1.88882312433319,0.0628628643977555,0.200066678701607,-4.91891892082181,"TRH"
"J03242_s_at",0.209791378425209,8.63433564035482,1.88742749583474,0.0630529746267208,0.200582175865191,-4.92142294171538,"IGF2"
"X96484_at",0.169349923870184,9.98908700345653,1.8870538815123,0.0631039499724204,0.200654798997942,-4.92209299179953,"DGCR6"
"U35376_at",-0.117961471758694,6.35281862817049,-1.88667801442829,0.0631552677524451,0.200728445745511,-4.92276696078214,"ZNF85"
"Z21966_at",0.309831619406224,7.08531253027668,1.88618346475737,0.0632228430911837,0.20085367575626,-4.92365355473929,"POU6F1"
"D14533_at",-0.347341390229701,5.21068992082669,-1.88572675369358,0.0632853023067607,0.200962547948729,-4.92447212725339,"XPA"
"L76687_at",-0.251167419204275,6.46992917675238,-1.88496168463419,0.0633900487591769,0.20120554657354,-4.9258429735968,"GRB14"
"S80335_at",0.531550953932036,7.31046010224517,1.88403155957654,0.0635175900751284,0.201450976795015,-4.92750888736525,"ITGB7"
"D26069_at",-0.213319624193534,7.92417792408051,-1.88398567304442,0.0635238877591798,0.201450976795015,-4.92759105380693,"ACAP2"
"U33821_at",0.265248677127033,10.2470103206158,1.88362288862216,0.063573696540439,0.201519289745127,-4.92824060768975,"TAX1BP1"
"M31423_s_at",0.151080878071628,6.52368071193974,1.88286416601258,0.0636779724183385,0.201760117942371,-4.92959870971606,"CDR1"
"U06155_s_at",-0.362164317007693,14.0424520151696,-1.88245407758928,0.0637343933722363,0.201849173856363,-4.93033255534728,"RPL23A"
"L39009_at",0.174821277485541,6.04544757451766,1.88091943548978,0.0639459071705428,0.202429117326287,-4.93307748322718,"ADH7"
"U89336_cds1_at",0.268503939742633,10.5419399503384,1.87819211735848,0.0643232627232375,0.203519150678659,-4.93795067484039,"GPSM3"
"U06452_at",-0.199609994118551,7.71556577333385,-1.87801857942757,0.0643473370219802,0.203519150678659,-4.93826053669093,"MLANA"
"X54938_at",-0.514159410819108,8.77439239152797,-1.87481216732765,0.0647935186198047,0.204709815771721,-4.94398109549666,"ITPKA"
"X52228_at",0.581819332867369,5.99241724804842,1.8746182739995,0.0648205827638517,0.204709815771721,-4.94432673622225,"MUC1"
"HG2036-HT2090_at",-0.328846733306125,7.31398811417228,-1.87438101001758,0.0648537136478416,0.204709815771721,-4.94474964680364,NA
"U61981_at",-0.177509492304583,6.87648156952026,-1.8742890583608,0.0648665573548332,0.204709815771721,-4.94491353274398,"MSH3"
"U66497_at",0.156491186264191,6.79399047051126,1.87428324785488,0.0648673690318864,0.204709815771721,-4.94492388859541,"LEPR"
"U13220_at",0.481376631195624,7.07122237620397,1.87407174313527,0.0648969202197048,0.204712453206317,-4.94530082586954,"FOXF2"
"M34677_at",-0.671671129295694,8.00585639971422,-1.87339002047111,0.0649922468509505,0.204922480230175,-4.9465155085946,"F8A1"
"L29339_at",-0.208167120106005,5.37171830586556,-1.87235339461518,0.0651374261796431,0.205289439095789,-4.94836178382743,"SLC5A1"
"M94547_at",-0.478446190313412,4.81343228035194,-1.87163010748692,0.0652388840473842,0.205416006129229,-4.94964944012177,"MYL7"
"HG3934-HT4204_at",-0.452592012231326,8.17721172764985,-1.87158991113226,0.0652445264213853,0.205416006129229,-4.94972098779553,NA
"U00968_at",0.35678061974231,9.57354804155006,1.87145100585555,0.0652640277574278,0.205416006129229,-4.94996822210328,"SREBF1"
"M29927_at",0.511396926192516,7.74768249533019,1.87114900735833,0.065306443175596,0.205458796733815,-4.95050568482727,"OAT"
"M28585_f_at",0.173064096553614,6.18107295662684,1.87089623314279,0.0653419629198021,0.205479864867785,-4.9509554832357,"IFNA16"
"Z11502_at",-0.373470625682133,5.38428128058859,-1.86969018245739,0.0655116606451913,0.205922675811097,-4.95310082763372,"ANXA13"
"HG2188-HT2258_at",-0.230172771622646,5.07422080008971,-1.86930843981714,0.0655654510578437,0.206000925778479,-4.95377961662051,NA
"L15702_at",0.225315210079309,10.0732230236133,1.86773242503329,0.0657879169351056,0.206549098909505,-4.95658064778233,"CFB"
"M60626_at",0.261497409003971,6.34956188607641,1.86766203089236,0.0657978683719294,0.206549098909505,-4.95670570836439,"FPR1"
"X64728_at",-0.428561976552224,7.34511140674806,-1.86714439061951,0.0658710847269152,0.206687923863635,-4.9576252045239,"CHML"
"U01337_at",0.221878977854788,10.2236758486327,1.86586387345288,0.0660524987875703,0.207165976179757,-4.9598988219477,"ARAF"
"X57110_s_at",0.295957794205359,7.63925529193442,1.86408628818403,0.0663050299973014,0.20777771204997,-4.96305265901301,"CBL"
"U13061_rna1_at",0.248088657946381,6.48982552136857,1.86401838658721,0.0663146924550797,0.20777771204997,-4.96317307762678,"SULT2A1"
"Z74615_at",0.29575753556313,10.3062691499158,1.86364606811547,0.0663676947482142,0.20777771204997,-4.96383328693674,"COL1A1"
"M62302_at",0.395609253686769,7.48514298865872,1.86352251460375,0.066385291373756,0.20777771204997,-4.96405235026636,"GDF1"
"D87455_at",-0.233556493458858,8.23879381171521,-1.86346649616762,0.0663932708724691,0.20777771204997,-4.96415166794671,"UTP14C"
"U66561_at",-0.149994631159807,6.6154523201046,-1.86315390538671,0.0664378124051029,0.207825873030267,-4.96470582484105,"ZNF184"
"S43646_at",0.21946923571992,8.66715527536059,1.86267206068891,0.0665065203822001,0.207949554300309,-4.96555986750102,"KRT2"
"U96113_at",-0.24891132629105,7.94444494857406,-1.8623912459327,0.0665465903116648,0.20798362224106,-4.96605750334475,"WWP1"
"M55671_at",-0.313057893846757,8.08564714609298,-1.86170278297206,0.0666449141087774,0.208199646223258,-4.96727725004398,"PROZ"
"L05425_at",-0.288084433314146,7.57932231134617,-1.86118715453296,0.0667186342388423,0.208338652426065,-4.96819051830243,"GNL2"
"U89355_at",-0.280278528478031,7.6983557892933,-1.86083643170916,0.0667688167260453,0.208404069369517,-4.96881157852133,"CREBBP"
"U58766_at",-0.291483185757206,9.01828807785727,-1.86013759893367,0.0668689024050012,0.208505675072059,-4.970048755069,"GFUS"
"L40397_at",0.526827469116276,8.95021363721295,1.86009088463796,0.0668755972418167,0.208505675072059,-4.97013144053104,"TMED10"
"U15460_at",-0.336624602471301,5.07466445205857,-1.85985679278195,0.0669091544860832,0.208505675072059,-4.97054576050775,"BATF"
"U77718_at",-0.283752107779652,9.43773714278783,-1.85962133191641,0.0669429222492382,0.208505675072059,-4.97096245570653,"PNN"
"X54941_at",-0.517481112464078,8.22736263627025,-1.85954020323948,0.0669545603391401,0.208505675072059,-4.97110601805927,"CKS1B"
"L40377_at",0.400450419795347,5.53709342184438,1.85938482440065,0.0669768545258824,0.208505675072059,-4.97138095490891,"SERPINB8"
"X65857_at",0.259632441959045,7.72681445854795,1.8583109607315,0.0671311060169814,0.20889465508296,-4.9732805444805,"OR1D2"
"S81294_at",0.327379776026293,7.06204056287694,1.85771407051335,0.0672169732321122,0.209070594315763,-4.97433597026698,NA
"X04688_at",0.227985489331379,6.21699310391179,1.8568131100543,0.0673467579684283,0.209382920870879,-4.97592847179393,"IL5"
"D13636_at",-0.561672127178711,7.12636461062258,-1.85583090908842,0.0674884852226312,0.209698995572979,-4.97766377085402,"GTF3C2"
"D50312_at",0.231100297570369,5.10458888442538,1.85570098562282,0.0675072513452079,0.209698995572979,-4.97789325004694,"KCNJ8"
"U68494_at",0.246393171467263,7.66263118939414,1.85384726380704,0.0677754801581888,0.210440504376188,-4.98116582224321,"SLC30A1"
"D87450_at",-0.314670071359446,7.8243993829029,-1.85314251576728,0.0678776898446698,0.210666108359883,-4.98240920879264,"WAPL"
"J04621_at",-0.306792177655117,5.8503491337166,-1.85235299146471,0.0679923482640068,0.210875447941208,-4.9838016555485,"SDC2"
"M11025_s_at",0.307500129018848,7.29527045114227,1.85210569356678,0.0680282954363981,0.210875447941208,-4.98423769222133,"ASGR2"
"X52943_at",0.269013975846997,8.20064365904542,1.85206728475485,0.0680338799641995,0.210875447941208,-4.98430541004764,"ATF7"
"S56151_s_at",0.207894673489204,10.2746787197058,1.85178632623037,0.0680747422049215,0.210910402946061,-4.98480072370216,"MFGE8"
"U58334_at",0.282781959581495,9.43116404112298,1.85091102655083,0.068202176695023,0.211213430781416,-4.98634338844997,"TP53BP2"
"X63597_at",0.146433521590921,6.57045492258192,1.85012312767586,0.0683170576614166,0.211477335678784,-4.98773144713243,"SI"
"U03886_at",-0.151230416900419,7.01456353729953,-1.84985299089247,0.0683564827789908,0.21150753720982,-4.98820722928301,"PNPLA4"
"U14187_at",0.190429073438425,9.19211082482084,1.84942689497488,0.0684187081515966,0.211608230113983,-4.98895756818315,"EFNA3"
"U10693_at",0.244353231476902,6.22403531053912,1.84909352090824,0.0684674259154286,0.211667076908539,-4.98954451776841,"MAGEA8"
"X76223_s_at",-1.16242535546563,6.26939966810716,-1.84787506743546,0.0686457327407464,0.212126323670907,-4.99168894917009,"MAL"
"M11567_rna1_at",-0.215559093659848,3.73912701075656,-1.84714006916164,0.0687534795869332,0.212367225292568,-4.9929818961881,"ANG"
"Z73903_at",-0.383125755833314,4.91042999769462,-1.84675051325962,0.0688106438945159,0.212451745484627,-4.99366698036745,NA
"HG4541-HT4946_s_at",0.168882191332447,11.1126646389135,1.84642398118531,0.0688585906435005,0.2125077457565,-4.99424112775844,NA
"HG884-HT884_s_at",-0.223467060217437,7.73219311547603,-1.84604602417817,0.0689141234124577,0.212587099007967,-4.99490558122537,NA
"M60748_at",-0.56404850300894,6.22044233716559,-1.84566094630308,0.0689707410555123,0.212669728799631,-4.99558242599248,"H1-4"
"M76424_at",0.689607829688428,7.84458842377256,1.84500999171722,0.0690665389869166,0.212786177781106,-4.99672630552462,"CA7"
"U77129_at",-0.18951801320731,7.38852014455502,-1.84499869492679,0.0690682024667524,0.212786177781106,-4.99674615338771,"MAP4K5"
"X67337_at",-0.194738643090588,6.63893677218608,-1.84366503108955,0.0692648238835907,0.213299753549079,-4.99908855300383,"CPSF6"
"U79286_at",-0.208911028549649,5.4090165482885,-1.84210161779374,0.0694959142690256,0.213838676360691,-5.0018325136266,"PRMT2"
"M95610_at",0.303189749641257,8.77339966683001,1.84207523497842,0.0694998194876869,0.213838676360691,-5.00187880016264,"COL9A2"
"U39226_at",-0.325818402869507,6.11644894473257,-1.84163095411881,0.0695656101448716,0.213913629325657,-5.00265816470323,"MYO7A"
"J04088_at",-0.340916507839967,8.32035570778788,-1.84137240640794,0.0696039208051878,0.213913629325657,-5.00311163443692,"TOP2A"
"U39817_at",-0.454624006107846,5.94518406605228,-1.84130306647758,0.069614198349772,0.213913629325657,-5.00323324066394,"BLM"
"U97018_at",0.279098428830821,6.79133253313726,1.84089865233808,0.0696741658340603,0.213923601387288,-5.0039424066285,"EML1"
"U67171_at",-0.597854571766101,9.15836438258705,-1.84087645467423,0.0696774586086804,0.213923601387288,-5.00398132754135,"SELENOW"
"U20979_at",-0.356476263021935,8.19337743969882,-1.84062491553939,0.0697147807299974,0.213946048998774,-5.00442234107296,"CHAF1A"
"HG613-HT613_at",-0.181097774911221,13.8277545109835,-1.83972216178739,0.0698488647663846,0.214265299879327,-5.00600465143833,NA
"AF014958_at",0.388884132325399,7.58055787343326,1.83928368326649,0.0699140689234775,0.214357706883707,-5.00677294391192,"CCRL2"
"U49957_s_at",0.195736396113075,6.49885785100362,1.83911527586727,0.0699391255732224,0.214357706883707,-5.00706797935567,"LPP"
"HG3187-HT3366_s_at",0.406601790490714,5.5821169345203,1.83721965249841,0.0702216868204211,0.215131244238411,-5.01038725351164,NA
"U09278_at",0.249695985148461,6.01072723637074,1.83626783392379,0.070363924808369,0.215474407198824,-5.01205273119298,"FAP"
"X61118_rna1_at",0.497592166692728,9.15899456097085,1.83538572928919,0.070495960156627,0.215719186178905,-5.01359552268442,"LMO2"
"U06088_at",-0.419444438085188,7.32129363728877,-1.83513589184615,0.0705333940388217,0.215719186178905,-5.01403236297957,"GALNS"
"M26004_s_at",-0.281393106435783,6.95976632465979,-1.83512760202572,0.0705346364122635,0.215719186178905,-5.01404685678642,"CR2"
"X66534_at",-0.344491329059848,7.58488108876147,-1.83392783317348,0.0707146358615829,0.216131643168077,-5.01614388705178,"GUCY1A1"
"M29273_at",0.333022463165223,7.81377468944664,1.83382465305079,0.0707301337510343,0.216131643168077,-5.01632417331733,"MAG"
"X95097_rna1_s_at",-0.418922488170121,7.21092457818285,-1.83273612091775,0.0708938070065492,0.216425826008674,-5.01822559868924,"VIPR2"
"U09609_at",0.195434749074241,7.18900434113951,1.83267023858347,0.070903723332025,0.216425826008674,-5.01834064757503,"NFKB2"
"L19493_s_at",-0.17666704804879,8.40239807397407,-1.83257884081311,0.0709174820530597,0.216425826008674,-5.01850024727167,"FMR1"
"M63967_at",0.290059962672262,7.34233470861474,1.8318834687187,0.0710222342630923,0.216652763398196,-5.01971427546438,"ALDH1B1"
"U38864_at",-0.472322317965038,3.56991158834445,-1.83153588438916,0.0710746435535954,0.216699691068411,-5.02032095460683,"ZNF212"
"U41518_at",0.239898250191233,8.40583368013477,1.83131972436524,0.0711072528034635,0.216699691068411,-5.02069819080172,"AQP1"
"M20778_s_at",-0.193090232068895,6.65459432218982,-1.83117688039038,0.0711288086828563,0.216699691068411,-5.02094745569386,"COL6A3"
"U75968_at",-0.269474536610634,9.66151392597403,-1.83097017010799,0.071160011990689,0.216702146724315,-5.02130813688601,"DDX11"
"U40038_at",0.200140294201863,7.00345348963431,1.83003736055052,0.07130096382235,0.217038672540364,-5.02293530056088,"GNAQ"
"U66036_at",0.209973183237614,7.02125708899349,1.827538906818,0.0716796425004419,0.218098237894004,-5.02728980185496,"SULT1C2"
"Y07565_s_at",0.197670838948524,6.89811978755814,1.82721681604437,0.0717285824016034,0.21811272750534,-5.02785077234974,"RIT2"
"U19523_at",0.298491749696603,6.85107520666039,1.82699584758115,0.0717621734849234,0.21811272750534,-5.02823557069874,"GCH1"
"D28476_at",-0.253251538689634,9.34311811472501,-1.82690366967753,0.0717761900305129,0.21811272750534,-5.02839607837357,"TRIP12"
"U50330_at",0.349921842734191,5.3541174853976,1.82616382221118,0.0718887739536723,0.218361768008406,-5.0296840936182,"BMP1"
"X64838_at",-0.376164454351867,6.67063278111623,-1.8258661117016,0.0719341187325115,0.21840644482286,-5.03020224959106,"CLIP1"
"D50919_at",-0.233463653067955,6.76540096741217,-1.82523185260128,0.07203080351109,0.218606895798451,-5.0313059011786,"TRIM14"
"U09411_at",0.212352582131213,7.85105067578906,1.82389727610059,0.072234597565186,0.219132104698813,-5.0336270082137,"ZNF132"
"X66363_at",0.369590400119927,8.42339600188354,1.82310344452194,0.0723560465363844,0.219407169612031,-5.03500691265783,"CDK16"
"X17620_at",-0.287900076458154,10.3172140922557,-1.82182892165121,0.0725513937136015,0.219905988853854,-5.03722124899192,"NME1"
"U49835_s_at",-0.537697600158053,9.12672702704513,-1.82141048090842,0.0726156244645225,0.220007134214867,-5.0379479334946,"CHI3L2"
"U90306_at",0.342625384427967,8.16022180919463,1.82115832733823,0.0726543530273951,0.220030961228674,-5.03838576210332,"IRX4"
"U90543_s_at",0.362308882247312,8.7627887027712,1.82053263338691,0.0727505286248825,0.220148072094444,-5.03947195132743,"BTN2A1"
"M35252_at",0.227410880712834,6.37430891967918,1.82050496248457,0.0727547843813312,0.220148072094444,-5.03951997946803,"TSPAN8"
"L13197_at",0.384549351150673,7.06556653360872,1.81997469533778,0.0728363791053193,0.220301462300306,-5.04044023081141,"PLAC4"
"HG825-HT825_at",-0.236730099603797,4.17347386653981,-1.81971029666335,0.0728770919292845,0.220331123139894,-5.04089898973205,NA
"HG3998-HT4268_at",-0.301823323074261,6.26057526570097,-1.81909357187025,0.0729721307523186,0.220524934350691,-5.04196883440726,NA
"U79303_at",0.653105245369251,8.18677422843462,1.81779015542693,0.0731733309908476,0.221039269760065,-5.04422880806184,"CCDC106"
"X66503_at",-0.307089088939279,7.12089961350276,-1.81684898925114,0.073318900701191,0.221382372507993,-5.0458597625813,"ADSS2"
"HG3417-HT3600_s_at",0.352178800551047,7.13387012177005,1.81665445051726,0.0733490200398205,0.221382372507993,-5.0461967842112,NA
"M22638_at",0.525712829047121,8.37703597535165,1.81530065028778,0.0735589074574198,0.221921900661847,-5.04854121462482,"LYL1"
"U21128_at",0.142960562406431,6.53507265794109,1.81490628619301,0.0736201421723168,0.2220126876254,-5.04922385081018,"LUM"
"M61916_at",0.145265570939227,6.48760272314524,1.81424706405287,0.0737225975897427,0.222059209804125,-5.05036464857691,"LAMB1"
"U51477_at",0.275116822869949,9.52245298599366,1.81414276451282,0.0737388185796812,0.222059209804125,-5.05054510646212,"DGKZ"
"U86409_at",-0.310738647832256,8.78776510938556,-1.81410622017706,0.0737445027732845,0.222059209804125,-5.05060833281846,"HAS3"
"M16937_at",0.253966956390107,6.74852169478847,1.81371283969956,0.0738057132688385,0.222059209804125,-5.05128885754309,"HOXB7"
"M16801_at",-0.150973688706871,6.57368482267079,-1.81361505732473,0.0738209349052797,0.222059209804125,-5.05145799430437,"NR3C2"
"U07919_at",0.40202898102758,7.79584491414858,1.81360525226936,0.0738224613881016,0.222059209804125,-5.05147495390893,"ALDH1A3"
"U48736_at",-0.29197301959826,7.27282729103812,-1.81283951423207,0.0739417553332975,0.222302237405535,-5.05279917687712,"PRP4K"
"X57959_at",-0.188023874082726,12.8903692091089,-1.81268645069274,0.073965620301014,0.222302237405535,-5.05306381486499,"RPL7"
"S72904_at",-0.175981262705606,7.22823960384322,-1.8116721485299,0.0741239280801324,0.222610788373382,-5.05481696900349,"ENOX2"
"U50078_at",-0.339953071221542,7.89060251450712,-1.8116285744834,0.0741307352501626,0.222610788373382,-5.05489226378786,"HERC1"
"M57399_at",0.296256452558614,7.30930645303071,1.8112060296336,0.0741967725688934,0.222715280692059,-5.05562232420085,"PTN"
"L48211_at",0.32022617490103,6.15556305479103,1.81098804691047,0.074230859125107,0.222723819319397,-5.05599888746178,"RNF185-AS1"
"X89750_at",-0.279084062178583,9.18466732664403,-1.81007609720998,0.0743736048397089,0.223049244511286,-5.05757382390985,"TGIF1"
"Y11651_at",-0.247414657114705,7.31587342983696,-1.8098955405151,0.0744018941573628,0.223049244511286,-5.05788555927784,"RTCA"
"D63481_at",-0.255509186718605,9.15257661954423,-1.80885009767521,0.074565868804712,0.223446859482468,-5.05968998259955,"SCRIB"
"X80507_at",0.194348749041502,7.27025586268969,1.80771219486666,0.074744687853063,0.223888604917851,-5.06165290861373,"YAP1"
"U38847_at",-0.413799351290571,8.42273206898346,-1.80745246093751,0.0747855545671193,0.223916933435108,-5.0621008014587,"TARBP1"
"D15057_at",-0.52036954218995,9.11947133872875,-1.8053349017785,0.0751194281290668,0.224813483871921,-5.06575018938225,"DAD1"
"X51804_at",0.283725519606753,7.99537837725283,1.80515366147087,0.0751480617291046,0.224813483871921,-5.0660623562044,"TMEM11"
"J04469_at",0.440096645462296,6.67710508924328,1.80453782168482,0.0752454243258865,0.225010331383911,-5.06712285966112,"CKMT1B"
"Y08265_s_at",0.222210912716303,9.19260631204166,1.80424237468419,0.0752921709851727,0.22504823344857,-5.06763151516064,"CHERP"
"L21715_at",0.2636750450381,5.58274625312625,1.804058761487,0.0753212350972489,0.22504823344857,-5.06794759396367,"TNNI2"
"U79716_at",0.189653359431772,7.97770654952913,1.80333235237612,0.075436309960142,0.225220606956487,-5.06919777431117,"RELN"
"U14383_at",0.253395363628139,7.57822280192735,1.80329575772374,0.075442111013058,0.225220606956487,-5.06926074306028,"MUC8"
"HG2139-HT2208_f_at",0.188948934160118,6.23194810781566,1.80300192106751,0.0754887040228796,0.225265370857727,-5.06976630812078,NA
"L32140_at",0.167399313299335,6.17674617059658,1.80245594971875,0.0755753411007023,0.225380782772205,-5.07070548739769,"AFM"
"U15782_at",-0.178494508170992,9.06794363336247,-1.80209939711505,0.0756319650879753,0.225380782772205,-5.07131868846208,"CSTF3"
"U94832_at",-0.305227288011288,9.0198294060399,-1.8019983145134,0.0756480244054276,0.225380782772205,-5.07149251068749,"KHSRP"
"K01884_at",0.195986508780295,6.39686604677713,1.80196172442261,0.075653838290628,0.225380782772205,-5.07155542902228,NA
"L19686_rna1_at",-0.852443268620931,10.8392534525845,-1.80149868459982,0.0757274439284502,0.22550582613447,-5.07235154629604,"MIF"
"X95190_at",-0.148950570663986,3.08343748182442,-1.80112921097499,0.0757862188851372,0.225586619804653,-5.07298665846348,"ACOX2"
"X78932_at",0.186000100443017,6.29268100506249,1.79996427277172,0.0759717831395973,0.226044591820613,-5.07498836670141,"ZNF273"
"X80497_at",0.22883039397971,8.4829582373402,1.7994997213765,0.0760458874571197,0.226170684890199,-5.0757862731708,"PHKA2"
"U00951_at",0.339481194477973,5.1139634182305,1.79915607440046,0.0761007440542664,0.226239451360661,-5.07637639488361,"ZFR"
"U07418_at",-0.195159673972734,8.77180834529142,-1.79824665435998,0.0762460743389134,0.226577017074662,-5.07793758329168,"MLH1"
"X76498_at",0.282306438076334,5.8044481138847,1.79803873828457,0.0762793328862087,0.226581401727409,-5.07829440849983,"BRS3"
"AFFX-BioB-5_at",0.232332085630784,5.62829448029047,1.79581468700385,0.0766358512041689,0.227545599014794,-5.08210896132992,NA
"Y07846_at",-0.151391602871656,3.7756769883781,-1.79354667958491,0.0770008424140293,0.228534140536892,-5.0859944584231,"GAS2L1"
"U07349_at",-0.443559453201112,3.72212189548215,-1.79275921473941,0.0771279070643351,0.228775592865521,-5.08734247431978,"MAP4K2"
"Z35278_at",0.542362049868213,7.35992408303478,1.79264483666316,0.0771463775071837,0.228775592865521,-5.08753822654858,"RUNX3"
"D87454_at",-0.197197253760399,2.10469653551108,-1.79230573602239,0.077201159087772,0.228825673583933,-5.08811851280867,"KLHDC10"
"X01715_at",0.2224507011444,8.38970035766792,1.79214299598328,0.0772274611646713,0.228825673583933,-5.08839696617654,"CHRNG"
"X98225_at",0.429461844031159,5.98201435967323,1.79192399851117,0.0772628673387327,0.228835472063907,-5.08877164128975,NA
"U39412_at",0.403472570309562,8.21125086031068,1.79127220973105,0.07736832444187,0.229052651555686,-5.0898865160494,"NAPA"
"L00352_at",0.393428352601783,8.24716507940213,1.78960490748937,0.0776386327161721,0.229757497979905,-5.09273672229432,"LDLR"
"U63455_at",0.328279829468167,7.88817837172827,1.78895917366903,0.0777435317772523,0.229972463917026,-5.09383993363872,"ABCC8"
"U35459_at",0.213037091193732,7.37442263459898,1.788360899879,0.0778408260849129,0.230074566509367,-5.09486173619461,"SERPINB10"
"U61500_at",-0.154301935077333,7.48982084587398,-1.78813282370673,0.0778779436154779,0.230074566509367,-5.09525118924109,"TRAPPC10"
"U46746_s_at",0.220690116193485,6.62395428972618,1.78786182922825,0.0779220648676931,0.230074566509367,-5.09571386864408,"DTNA"
"U64871_at",-0.177148099512277,6.34934267110321,-1.78780518968166,0.077931289110135,0.230074566509367,-5.09581056343421,"GPR19"
"HG4157-HT4427_at",-0.135608396713415,7.28670438542546,-1.78775530878667,0.0779394133988107,0.230074566509367,-5.09589571756171,NA
"M63589_at",0.416678687633755,6.9981557652904,1.78628343741339,0.0781794595665613,0.230687652007457,-5.09840744273384,"TAL1"
"X79981_at",0.186940896703002,8.51272471468049,1.78575312475318,0.0782660981527474,0.23075503713409,-5.09931194884316,"CDH5"
"X99664_at",0.265037808631643,8.16344702624592,1.78574740392018,0.0782670332150694,0.23075503713409,-5.09932170500776,"SH3GL3"
"D43636_at",-0.448397049187738,7.7155533226536,-1.78436181484296,0.0784937793125953,0.231327884547124,-5.10168381106433,"SNRK"
"U47292_at",0.179117174158516,6.85862990924226,1.78240862618937,0.0788143371182385,0.232167859272854,-5.10501069089221,"TFF2"
"U65676_at",-0.442577924317914,5.68659320776899,-1.78222863794671,0.0788439314489521,0.232167859272854,-5.10531709823042,"HPS1"
"K03183_f_at",-0.823293386120919,5.8038648017613,-1.78166345826146,0.0789369203513797,0.232345708168863,-5.10627906135542,"CGB3"
"M12174_at",-0.465454233271062,8.60174515736041,-1.78133281879653,0.0789913625950152,0.232409997498912,-5.10684169615595,"RHOB"
"X02419_rna1_s_at",0.485098588510501,6.96251212183613,1.78080845006092,0.0790777677119647,0.232545582777755,-5.1077337955377,"PLAU"
"X15331_s_at",-0.73412319243876,8.36453906937345,-1.78065211859003,0.0791035430788956,0.232545582777755,-5.10799971299568,"PRPS1"
"D80005_at",-0.396210127613008,8.86272431806607,-1.78041849249114,0.0791420755011415,0.232545582777755,-5.10839706759116,"FAM120A"
"HG3075-HT3236_s_at",-0.20676740091395,7.44305812125963,-1.78026182392088,0.0791679238885693,0.232545582777755,-5.10866350497851,NA
"U69141_at",-0.181642585608685,8.1774944953092,-1.77990539380672,0.0792267565779168,0.232622548453035,-5.10926958553681,"GCDH"
"J03626_rna1_s_at",-0.301981131784522,6.73231478373511,-1.77950786294362,0.0792924161919518,0.232650485545135,-5.10994542347255,"UMPS"
"L10377_s_at",-0.487723305075846,5.3215251849799,-1.77945264416813,0.0793015401703854,0.232650485545135,-5.11003928938035,"ATN1"
"J05448_at",-0.366360296328873,5.80407131542334,-1.77917026704761,0.0793482118835941,0.23269165056279,-5.1105192580419,"POLR2C"
"AF006087_at",-0.287502045106198,9.03563686002466,-1.77826997839887,0.079497165141398,0.23303260291654,-5.11204905192372,"ARPC4"
"X13956_at",-0.47632995351104,7.93722448506293,-1.77794266464211,0.0795513768575883,0.233095670208692,-5.11260505615374,"YJU2B"
"D17391_at",0.179778739790586,5.98006640931578,1.77752974032742,0.0796198116699555,0.233109357948357,-5.11330635232796,"COL4A4"
"U57317_at",0.201747095810279,4.82903455752809,1.777439959211,0.0796346977447132,0.233109357948357,-5.11345881367637,"KAT2B"
"U76456_at",0.262797189977446,6.65240561147221,1.77732269277255,0.0796541444749893,0.233109357948357,-5.1136579384598,"TIMP4"
"U17838_at",-0.464291173817403,7.68554034206811,-1.77607837792715,0.0798607366203764,0.233616649666189,-5.11577011117597,"PRDM2"
"U65410_at",-0.318385812319951,5.94797785507758,-1.7758687863257,0.0798955785642485,0.233616649666189,-5.11612575082958,"MAD2L1"
"D63482_at",-0.310188573271694,7.97036967599012,-1.77568706734408,0.0799257972416657,0.233616649666189,-5.1164340644809,"GIT2"
"S73813_at",0.303461033178241,7.39155011162782,1.77410282988734,0.0801896473041232,0.234291801488153,-5.11912073745424,"ENTPD1"
"U43328_at",0.148998229998592,6.44954249117345,1.77363489422082,0.0802677186236456,0.23442382878655,-5.11991387868909,"HAPLN1"
"U08377_at",-0.379308952708823,6.97619221667205,-1.77212156527645,0.0805206369960789,0.235025707777824,-5.12247762688614,"SFSWAP"
"U12767_at",0.358407500827927,7.55978832205745,1.77175042591108,0.0805827652269262,0.235025707777824,-5.12310607211366,"NR4A3"
"L13761_rna1_at",0.201151724345241,8.57733288041963,1.77173902327518,0.0805846746417524,0.235025707777824,-5.1231253781311,"DLD"
"L02648_at",0.54958137533997,6.19770120974662,1.77161362949642,0.0806056747814251,0.235025707777824,-5.12333767718486,"TCN2"
"U81600_at",0.325909184095661,9.26040680440692,1.77050277256404,0.080791912060873,0.235472420720345,-5.12521782187733,"PRRX2"
"J04970_at",-0.146235344479727,6.50846334084864,-1.76943608096443,0.0809710803779409,0.235898174096584,-5.12702219844557,"CPM"
"Y08999_at",0.541713115485765,5.43795364857206,1.76884385794993,0.0810706959647782,0.236064922666647,-5.1280235508412,"ARPC1A"
"M16441_cds1_at",-0.325621127680735,4.02892039980955,-1.76867969020926,0.0810983279632727,0.236064922666647,-5.12830107726973,"LTA"
"U59736_at",0.207809830052085,8.30845208002991,1.76850549585977,0.0811276561275475,0.236064922666647,-5.12859552790627,"NFATC1"
"M55418_at",0.148294913655131,6.93575521342977,1.76754209546349,0.0812900173670549,0.236440854267537,-5.13022353823954,"AMELX"
"U14518_at",-0.241038147948457,6.85460502748448,-1.76679826565155,0.0814155585486991,0.236560379109974,-5.13147994882713,"CENPA"
"HG4297-HT4567_at",-0.376569649540757,9.71700788016052,-1.76668535022545,0.0814346300773597,0.236560379109974,-5.1316706330349,NA
"HG4480-HT4833_at",0.422591578045295,5.06033092262417,1.76663822710864,0.0814425903131146,0.236560379109974,-5.13175020817588,NA
"K03218_at",-0.412447247004629,6.86271383378761,-1.76651243884119,0.0814638421538765,0.236560379109974,-5.13196261284156,"SRC"
"U47677_at",-0.292247613228373,8.30040592877019,-1.76449305439005,0.0818056448381444,0.237456206046877,-5.13537062395355,"E2F1"
"M13686_s_at",0.285958297594384,7.54099873328317,1.76409494231942,0.0818731695224661,0.237466446769959,-5.13604207524029,"SFTPA1"
"D15050_at",-0.363007796329498,9.56054038991523,-1.76399099461159,0.081890807921143,0.237466446769959,-5.13621736937827,"SIK1"
"X58377_at",0.183384562177829,6.86665474635552,1.76388319870873,0.0819091026241169,0.237466446769959,-5.13639914298269,"IL11"
"V00532_rna1_f_at",0.170667247907822,6.14458586593697,1.76321324422785,0.0820228805682256,0.237699640475968,-5.13752864241534,"IFNA17"
"X72308_at",0.399168241566582,7.54109433303151,1.76221949220046,0.0821918897342066,0.238092637917578,-5.13920331829096,"CCL7"
"X52896_s_at",0.471586245939305,7.00540866360724,1.76122972061603,0.0823605082876675,0.238484185045809,-5.14087042523985,"ELN"
"D42040_s_at",-0.742314962518537,8.43470169417548,-1.76049086870702,0.0824865663825063,0.238752225635764,-5.14211433914519,"BRD2"
"M21388_at",0.241688986679389,5.28487404006537,1.75869068006155,0.082794371156032,0.239519216379352,-5.14514308960628,NA
"U43901_rna1_s_at",-0.269918895696444,13.9272503818955,-1.75854833800399,0.0828187499474125,0.239519216379352,-5.1453824535002,"RPSA"
"U66879_at",-0.169356276020666,9.72381437377118,-1.75804137664232,0.082905624975515,0.239673236192395,-5.14623482058036,"BAD"
"D87457_at",-0.36049820050703,6.60358688050399,-1.75385863445905,0.0836252767611155,0.241602525205292,-5.15325876168235,"ELMO1"
"HG3345-HT3522_at",-0.19088030857347,5.67457611650404,-1.75376892662881,0.0836407675980727,0.241602525205292,-5.15340923681409,NA
"X75315_at",-0.740747621575693,7.99314867273161,-1.7532454745646,0.0837312051127104,0.241765800424671,-5.15428712979336,"RBM38"
"U28249_at",0.187420711499941,5.70762743551312,1.75246891063442,0.083865521942935,0.242055589445823,-5.15558907889381,"FXYD3"
"D00749_s_at",-0.419250656856354,10.5871850924012,-1.75102878973936,0.0841150807331723,0.242599698538806,-5.15800211300404,"CD7"
"D55696_at",-0.73044000959248,5.87056627000142,-1.75098833179765,0.0841221005453679,0.242599698538806,-5.15806987710618,"LGMN"
"X51435_s_at",0.196486281347973,8.39596205049524,1.74989915801521,0.0843112638052843,0.242950509210188,-5.15989362323423,"HIVEP1"
"AB006782_at",0.196059567351343,11.976001941729,1.74989547838839,0.0843119034627586,0.242950509210188,-5.15989978274794,"LGALS9"
"U79242_at",0.16631642436062,7.11477792055873,1.74954250051903,0.0843732829212195,0.243029145028434,-5.16049059496792,"GRM5"
"X84740_at",-0.165627015770138,7.96339955103672,-1.74848271531985,0.0845577911240749,0.243295580295557,-5.16226379911653,"LIG3"
"L04490_at",-0.747212628123528,7.91977846042629,-1.74843039479693,0.0845669087298324,0.243295580295557,-5.16235131484168,"NDUFA9"
"L20316_at",0.221714285963289,10.0769722808424,1.74842318642544,0.0845681649561496,0.243295580295557,-5.16236337198401,"GCGR"
"M61855_at",0.236193890573894,7.54858335832796,1.74754213892356,0.0847218240317574,0.243639323728277,-5.16383671945153,"CYP2C9"
"M34455_at",0.282167779915763,8.34615533473307,1.74686852287359,0.0848394614382602,0.243879242174741,-5.16496272567271,"IDO1"
"J00124_at",-0.264077290815972,7.88885266817798,-1.7463298407778,0.0849336315501794,0.244051535397513,-5.16586289131896,"KRT14"
"K01900_at",0.162045928787564,7.33369686084843,1.74544590391882,0.08508834454892,0.244397585934428,-5.16733944272455,"IFNA8"
"D45371_at",0.240860494325394,8.75528124084314,1.74515901414986,0.0851386080255709,0.244443470243373,-5.16781852327373,"ADIPOQ"
"D89858_at",0.252775384842995,7.73818498816946,1.74452327501639,0.0852500776900515,0.244664977396287,-5.1688798935229,"DDO"
"L05188_f_at",0.187435110635599,8.1425122087641,1.74412561059934,0.0853198648461056,0.244753633946512,-5.16954361592523,"SPRR2B"
"M57464_s_at",0.166373530596982,7.52866450979816,1.7439560656999,0.085349633046855,0.244753633946512,-5.16982655281031,"RET"
"L34409_at",0.177570179275293,6.68550522304028,1.74278470048621,0.0855555321282636,0.245164094081962,-5.17178063879847,NA
"L27479_at",0.487920999757619,6.88089709990999,1.74275051868077,0.0855615466511324,0.245164094081962,-5.17183764318739,"ENTREP1"
"S72487_at",0.290888971514731,8.27565935322832,1.74212064306114,0.0856724400221736,0.24538321611815,-5.17288789158149,"CIMAP1B"
"U77735_at",-0.583987787871582,7.64147771416626,-1.74125504015434,0.0858250279496044,0.24572153584447,-5.17433061992045,"PIM2"
"L40394_at",-0.280841047402958,7.63278169933476,-1.74055496353596,0.085948600871647,0.245976545810507,-5.1754969780545,"RGS6"
"U36501_at",-0.253951798104294,7.09059176238683,-1.74007541441618,0.086033332365453,0.24612023532637,-5.17629567889206,"SP100"
"X85786_at",-0.166596835856643,9.00145311305588,-1.73949649846895,0.0861357127172678,0.246159327023015,-5.17725960800822,"RFX5"
"HG4704-HT5146_at",0.293684969711898,7.49662396335099,1.73941387330543,0.086150333031417,0.246159327023015,-5.17739715971575,NA
"U09117_at",0.360074523905823,9.32761216606295,1.7394124490703,0.0861505850641638,0.246159327023015,-5.17739953068379,"PLCD1"
"Z47553_at",0.152393185088577,7.10977699985771,1.73894441475134,0.0862334413759294,0.246263644691873,-5.17817858512556,"FMO5"
"D87466_at",-0.208367928065688,7.94287003112053,-1.73881602410208,0.0862561819042793,0.246263644691873,-5.17839226076832,"DCUN1D4"
"Z24680_at",0.32266536079277,7.8076178842579,1.73860215278398,0.0862940737284671,0.24627319920346,-5.17874816640253,"LRRC32"
"U15655_at",0.458004743872238,6.56377310815228,1.73836237992254,0.0863365708710369,0.246295883849389,-5.17914712721348,"ERF"
"J04809_rna1_at",-0.36599038559199,8.20649455865205,-1.73758825419924,0.0864738940362708,0.246501001845661,-5.18043485843453,"AK1"
"X51630_at",0.264231461018173,7.09297067508115,1.73756722251987,0.0864776273833635,0.246501001845661,-5.18046983654121,"WT1"
"U66618_at",-0.254358294698818,9.23308494510034,-1.73633795025489,0.0866960671858098,0.246926445616116,-5.18251358145399,"SMARCD2"
"U15177_at",0.241393706687173,9.37712297645675,1.73633745313749,0.0866961556146919,0.246926445616116,-5.18251440767482,NA
"U01691_s_at",0.416805271917086,8.89632314833973,1.73614103346614,0.0867311012096575,0.246927324490275,-5.18284084476583,"ANXA5"
"S42457_at",0.185941858400446,6.3498698155127,1.73591141144546,0.086771968644608,0.246945055675613,-5.18322241899663,"CNGA1"
"U56418_at",0.366931380567809,9.47543427566287,1.73560637034512,0.0868262834763466,0.247001027495162,-5.18372924902639,"AGPAT2"
"X99656_at",0.433287695289994,5.8575734065768,1.73476491585104,0.086976255906833,0.247328970227289,-5.18512691261377,"SH3GL1"
"X72882_at",-0.147297664637455,4.13390336721591,-1.73422404945891,0.087072767133308,0.24750468775652,-5.18602496741606,NA
"AF000430_at",0.163683748611267,6.39282458869314,1.73337393291586,0.087224638663201,0.247837564380215,-5.18743598057433,"DNM1L"
"U07806_s_at",-0.349063762809163,9.49369328246367,-1.73301213311227,0.0872893395806849,0.247910889503628,-5.18803629840845,"TOP1"
"M11321_at",0.161737785154121,5.31248026462109,1.7328407894051,0.0873199948861846,0.247910889503628,-5.18832056093571,"GC"
"X97074_at",0.302858817970085,10.1894635716829,1.73242052460088,0.0873952225005087,0.248025693155305,-5.18901767887083,"AP2S1"
"U65785_at",0.163395759864368,9.92587624416013,1.73074863432747,0.087695020309171,0.24877747703306,-5.19178940073708,"HYOU1"
"AB000410_s_at",-0.26340146621005,4.82938033201592,-1.72917325360001,0.0879782865226804,0.249438186955808,-5.19439887163052,"OGG1"
"D50402_at",0.473334219334864,5.31251844145069,1.72866188549997,0.0880703963695422,0.249438186955808,-5.19524543485773,"SLC11A1"
"Z27113_at",-0.231361422051927,10.064760625199,-1.72849551797365,0.0881003803149451,0.249438186955808,-5.1955208044393,"POLR2F"
"X03072_at",0.388356719483568,8.41783916635793,1.72836441383855,0.0881240147572415,0.249438186955808,-5.19573778928065,"WNT1"
"HG2566-HT4867_at",0.186209113219054,10.9525698268315,1.72823831960772,0.0881467509742418,0.249438186955808,-5.19594646815053,NA
"J00105_s_at",-0.189371460587351,14.0083654085645,-1.72813376327417,0.0881656073248183,0.249438186955808,-5.19611949238131,"B2M"
"AFFX-PheX-5_at",0.168011159765514,5.78352010982171,1.7280936211976,0.0881728476825131,0.249438186955808,-5.1961859186227,NA
"L19058_at",0.274377500181951,6.69679637807622,1.72744244196887,0.0882903681198862,0.249671572521487,-5.19726327752908,"GRIK1"
"S57235_at",0.266358143007285,2.07755964979759,1.72702533324509,0.0883657127771322,0.249785553682861,-5.19795317653262,"CD68"
"K02402_at",0.133047554649731,6.17957487407506,1.72669046426959,0.0884262402852748,0.249857577088277,-5.1985069397585,"F9"
"M27543_at",-0.188193048895209,7.08817548186701,-1.726271287161,0.0885020545341407,0.249972720591874,-5.19919998158856,"GNAI3"
"Z84721_cds1_at",0.541510759147491,7.97119449398548,1.72567164561669,0.0886106013298573,0.250180188863585,-5.20019112295957,"HBZ"
"HG830-HT830_at",0.206414566763719,9.11003000276477,1.72497995161562,0.0887359473865677,0.250434904560111,-5.20133402307868,NA
"D13305_at",0.392558846249805,5.13257668928121,1.72455197107971,0.0888135773267646,0.250554805208747,-5.20204097275978,"CCKBR"
"M30496_at",-0.259320361864768,7.34165498420119,-1.72237511513622,0.0892092947122842,0.251571622628115,-5.2056342609047,"UCHL3"
"X55733_at",-0.299250211579944,11.2263580295607,-1.72049581645303,0.0895520856025925,0.252438441384295,-5.20873301547122,"EIF4B"
"M33552_at",0.612584878124169,9.67240201812663,1.7183615478653,0.0899426957619403,0.253439319401926,-5.2122484075028,"LSP1"
"M97936_at",0.720718963677236,4.55927211305186,1.71815637339361,0.089980320066165,0.253445160707898,-5.21258614222332,"STAT1"
"L11702_at",0.246803864229538,7.39461794946635,1.71764114854543,0.0900748575110727,0.253611239809019,-5.2134340825459,"GPLD1"
"S82447_s_at",0.51045361752049,8.31992626523783,1.71719918122531,0.0901560180873441,0.253739539259643,-5.2141612712758,"BLOC1S1"
"D64154_at",0.148606839987229,9.55359302886755,1.71556646684711,0.0904563621380908,0.254484374776026,-5.2168461543947,"ADRM1"
"L08835_rna2_s_at",-0.288822297107812,9.53776357861602,-1.71417201921129,0.0907135260762971,0.255107190295038,-5.21913736097082,"DMPK"
"HG1515-HT1515_f_at",-0.225892296839758,11.9322364953878,-1.71396084172219,0.0907525236872499,0.255116222936279,-5.21948419540724,NA
"U30888_at",0.300467875253824,9.21519441204898,1.7133188569686,0.0908711618924392,0.255261009618411,-5.22053833872045,"USP14"
"U22897_at",-0.273298350787435,8.99909822541021,-1.71329463446232,0.090875640680534,0.255261009618411,-5.2205781051127,"CALCOCO2"
"U15641_s_at",0.586311736120482,6.13531405517327,1.71091054006127,0.091317351552068,0.256280092186126,-5.22448956658959,"E2F4"
"X00088_at",-0.252072266015322,5.52325453675592,-1.71081214335296,0.0913356196916217,0.256280092186126,-5.22465089311441,"H2BC11"
"L32976_at",0.396446001149157,7.93677608983337,1.71075466821179,0.0913462918003852,0.256280092186126,-5.22474512264173,"MAP3K11"
"HG2525-HT2621_at",0.295081286460558,8.56846748665426,1.71021135833989,0.0914472253024222,0.256462340354433,-5.22563572581816,NA
"L38961_at",-0.367876980084686,7.41280119843548,-1.70778042989737,0.0918999524539873,0.257630657115405,-5.22961735181915,"STT3A"
"M93143_at",-0.230057706836845,8.1714997978351,-1.70665836818823,0.0921095401134522,0.258116710483019,-5.23145341847605,"PLGLB2"
"M29610_s_at",0.470990273370633,7.84616984190868,1.70588306555309,0.0922545861221807,0.258354431422669,-5.23272142149489,"GYPE"
"L06895_at",0.268921080632506,4.00047847434142,1.70581755170884,0.0922668512276778,0.258354431422669,-5.23282854465795,"MXD1"
"U50822_rna1_s_at",0.223343695240362,5.91267728205535,1.70511453116279,0.0923985506200876,0.258621620483158,-5.233977830505,"NEUROD1"
"M37245_at",0.210164458377525,8.74314343378946,1.70474597423131,0.0924676552581297,0.258713467164524,-5.23458016638176,"CTLA4"
"X54304_at",-0.278807804343156,9.82762847956733,-1.70371495757357,0.09266119646514,0.259153263868177,-5.23626452798399,"MYL12A"
"L11708_at",0.244192433971887,7.36301380124386,1.703188715136,0.0927601099284077,0.259288365678866,-5.23712388256614,"HSD17B2"
"X58521_at",-0.311324829689349,8.37215653452737,-1.70307101720874,0.0927822444728274,0.259288365678866,-5.23731604991258,"NUP62"
"M13994_s_at",0.496715084244324,7.98490341140673,1.70092548086985,0.0931864979185119,0.260303680417919,-5.24081695450354,"BCL2"
"U86136_at",0.233316704587947,7.5079746375488,1.70063101294871,0.0932420927976306,0.260303680417919,-5.24129712446766,"TEP1"
"U32114_at",0.159311579307103,6.71276152269276,1.70056214482544,0.0932550988620233,0.260303680417919,-5.24140941223085,"CAV2"
"U28758_s_at",-0.301246788330512,6.27211609548954,-1.70012167256041,0.0933383192318517,0.260434003054353,-5.24212749204284,"GRIN2B"
"HG3227-HT3404_at",-0.423281728312623,7.87911671008529,-1.69948451267124,0.0934588082556021,0.26066817060023,-5.24316591798576,NA
"U08336_at",0.291028210420825,7.91774516876834,1.69904532075078,0.0935419350043414,0.260797987737954,-5.24388149190011,"TCF15"
"Y10141_s_at",-0.552645433189111,7.82492261759815,-1.69879031486239,0.0935902282566387,0.260810246223461,-5.24429689379172,"SLC6A3"
"U64444_at",-0.155323328608345,9.75472926263957,-1.69857197867278,0.0936315931842882,0.260810246223461,-5.24465251539398,"UFD1"
"D80012_at",-0.31339958308725,9.0712086418256,-1.69844274064581,0.0936560850514883,0.260810246223461,-5.24486299581706,"USP10"
"L42611_f_at",0.198723554955068,9.87496511381811,1.69819666966682,0.0937027324012658,0.260838258215004,-5.24526371255986,"KRT6C"
"X83301_s_at",0.364116743921135,5.73109124342064,1.6978463922202,0.0937691668345233,0.260921307714019,-5.24583403291027,"GUSBP15"
"M32879_at",-0.883594446447256,6.08890724898455,-1.6967484057791,0.0939776633505031,0.261399438948785,-5.2476210662037,"CYP11B1"
"U31383_at",-0.342066292842048,8.39467461119669,-1.69603878430383,0.0941126150000311,0.26153290959535,-5.24877544632323,"GNG10"
"S82472_at",-0.19927817077067,6.23640077462911,-1.69593023963633,0.0941332713633333,0.26153290959535,-5.24895198256135,"POLB"
"X15393_rna1_at",0.271598180897277,9.4466527364061,1.6959174489501,0.094135705712115,0.26153290959535,-5.24897278455099,"MLN"
"D26561_cds2_at",0.242432876106393,6.75131311467564,1.69510605926024,0.0942902363109785,0.26186018490883,-5.25029208301697,NA
"X56841_at",-0.363118432463049,10.3860266593925,-1.6947059725785,0.0943665098839928,0.261969956761287,-5.2509423989057,"HLA-E"
"X12662_rna1_at",0.19198187309455,6.60484340767346,1.69426321552223,0.094450977074296,0.262102380522638,-5.25166190757055,"ARG1"
"U09813_at",-0.275507300915276,10.9757332891482,-1.69380756457012,0.0945379686641065,0.262241703737905,-5.25240218835993,"ATP5MC3"
"D14043_at",-0.369331882297361,9.74344604588469,-1.69349501320953,0.09459767796859,0.262305268859618,-5.25290987371688,"CD164"
"M58285_at",0.244534988333919,10.159840564027,1.69314105184949,0.094665335411123,0.262377737925667,-5.25348471793195,"NCKAP1L"
"X99699_at",-0.410425563060251,8.19536137734076,-1.69297325903603,0.094697421753786,0.262377737925667,-5.25375717988396,"XAF1"
"X81889_at",0.15646632154663,7.17007716597616,1.69246011692755,0.0947956030406029,0.262541325526683,-5.25459026521446,"PKP4"
"U18288_at",0.238005263482422,7.38022384204533,1.69226774435652,0.0948324318069016,0.262541325526683,-5.25490252163435,"CIITA"
"U20350_at",0.395423749438756,7.82388208468211,1.69208751978996,0.0948669455122367,0.262541325526683,-5.25519502984023,"CX3CR1"
"L11566_at",-0.220761762730001,13.5587723581577,-1.69167778199841,0.0949454501107903,0.262656621590929,-5.25585993568271,"RPL18"
"U91903_at",-0.261065137742498,6.52099670481102,-1.69140491384802,0.0949977603321275,0.262679380644693,-5.25630265251718,"FRZB"
"U33818_at",0.248955020212106,9.47761915476153,1.69120969061533,0.0950352000822866,0.262679380644693,-5.25661935332872,"PABPC4"
"Z48051_rna1_at",0.141564807837708,7.14787779666059,1.69084917263014,0.0951043716299711,0.262679380644693,-5.2572041147216,"MOG"
"U67849_at",-0.61410065286718,5.37614586109307,-1.69077394247904,0.0951188110113629,0.262679380644693,-5.25732612375758,"ST6GAL1"
"U10439_at",-0.269957454299977,10.201556591316,-1.69067444948134,0.0951379100609618,0.262679380644693,-5.25748747482662,"ADAR"
"X03363_s_at",-0.365262445796381,6.62808656460475,-1.69018478815162,0.0952319529735584,0.262787614124758,-5.2582814468999,"ERBB2"
"D78611_at",0.58016201305058,7.97826000756058,1.69008652683361,0.0952508339035454,0.262787614124758,-5.25844074926581,"MEST"
"Z29064_at",-0.331017192269226,8.45211634651683,-1.68897466852727,0.0954646909331775,0.263218977528234,-5.26024271037459,"EPS15"
"M34376_s_at",0.22613301527511,6.27608300527506,1.68888979477091,0.0954810318260645,0.263218977528234,-5.26038021814942,"MSMB"
"S81916_at",0.173181487373713,6.99407353907871,1.68860265953261,0.0955363314236158,0.263269619914556,-5.26084537147258,"PGK1"
"X62025_rna1_at",0.239064894913684,9.28930636070775,1.68703851707853,0.0958380305776101,0.263996105761749,-5.2633779674311,"PDE6G"
"HG2994-HT4850_s_at",0.414246622491239,8.74649699827481,1.68685217935491,0.0958740241011599,0.263996105761749,-5.26367953332365,NA
"U90547_at",-0.360409932516731,8.92328110794491,-1.68626047922352,0.0959883917881455,0.264121622925977,-5.26463692695227,"TRIM38"
"M75126_at",0.28012351863498,9.79119103655,1.68623300295288,0.0959937052884285,0.264121622925977,-5.26468137707545,"HK1"
"U82256_at",0.201987417603509,7.38379056569228,1.68553460827339,0.0961288450665631,0.264298719602227,-5.26581099013131,"ARG2"
"M95724_at",0.171143925238879,7.14069506324874,1.68551718899371,0.0961322176923235,0.264298719602227,-5.2658391592817,"CENPC"
"HG2075-HT2137_s_at",0.179804514543398,6.17631969677854,1.68511088848694,0.0962109107941638,0.264413100636698,-5.26649612160215,NA
"J03600_at",-0.555655183777896,9.0246184042691,-1.6846011965349,0.0963097033387171,0.264582610829177,-5.2673200543571,"ALOX5"
"X69090_at",-0.155645266207711,4.22405428760613,-1.68424492756527,0.0963788073948217,0.26467046144749,-5.26789583732293,"MYOM1"
"L78440_at",0.199090992672362,9.0286613883292,1.68370447093255,0.096483714874638,0.264787223696665,-5.26876907967342,"STAT4"
"M21624_at",-0.629135284851875,7.50500465859934,-1.68364321805374,0.0964956104872964,0.264787223696665,-5.26886803261554,"TRDC"
"X59372_at",0.207470914498206,5.41821707586694,1.68164183595472,0.096884947971004,0.265753287451053,-5.27209939899817,"HOXD9"
"M31776_s_at",-0.352573031137188,7.78317136880663,-1.68059571091337,0.0970889648171455,0.26612275856364,-5.27378702418837,"NPPB"
"X90568_at",-0.227135674152783,6.23976796177931,-1.68056835629942,0.0970943042536159,0.26612275856364,-5.27383114004899,"TTN"
"X02958_at",0.242120326267381,6.85192127554933,1.67978610691861,0.097247095486611,0.266363029453221,-5.27509242335384,"IFNA6"
"X90978_at",0.187593944716077,8.37279559566461,1.67963860551808,0.0972759278604057,0.266363029453221,-5.27533019081883,"RUNX1"
"X58528_s_at",-0.236071574948507,7.18367810263499,-1.67954588088505,0.097294056487051,0.266363029453221,-5.27547965003006,"ABCD3"
"X81832_s_at",-0.256414967910203,3.75889344410189,-1.67839830044042,0.097518648574425,0.266829281931294,-5.27732875844148,"GIPR"
"Z48520_at",0.142922428257705,5.99291446516064,1.67828494960866,0.0975408553067419,0.266829281931294,-5.27751133839444,"SRY"
"HG945-HT945_s_at",0.170652604088411,7.18675935690116,1.67793268451334,0.0976098944196819,0.266829281931294,-5.27807867691175,NA
"U04209_at",-0.21074931424254,7.17837432439824,-1.67791134101716,0.097614078731493,0.266829281931294,-5.27811304801713,"MFAP1"
"HG1761-HT1778_s_at",0.257688224685475,6.42490000503803,1.67750545272566,0.0976936794447868,0.266944515431922,-5.27876660478839,NA
"S78653_at",0.170586644900526,7.43162294807805,1.67689941881317,0.097812630199529,0.267093771384325,-5.27974216157737,"MAS1L"
"S49592_s_at",-0.18422790511055,9.69626223548134,-1.67684542207292,0.0978232342663028,0.267093771384325,-5.27982906644801,"E2F1"
"U33052_s_at",0.313014419054157,7.72596361302314,1.67572256980822,0.0980439563805761,0.267543508531507,-5.2816356505861,"PKN2"
"X75918_at",0.413046380033143,6.82429908668356,1.67544787884827,0.0980980148937413,0.267543508531507,-5.28207743707176,"NR4A2"
"L41690_at",-0.217398253978875,8.70987454432928,-1.67543506396458,0.0981005374247944,0.267543508531507,-5.28209804566069,"TRADD"
"U85430_at",-0.243354505412822,7.23989872969496,-1.6745918249715,0.0982666400852596,0.267894025685589,-5.28345380188652,"NFATC3"
"L21934_at",0.122949653265681,6.6933032402294,1.67391044608256,0.0984010266559713,0.268157843666062,-5.28454885879379,"SOAT1"
"HG4116-HT4386_s_at",-0.259519342802991,5.39261550203924,-1.67235299925436,0.0987087602755221,0.268893676730683,-5.28705031249969,NA
"AF010193_at",-0.317012007253366,8.08754048418244,-1.67210023187079,0.098758778085867,0.268927169203264,-5.28745608518513,"SMAD7"
"J04031_at",-0.22572009859393,8.19265567622142,-1.67002047692213,0.0991711059746269,0.269946855476562,-5.29079260355843,"MTHFD1"
"L36051_at",0.194554383763105,6.12588457749217,1.66981215986088,0.099212483616757,0.269956410573993,-5.29112659159351,"THPO"
"U78190_rna1_at",-0.571548316939579,6.2850392649148,-1.66884299084871,0.099405172802205,0.27028775679791,-5.29267992195672,"GCHFR"
"D87989_at",0.212343054081268,9.35369980309498,1.66881830230136,0.0994100853309187,0.27028775679791,-5.2927194804878,"SLC35B1"
"U84720_at",-0.718567601971935,7.24891548007145,-1.66838680623374,0.0994959763678199,0.270418153078989,-5.29341078040964,"RAE1"
"D14657_at",-0.484184669082561,9.67335664733113,-1.66693760065661,0.099784888899768,0.271100027807335,-5.29573134153175,"PCLAF"
"D87012_at",-0.252369252054254,4.66882409007565,-1.66670603165132,0.0998311175324042,0.271122299767051,-5.29610197170213,"TOP3B"
"D13264_at",0.152873371606325,6.21562558198041,1.66629814945841,0.0999125863466253,0.271240223939487,-5.29675467821211,"MSR1"
"L38616_at",0.176381970868018,8.36817906708799,1.6657825609603,0.100015645417681,0.271416648718177,-5.29757952822575,"BABAM2"
"M96739_at",-0.223870628121263,9.37756028269042,-1.66543119888838,0.10008592742844,0.271504024595643,-5.29814150970058,"NHLH1"
"HG1996-HT2044_at",-0.25571398262876,5.4319640279966,-1.6648150874573,0.10020926355404,0.271525312504203,-5.29912667605292,NA
"Z71460_at",0.162135987755963,10.0631956071024,1.66478346394376,0.100215597434804,0.271525312504203,-5.29917723315742,"ATP6V0A1"
"HG2602-HT2698_at",0.37549022894876,6.96520318037258,1.66467001834776,0.100238322159368,0.271525312504203,-5.2993585934427,NA
"U89278_at",0.162862942088658,9.80915106527656,1.66463107192852,0.100246124633337,0.271525312504203,-5.29942085266261,"PHC2"
"U16120_s_at",0.151997369309471,6.35262516801396,1.66400802784958,0.100371011649936,0.271760327403111,-5.30041665910803,"SLC6A6"
"HG2279-HT2375_at",0.302322234634369,11.821163357049,1.66323404212934,0.10052633063516,0.272077528890683,-5.30165323353924,NA
"X06256_at",0.454745779931303,5.83454647130582,1.66221819986961,0.10073048060129,0.272429261988268,-5.30327540647222,"ITGA5"
"J03805_s_at",-0.280107074106775,8.9461356678999,-1.66220708432365,0.100732716313799,0.272429261988268,-5.30329315153037,"PPP2CB"
"AD000092_cds7_s_at",-0.70825337321768,5.36024966872032,-1.66158441657021,0.100858020331434,0.272664704946072,-5.30428701402523,"RAD23A"
"D79986_at",-0.313116516049201,10.2718742008709,-1.66024232833974,0.101128529623465,0.273292375923307,-5.30642799648173,"BCLAF1"
"HG3985-HT4255_at",0.280899236038001,5.9421132306057,1.65942422721117,0.101293714000995,0.273493389415763,-5.30773229589982,NA
"J02982_f_at",0.335313161638629,8.72659672771803,1.65907481663954,0.101364330966348,0.273493389415763,-5.30828917998923,"GYPB"
"HG4310-HT4580_at",-0.272875613806264,4.92198173540623,-1.65905028410796,0.101369290570318,0.273493389415763,-5.30832827540083,NA
"L37378_at",-0.229012790032225,6.60468707305974,-1.65893446286134,0.101392708164104,0.273493389415763,-5.30851284264887,"GUCY2F"
"U09759_at",-0.221842093982108,7.31705716117557,-1.65892446541677,0.101394729727292,0.273493389415763,-5.30852877354284,"MAPK9"
"M54927_at",0.14049284164738,6.66982134021295,1.65846777834762,0.101487110433179,0.273639035657387,-5.30925640799018,"PLP1"
"D63483_at",-0.199633797246839,7.01859956171506,-1.65755150786693,0.101672664011638,0.274035698199989,-5.31071573172481,"SCARF1"
"D79994_at",-0.26636891704317,7.79980109330346,-1.65574267943197,0.102039778338513,0.274896534717043,-5.31359441871476,"KANK1"
"X14766_at",0.146596630152503,8.88567890141335,1.65559808092185,0.102069172029178,0.274896534717043,-5.31382441642634,"GABRA1"
"M91585_at",-0.411473618122871,8.9412294589356,-1.65510577004953,0.102169299550975,0.27506228719747,-5.31460734418748,"BRPF1"
"D87071_at",0.81791029885577,8.04358624569303,1.65468568688388,0.102254800266806,0.275188550812405,-5.31527523672603,"PIEZO1"
"Y09305_at",-0.358754416276541,7.02634481300316,-1.65392827859834,0.102409104539763,0.275499813684516,-5.3164790472159,"DYRK4"
"U29953_rna1_at",-0.445245114814989,7.60657087811054,-1.65320417855154,0.102556799758673,0.275581973409933,-5.31762944050318,"SERPINF1"
"U84551_cds2_at",0.212327130984706,5.77034132392721,1.65313911787744,0.10257007869492,0.275581973409933,-5.3177327809272,"DTNA"
"M61176_at",-0.190313671003472,6.62903311996711,-1.65275397078063,0.102648716121159,0.275581973409933,-5.3183444598028,"BDNF"
"U07969_s_at",0.408086160183622,6.814169536001,1.65272559414374,0.102654511857564,0.275581973409933,-5.31838952148603,"CDH17"
"L13773_at",-0.291731977916305,8.77234766530683,-1.65270907796965,0.102657885296858,0.275581973409933,-5.31841574859803,"AFF1"
"L05514_f_at",0.149453819732478,6.63097515720253,1.65264201505449,0.102671583865448,0.275581973409933,-5.31852223968648,"HTN3"
"X01038_rna1_s_at",-0.531374387012068,5.82128023971639,-1.65125899221329,0.102954417231395,0.276237124743175,-5.3207174872527,"APOA1"
"X98258_at",-0.231258609052566,7.0136674451351,-1.65093635687021,0.103020488248864,0.276310406593737,-5.32122935546067,"MPHOSPH9"
"U08049_at",-0.21779675657895,6.96660945359198,-1.65043050178546,0.103124149263466,0.276470682600025,-5.32203171919144,"PMP22"
"L10910_at",-0.360552935278108,8.96716185171511,-1.65011900878564,0.103188023236121,0.276470682600025,-5.32252568142362,"RBM39"
"Y00081_s_at",0.390244406736251,6.54543633878457,1.65007724584703,0.103196589479403,0.276470682600025,-5.32259190206723,"IL6"
"X12517_at",-0.448618732189498,3.44233749096137,-1.64929954554169,0.103356213628388,0.276794307647173,-5.32382476444864,"SNRPC"
"X05196_at",-0.437858079047194,7.55491485040499,-1.64850200648376,0.103520117686015,0.277129147196244,-5.32508851673695,"ALDOC"
"M34667_at",0.147334052243503,8.48038551154424,1.6476621581698,0.103692944655496,0.27738327959398,-5.32641869795268,"PLCG1"
"X86564_at",0.133280903459776,6.09104608107245,1.64726111992955,0.103775554239147,0.27738327959398,-5.32705365459183,"CFHR2"
"Y00971_at",-0.200174611724925,7.39038480328592,-1.64695007954315,0.103839661970961,0.27738327959398,-5.32754602052692,"PRPS2"
"U88726_at",0.180974942788957,7.16576433949711,1.64686936999052,0.103856302055285,0.27738327959398,-5.3276737668022,"SYMPK"
"HG4411-HT4681_at",0.211270043037124,4.66213966203626,1.64684778739984,0.103860752156777,0.27738327959398,-5.3277079265275,NA
"J05125_at",0.15834246717841,6.02210784690105,1.64677251795032,0.103876273129586,0.27738327959398,-5.32782705558038,"PNLIP"
"J03258_at",0.25350803332216,5.62036040195512,1.6467185077363,0.103887411490521,0.27738327959398,-5.327912534502,"VDR"
"M20919_at",0.146475320899966,5.57962716223792,1.6457082700051,0.10409592824547,0.277835968724057,-5.32951090155475,NA
"X95239_at",0.13814078698938,6.38698011742298,1.6449461428764,0.10425345849874,0.278152285043981,-5.33071611346702,"CRISP2"
"U38980_at",0.139280069931639,10.5947996869877,1.64440578572172,0.104365266345624,0.278346421166462,-5.33157030918381,"DTX2P1-UPK3BP1-PMS2P11"
"U83239_s_at",0.118999037407471,10.8219001882683,1.64258930576886,0.104741835442818,0.279246277065016,-5.33443988873037,"CCL22"
"U77846_rna1_at",0.24566870852195,7.80241550636193,1.64197882373544,0.104868639563893,0.279479824841491,-5.33540363539366,"ELN"
"D10995_at",0.255893457776837,8.34413774929204,1.64173040522097,0.1049202745268,0.279512943610447,-5.33579570985813,"HTR1B"
"Y08564_at",0.129537649357736,5.9675426273315,1.64123808144371,0.105022667206956,0.279681208262378,-5.33657257293352,"GALNT4"
"M69203_s_at",0.493227545634464,7.37353876137322,1.64043577245843,0.105189703514883,0.280021432545782,-5.3378381143056,"CCL4"
"X66276_s_at",0.261002936924334,8.01247787689546,1.64008621278714,0.105262547175364,0.280110749836942,-5.33838932103089,"MYBPC1"
"M20530_at",0.235434287041026,7.38336953315871,1.63975101482092,0.105332436408071,0.280189513299545,-5.33891777895104,"SPINK1"
"X52282_s_at",0.222856373191933,6.82954596026084,1.63956732855938,0.105370751179139,0.280189513299545,-5.33920732786014,"NPR3"
"U88629_at",0.254990290205274,8.50582410958448,1.63888254624837,0.105513688102156,0.280415203318862,-5.34028650072478,"ELL2"
"Y08765_s_at",0.350290213415549,9.06334973626777,1.63870262130499,0.105551270474992,0.280415203318862,-5.34056998143685,"SF1"
"U27459_at",-0.188037879413827,7.14334816037255,-1.63859560180346,0.105573629640598,0.280415203318862,-5.34073858229002,"ORC2"
"M86406_at",-0.466329643514102,6.54584062532601,-1.63766914471287,0.105767351020125,0.280825119337979,-5.34219771568799,"ACTN2"
"U82671_cds2_at",0.377563220833495,7.32550323872168,1.63722383616293,0.105860566992816,0.280967975462317,-5.34289878648339,"ZNF185"
"X54871_at",-0.304825651148594,6.29266024187396,-1.63681653177117,0.105945885809917,0.281089772958281,-5.34353987049865,"RAB5B"
"L78833_cds2_at",-0.346824434795758,5.86482083758669,-1.63594984461394,0.106127617603039,0.281467182251513,-5.34490351537068,"RND2"
"X60655_at",0.403334201030726,7.50374142023551,1.63558050057465,0.106205140336957,0.28156803475722,-5.34548443719784,"EVX1"
"X02544_at",-0.202075540439787,5.04053577072617,-1.63241886246868,0.106870622514901,0.282933768607365,-5.3504522272826,"ORM1"
"M13058_s_at",0.21385769477176,7.90093067186317,1.63226033919936,0.106904078102835,0.282933768607365,-5.35070107525985,"PRH1"
"L38500_at",-0.191925358576131,6.84413443551649,-1.63218493332431,0.10691999512906,0.282933768607365,-5.35081943864388,"SLC5A3"
"AB000895_at",-0.56126204720667,4.691245661344,-1.63217903172904,0.106921240946361,0.282933768607365,-5.35082870206834,"DCHS1"
"M81057_at",0.186960134868926,8.19595944688049,1.63201674604992,0.106955503792703,0.282933768607365,-5.35108342119384,"CPB1"
"M16652_at",0.200337141884708,10.6284684341529,1.63200298175703,0.106958410211369,0.282933768607365,-5.351105024166,"CELA2A"
"X06268_at",0.191121113368669,7.31146541063359,1.63168848409664,0.107024835809662,0.283004471248918,-5.35159858017977,"COL2A1"
"U50146_at",-0.260364867433728,4.96004051731389,-1.63147059158039,0.107070876824356,0.28302123873965,-5.35194047737051,NA
"S81957_at",-0.26067504551285,6.34899546503563,-1.63076769491936,0.107219509101178,0.283309073529391,-5.35304311001557,"BMP5"
"AFFX-DapX-5_at",-0.295244154390875,6.43404941182141,-1.63026047908412,0.107326866909897,0.283487674768677,-5.35383850434189,NA
"A28102_at",0.310890432581933,8.03408178656812,1.6297457796004,0.10743589752287,0.283670560533534,-5.35464539923211,"GABRA3"
"X97303_at",-0.261560337850272,6.60150696569447,-1.62905000424593,0.107583428364141,0.283896082938132,-5.35573579066297,"ZMAT2"
"U10886_at",0.142527675841332,6.6740895241052,1.62896739229455,0.107600956108687,0.283896082938132,-5.35586522809265,"PTPRJ"
"L09190_rna1_at",0.160827279819496,7.37109351891262,1.62791231202152,0.10782501507305,0.284324877321178,-5.3575178045829,"TCHH"
"K03474_at",-0.425879803883269,6.90539615591587,-1.62782656305406,0.107843241447112,0.284324877321178,-5.35765206982264,"AMH"
"U12404_at",-0.177112628361227,14.0333412613641,-1.62749425003156,0.107913899767711,0.284405985746399,-5.35817234155539,"RPL10A"
"X61100_rna1_at",-0.182104406784261,7.71719920187552,-1.62591485099375,0.10825023219936,0.285186956891811,-5.3606437109627,"NDUFS1"
"M90299_at",0.247160372918199,9.0745422844193,1.62456946001917,0.108537399996161,0.285767816813551,-5.3627471566291,"GCK"
"X59834_at",0.395525944042802,10.1945486986721,1.62450636037839,0.108550883424196,0.285767816813551,-5.36284576975593,"GLUL"
"U51095_at",0.19356106406861,6.6908399627048,1.62224807807334,0.109034334811568,0.286893340707072,-5.36637270543326,"CDX1"
"K02100_at",0.232960771026201,7.1552188221689,1.62213350979842,0.109058907745289,0.286893340707072,-5.36655151408107,"OTC"
"D26135_at",-0.150415846145322,4.96515383015132,-1.62178172580088,0.10913438732272,0.286986000451373,-5.36710047595593,"DGKG"
"X54457_s_at",-0.219296613796898,4.96384237655373,-1.62140016952107,0.10921630256312,0.287035335278644,-5.36769577258222,"CEL"
"M34175_at",-0.181805762029834,9.40107396863388,-1.62131928234974,0.10923367437382,0.287035335278644,-5.36782195443072,"AP2B1"
"D31767_at",0.224131177079421,11.5544514877,1.62111388253239,0.109277797281721,0.287045474142001,-5.36814234641335,"DAZAP2"
"X79204_at",0.188147420244227,6.77015521536717,1.62090775968368,0.109322089963334,0.287056051325454,-5.36846382827251,"ATXN1"
"M37755_f_at",0.335378861823374,9.21558330564419,1.62049058181385,0.109411779502565,0.287185779114059,-5.36911436819905,"PSG7"
"U58096_at",0.17611180767026,7.00681095636976,1.62004651939023,0.109507314200907,0.287306376185303,-5.36980666035543,"TSPY1"
"Z48314_s_at",-0.437523263430022,6.05286127989366,-1.61984881795178,0.109549868935786,0.287306376185303,-5.37011481962256,"MUC5AC"
"D13118_at",0.119084916440965,11.5088624198014,1.61971524513993,0.109578627696428,0.287306376185303,-5.37032300114396,"ATP5MC1"
"U57341_r_at",0.130185336093687,12.2327148759286,1.61928885579702,0.109670471779283,0.287438210962023,-5.37098744859508,"NEFL"
"L20971_at",-0.632656331935724,8.40175416145102,-1.61907178176072,0.10971725328094,0.287438210962023,-5.37132565508863,"PDE4B"
"U65533_s_at",0.46356063161736,4.78231876206574,1.61892048731638,0.109749868177672,0.287438210962023,-5.37156135048391,"UPF1"
"U50315_at",0.360446989825595,8.63916628652049,1.61820572179411,0.109904057601233,0.287736330018066,-5.37267457733646,"EZH1"
"D78014_at",0.318166049708553,7.40338921691168,1.61796092624022,0.109956905111308,0.287769007539836,-5.37305573430402,"DPYSL3"
"M59979_at",0.332843332818367,5.18738700212751,1.61773802837944,0.110005043076508,0.287789340217404,-5.37340274899476,"PTGS1"
"M64554_rna1_at",0.123231846044287,6.17192248016696,1.61752359668911,0.11005136868797,0.287804918333286,-5.37373654130988,"F13B"
"U53446_at",0.193960657770329,7.47106032557815,1.61710927059751,0.110140923850281,0.287879537725206,-5.37438138007765,"DAB2"
"U49857_at",-0.210530464243992,7.85671789042084,-1.61701797611229,0.110160664737602,0.287879537725206,-5.37452344611103,"MIR9-1HG"
"M16276_at",-0.577134549485171,6.58572143711015,-1.61647852674403,0.110277369769467,0.28807891868323,-5.37536274686088,"HLA-DQB1"
"M64174_at",-0.189763555830954,8.45592759356662,-1.61614698240122,0.110349145854605,0.288160828130945,-5.37587844993141,"JAK1"
"X98337_s_at",0.152576706755057,6.66062679585544,1.61590630895713,0.110401272872381,0.288191385685537,-5.37625274555886,"CFHR4"
"M73746_s_at",0.144545067235662,6.09747093985003,1.61540104682802,0.110510771240797,0.288371628175563,-5.37703836112708,"LHCGR"
"L07738_at",0.500499039639304,5.30613534645661,1.61444393199273,0.110718433250949,0.288703772443282,-5.37852592115912,"CACNG1"
"L22548_at",0.34642146872847,5.37238785937268,1.61444108740903,0.110719050899135,0.288703772443282,-5.3785303410248,"COL18A1"
"U39576_at",-0.179785709203753,3.89440925662605,-1.61387701845311,0.110841582805868,0.288854501036331,-5.37940663859368,"BTN1A1"
"S94421_at",-0.157676673424223,3.49697962632957,-1.61380197607505,0.110857892388189,0.288854501036331,-5.37952319764367,NA
"HG881-HT881_at",0.243827473831217,8.13580574376614,1.61286969476423,0.111060674090779,0.289277144900682,-5.38097083660792,NA
"U02680_at",-0.185517725521858,7.13521126557545,-1.61264870742154,0.111108785115843,0.289296760077007,-5.38131386987064,"TWF1"
"U81599_at",0.191265874450986,8.17988696895782,1.61222765129323,0.111200499467777,0.289307304492437,-5.38196734397508,"HOXB13"
"X74929_s_at",0.419439350599591,5.78541760643935,1.61208088370423,0.111232482680185,0.289307304492437,-5.3821950882084,"KRT8"
"X15822_at",-0.253679296810782,11.2315051326474,-1.61207126000156,0.111234580111344,0.289307304492437,-5.38221002095943,"COX7A2"
"U30313_at",-0.298739638886429,5.82177722630453,-1.6117444149717,0.111305833038239,0.289329623231745,-5.38271712531013,"NUDT2"
"L22206_at",-0.394051995029266,4.20851942646398,-1.61165958980561,0.11132433111582,0.289329623231745,-5.38284871702933,"AVPR2"
"X07315_at",-0.330716493027783,8.64808466079939,-1.61118307068343,0.111428293093543,0.289494278959136,-5.38358783504765,"NUTF2"
"X65962_s_at",0.173859982287338,9.16318008403122,1.61064325505607,0.111546158882987,0.289694924108128,-5.38442488512061,"CYP2C19"
"Y00264_at",-0.431084288974075,7.57858418271213,-1.61018818440276,0.111645599042619,0.289847587609188,-5.3851303249718,"APP"
"L31860_at",0.271449907518252,6.41204500551776,1.60964368121095,0.111764675413853,0.290051099754407,-5.38597415724648,"GYPA"
"HG759-HT759_s_at",0.32622906585944,5.9865262574464,1.60927613036632,0.111845112200254,0.29015422302606,-5.386543611204,NA
"L48516_at",0.279424423258116,6.59150271172849,1.60905463702669,0.111893607483272,0.290174437158329,-5.3868867168663,"PON3"
"M27160_at",0.322361040887012,7.14952069300002,1.6082890303061,0.112061365097383,0.290503807919724,-5.38807234623376,"TYR"
"Z48519_s_at",0.207206464804754,6.72078199351639,1.60762814711561,0.112206338723093,0.29077389631295,-5.38909537687224,"XGY2"
"M16404_at",0.162251010910392,5.95323436174081,1.60718058603709,0.112304602962855,0.290922788707192,-5.38978796792755,"CHRM2"
"M86873_s_at",-0.190512272507134,5.91484574537769,-1.6064335894254,0.11246876397735,0.291242215181449,-5.39094352910008,"PLG"
"S67156_at",-0.199180532951025,6.4983399677227,-1.6056866531018,0.112633104731565,0.29156187495691,-5.39209849692225,"ASPA"
"U40282_at",0.175148703884254,9.15027029963712,1.60515954580442,0.112749194977821,0.291745742013747,-5.39291324796162,"ILK"
"U82275_at",-0.572141280446289,8.44424092099953,-1.6049926060052,0.112785981903477,0.291745742013747,-5.39317123528436,"LILRA2"
"D16583_at",0.438244954908226,4.04438604967872,1.60375461406076,0.113059087683981,0.292346113927857,-5.39508363766935,"HDC"
"HG2007-HT2056_s_at",0.132198732289157,6.37070451587125,1.60353894122045,0.113106720289374,0.292363237470249,-5.39541666023732,NA
"J04168_at",0.162086838612606,7.42364165982152,1.60316479284633,0.113189391419285,0.292470884896006,-5.39599428750759,NA
"U92436_at",-0.203723298612948,8.27329254875042,-1.6015279138318,0.113551644564505,0.293216375605573,-5.39851989977773,"PTEN"
"HG1733-HT1748_at",-0.416426792076969,7.24227014704825,-1.6014894659545,0.113560164545797,0.293216375605573,-5.39857919380648,NA
"M95787_at",0.53157896154402,7.22899691453447,1.60005536563872,0.113878325817,0.293931420980955,-5.40078990549645,"TAGLN"
"U57877_at",-0.147148662895846,9.46409799347783,-1.59978873202583,0.113937558514519,0.293977869942093,-5.40120072638466,"SDHC"
"D21851_at",-0.145699385429731,7.25495450532588,-1.59954764102007,0.113991138227584,0.29400970492925,-5.40157213710147,"LARS2"
"L48728_cds1_at",0.197657505963797,7.89108884663814,1.59915849026294,0.114077665232521,0.294126464897882,-5.40217153000474,"TRBV21-1"
"L05072_s_at",-0.346757058409905,9.34809493904256,-1.59851418805591,0.114221040725042,0.294389659916423,-5.40316362349149,"IRF1"
"U43203_s_at",0.233066548770196,6.98826578684583,1.59814048945644,0.114304265554145,0.294497690327251,-5.4037388721579,"NKX2-1"
"U20230_at",-0.278868688259678,4.3257885376342,-1.5968130378614,0.114600290550652,0.29515371074263,-5.40578125641428,"GUCY2C"
"K03494_s_at",0.193207673297914,3.40880772544087,1.59554449981917,0.114883752637595,0.29577691316483,-5.40773152002741,"OPN1MW"
"M25393_at",0.138887316074835,6.75963164968205,1.59497821657932,0.115010473464988,0.295996269072887,-5.40860166348119,"PTPN2"
"M29458_at",0.17353665815839,6.74282223740262,1.59465135695587,0.115083667994694,0.296077758619332,-5.40910378069491,"CA3"
"D10537_s_at",0.275559922961051,8.3069989568638,1.59378954933267,0.115276834096384,0.296467730978759,-5.4104272177773,"MPZ"
"S76067_at",0.193651740733892,6.15379976063952,1.59312519491635,0.115425920451994,0.296744099135328,-5.41144698019028,"CNGA2"
"X12433_at",0.21208576061286,8.09810667268943,1.59155324835675,0.11577929379181,0.29737890470297,-5.4138582887553,"ABHD2"
"HG4460-HT4729_at",-0.459342123293767,6.70802314025169,-1.59121860943037,0.115854632495073,0.29737890470297,-5.41437132615865,NA
"S79862_s_at",0.121285021991801,6.35234511251573,1.59112001070149,0.115876837950223,0.29737890470297,-5.41452246941428,"PSMD5"
"U09367_at",-0.260061070260859,7.34023860835188,-1.59110743186357,0.115879671080355,0.29737890470297,-5.4145417510482,"ZNF136"
"U49248_at",-0.239879297729968,7.13364853934114,-1.59109969553902,0.115881413559384,0.29737890470297,-5.41455360970246,"ABCC2"
"U79261_s_at",0.589387268042572,5.85029513060234,1.59089520709704,0.115927478815604,0.297390067101995,-5.4148670410938,"MAPK8IP2"
"J02943_at",0.191943631128145,7.92807137105747,1.59029179568261,0.116063495352332,0.297631891498841,-5.41579170612338,"SERPINA6"
"U02310_at",-0.211490200506812,7.8188258899443,-1.58971053160386,0.116194640596686,0.297751208345633,-5.41668212341017,"FOXO1"
"U28014_at",0.308960634113641,8.75988309323482,1.58928417035798,0.11629091207282,0.297751208345633,-5.41733505772799,"CASP4"
"U44059_at",0.15752197461785,9.64392555297023,1.58918990151046,0.116312206412432,0.297751208345633,-5.41747940003696,"TEF"
"S76978_s_at",0.170817818336209,6.26661801597303,1.5891417867754,0.116323076229264,0.297751208345633,-5.41755306914456,"FOLH1"
"X87870_at",-0.412627214186884,5.98681166074417,-1.58898400340548,0.116358727497076,0.297751208345633,-5.41779463875767,"HNF4A"
"X75756_at",-0.245694902916066,6.42924580231628,-1.58897562473958,0.116360620907692,0.297751208345633,-5.41780746604364,"PRKD1"
"X53742_at",-0.344986486368542,4.64555568456602,-1.58874203744241,0.11641341690131,0.297779421991188,-5.41816505021937,"FBLN1"
"U79300_at",0.134196753585637,6.44671081682775,1.58812220059726,0.116553607098221,0.298031085008328,-5.41911368203256,"LINC02172"
"U85992_at",0.265899973557644,8.448334646352,1.58645569953617,0.116931195340288,0.298888945311862,-5.42166247357957,NA
"HG2614-HT2710_at",0.257511024863748,8.03538846647845,1.58615383769987,0.116999694570463,0.298888945311862,-5.42212388222326,NA
"U47634_at",0.209629903106562,9.1477530574992,1.58597606488217,0.117040050257244,0.298888945311862,-5.42239557721474,"TUBB3"
"X56932_at",-0.148550786912116,14.4615417700493,-1.58590228918042,0.117056801137708,0.298888945311862,-5.42250832226997,"RPL13A"
"HG3104-HT3280_at",-0.289199322333561,2.9782478267877,-1.5852172717771,0.117212427076117,0.29917915955089,-5.42355494182707,NA
"U66075_at",0.153194455335027,6.21254146414336,1.58476143090016,0.117316079280788,0.299336553039635,-5.42425117505721,"GATA6"
"D50917_at",0.302412031648689,8.45721862133565,1.58421969930654,0.117439357371796,0.299442216889541,-5.42507835146942,"SERTAD2"
"L05515_at",0.193882262486842,5.32675886206642,1.58415017749955,0.117455185475702,0.299442216889541,-5.4251844860433,"CREB5"
"U72671_at",0.168292738173739,6.25339274992281,1.5840258246542,0.117483501282094,0.299442216889541,-5.42537431688149,"ICAM5"
"HG3920-HT4521_s_at",0.202433451314613,8.78037049793198,1.58259348357981,0.117810047322581,0.30004535381095,-5.42755985490577,NA
"M29877_at",-0.27880431459411,8.77999658260715,-1.58253139497742,0.11782421874046,0.30004535381095,-5.42765455110577,"FUCA1"
"X90872_at",0.273029024291452,8.64110855694642,1.58243422209978,0.117846400711272,0.30004535381095,-5.42780275012981,"TMED9"
"M20747_s_at",0.222013699328794,8.76629060236717,1.58210154569087,0.117922367164276,0.300131579976481,-5.42831005291934,"SLC2A4"
"X04445_rna1_s_at",-0.512464309719453,4.61789591836081,-1.58188415244976,0.117972029954952,0.300150821395022,-5.42864150507274,"INHA"
"AB000467_at",-0.212670746131998,3.53826383725421,-1.58139406830814,0.118084049535311,0.300244722263557,-5.42938856396835,"NOP14"
"M24122_s_at",-0.442476856714209,5.26580451344747,-1.58126350588045,0.11811390682832,0.300244722263557,-5.42958755013979,"MYL3"
"L36033_at",0.420057568801222,6.66488310154062,1.58113328051387,0.118143693061109,0.300244722263557,-5.42978600733647,"CXCL12"
"HG1747-HT1764_s_at",0.196440978049464,7.88690191736914,1.58098594179832,0.118177400851668,0.300244722263557,-5.43001052606524,NA
"U25265_at",-0.406998669497842,8.16589782270031,-1.58035645320881,0.118321500422258,0.300461489479271,-5.43096953795348,"MAP2K5"
"HG1140-HT4817_s_at",0.407050762840492,7.99424767959883,1.58024506314215,0.118347013951156,0.300461489479271,-5.43113920113578,NA
"D23660_at",-0.184245143402999,13.8207840163792,-1.57919813151154,0.118587025425051,0.300963654060232,-5.43273328406496,"RPL4"
"X98261_at",0.143092590407127,9.60759337389145,1.57885046483186,0.118666814899265,0.301058976304934,-5.4332624315339,NA
"U80457_at",-0.656652586339113,7.50830811096499,-1.57823908299227,0.118807231159797,0.301307986815437,-5.43419268882254,"SIM2"
"L20591_at",0.249733459621265,6.73786435355561,1.57616442405957,0.119284709806231,0.302411342890689,-5.43734691069316,"ANXA3"
"X74614_at",0.16206216831776,10.0528732505224,1.5759044734197,0.119344644964865,0.302413942466198,-5.43774185538425,"ODF1"
"X87904_at",-0.404245292162364,7.59131975111798,-1.57574799562954,0.119380734658328,0.302413942466198,-5.43797956378485,"PLXNB1"
"X05360_at",-0.216602480127096,6.90728002655817,-1.57540155688124,0.119460667576821,0.302413942466198,-5.43850576710865,"CDK1"
"U59752_at",-0.1412218183299,9.74564899227485,-1.5753222322979,0.119478975952724,0.302413942466198,-5.43862623745058,"CYTH2"
"L27584_s_at",-0.23410082454899,3.33267097325395,-1.57524052577959,0.119497836432498,0.302413942466198,-5.43875031931947,"CACNB3"
"HG3930-HT4200_at",0.268792569051866,6.56923875272787,1.57404821256912,0.119773331383616,0.303003576804045,-5.44056031687108,NA
"X59065_at",0.152150644171079,6.83442077871364,1.57191528949735,0.12026742911443,0.304145619778919,-5.44379502015461,"FGF1"
"J05200_rna1_s_at",-0.19691144781054,5.39598418381372,-1.57168397457837,0.120321111621031,0.3041734768604,-5.4441455766545,"RYR1"
"U11036_at",-0.196187645790038,5.38841494800698,-1.57122727290496,0.120427157062916,0.304333641510643,-5.4448375640908,"GALM"
"L49054_at",0.154589494318223,6.31720680247907,1.57096644497356,0.12048775440568,0.30437888063717,-5.44523268234943,"MLF1"
"Z80776_at",-0.236885872494646,6.39545367394755,-1.57058526334668,0.120576356954704,0.304494810035452,-5.44581000963405,"H2AC7"
"D50913_at",-0.695359458423967,8.10087806610331,-1.56997275276554,0.12071883901876,0.304746672579583,-5.44673742738243,"PMPCA"
"M25809_at",0.395677582011978,7.8175162852273,1.56963595657666,0.120797241745412,0.304783062981018,-5.4472472350332,"ATP6V1B1"
"M37766_at",-0.412170310117027,9.65150170229683,-1.56954355314723,0.120818759431106,0.304783062981018,-5.44738708804196,"CD48"
"L47276_s_at",-0.527308401799283,8.04658279496545,-1.56926527287593,0.1208835801418,0.304838713417366,-5.44780822003928,"TOP2A"
"M60854_at",-0.158168771101758,14.2988268779306,-1.56784317530988,0.121215267546006,0.305567058817355,-5.44995924473047,"RPS16"
"U72263_s_at",-0.243624745319817,6.72308894661195,-1.56737755878187,0.121324024829583,0.305573718153137,-5.45066312728202,"EXT2"
"X87843_at",-0.283367590456256,5.19219446291278,-1.56736628348399,0.121326659444763,0.305573718153137,-5.45068016997103,"MNAT1"
"HG4638-HT5050_at",-0.670947208755835,5.92679110363411,-1.56728138006977,0.121346499662159,0.305573718153137,-5.45080849837759,NA
"X68242_at",-0.160211710166863,6.93707111486569,-1.56644363979967,0.121542401553207,0.305958962101982,-5.4520743639836,"OTUD4"
"U08471_at",0.281460338337396,4.95712209621542,1.56493866034355,0.121894968329508,0.306738167744815,-5.45434687149534,"FOLR3"
"U67614_at",0.157890032427056,7.26139737008361,1.56399364128049,0.122116771672052,0.307083998451181,-5.45577279985196,NA
"D13633_at",-0.225299047122366,7.12203359899878,-1.5639860744254,0.122118548970276,0.307083998451181,-5.45578421414409,"DLGAP5"
"HG3431-HT3616_s_at",0.131211044868354,6.33735943516717,1.56365839240912,0.122195534514018,0.307169240321028,-5.45627845958817,NA
"U45975_at",-0.145932072948749,10.3426943999645,-1.56290330750263,0.122373081376025,0.307507119185648,-5.45741699181681,"INPP5J"
"S83365_at",-0.193877284406825,4.02542810673308,-1.56212258957574,0.122556871714421,0.307771273782946,-5.45859363361507,"YIF1A"
"D63879_at",-0.267750770866055,7.77964612782486,-1.56200510494984,0.122584548042937,0.307771273782946,-5.45877065041231,"SART3"
"X17644_s_at",-0.521609738708916,5.72146583032338,-1.5619067683354,0.12260771742791,0.307771273782946,-5.45891880689218,"GSPT1"
"L02547_at",-0.18004502833098,6.45326337090111,-1.56107545201169,0.122803725912155,0.308154791280448,-5.4601709411288,"CSTF1"
"Y10260_at",-0.583820755887511,5.77701302232298,-1.56013254750227,0.123026347007227,0.308604795149374,-5.46159039605824,"EYA1"
"M83554_at",-0.187501649536763,4.77773024265019,-1.55960749436255,0.123150452154094,0.308807447557699,-5.46238046715887,"TNFRSF8"
"D11094_at",-0.436802430106152,7.54778343707784,-1.55881442414952,0.123338096783855,0.309169230651232,-5.46357336425649,"PSMC2"
"D12676_at",0.164989743077103,6.17884837407411,1.55861071489497,0.123386332232268,0.30918142793808,-5.46387968210571,"SCARB2"
"Z11695_at",-0.268628856911087,5.64237586933749,-1.55816182329047,0.123492676418361,0.309215309750849,-5.46455454883882,"MAPK1"
"Z48054_at",-0.251753164042199,8.51935259033353,-1.55804792606486,0.123519670729913,0.309215309750849,-5.46472575380535,"PEX5"
"Z15114_at",0.157491567421834,9.1120941466813,1.55775963740107,0.123588017844475,0.309215309750849,-5.46515904351005,"PRKCG"
"D45370_at",-0.548141128463369,7.1711658438634,-1.55774794277833,0.123590791026673,0.309215309750849,-5.46517661861495,"ADIRF"
"HG544-HT544_at",0.395727960952627,1.96079060594621,1.55763858811224,0.123616725037161,0.309215309750849,-5.46534095481885,NA
"U32315_at",-0.223858785930644,6.43334383538395,-1.55628140655568,0.123938948368004,0.309840050046646,-5.46737960485787,"STX3"
"U18934_at",0.148417832191222,6.15962729678377,1.55613834808864,0.123972952378278,0.309840050046646,-5.46759439908337,"TYRO3"
"U62434_at",0.118877408307823,6.15105979396116,1.55591239990804,0.124026673834341,0.309840050046646,-5.46793360993081,"CHRNA5"
"HG2314-HT2410_at",0.502250421200223,6.20066290677173,1.55585498132584,0.124040328634188,0.309840050046646,-5.46801980379815,NA
"U55936_at",-0.180947212982801,6.95861063703084,-1.55531475456103,0.124168859400865,0.309981512212318,-5.46883061920236,"SNAP23"
"D42038_at",-0.211703923676469,5.81364840125919,-1.55512723792106,0.12421349814897,0.309981512212318,-5.4691119975628,"KIAA0087"
"HG2715-HT2811_at",0.219929002116221,9.41873142598729,1.55506882357054,0.124227406423144,0.309981512212318,-5.46919964481816,NA
"S65738_at",0.437887012212583,8.55494027985751,1.55465607514325,0.124325715867673,0.310076589906967,-5.46981886152123,"DSTN"
"X60104_s_at",0.469144986207239,4.69180700588356,1.55450505095753,0.124361702656147,0.310076589906967,-5.47004539380191,"EGR4"
"X86693_at",0.154745743362795,6.6297191294611,1.55436117085998,0.124395994828717,0.310076589906967,-5.47026119099483,"SPARCL1"
"M25667_at",0.29981574846543,8.08373935722631,1.55383200742999,0.124522179622814,0.310244186851803,-5.4710546910226,"GAP43"
"U89896_at",-0.240169302257888,8.43963863928847,-1.55371427394298,0.124550268308299,0.310244186851803,-5.47123120235095,"CSNK1G2"
"M35999_at",0.214607932615237,6.03370152117566,1.55345751641997,0.12461154263915,0.310278624781575,-5.47161610136571,"ITGB3"
"X63454_at",0.274100981220186,7.04877673140321,1.55329164270647,0.124651140605195,0.310278624781575,-5.47186472701749,"FGF6"
"U08198_rna1_at",-0.294164439006415,4.42165019583187,-1.55307844155307,0.124702051454199,0.310293443462915,-5.47218425459678,"C8G"
"J03027_at",0.188890062044359,6.80388290753493,1.55290221767229,0.124744144896159,0.310293443462915,-5.47244833284606,"HLA-G"
"M81830_at",0.203433922061771,8.84656334376382,1.55209902012533,0.124936142656141,0.310565935575141,-5.47365160017503,"SSTR2"
"X00237_at",0.227955992442942,6.89451435753412,1.55189209556851,0.124985644338627,0.310565935575141,-5.47396149876716,"SERPINC1"
"HG1828-HT1857_at",0.186199892595221,7.61183203003432,1.55177116584126,0.12501458106736,0.310565935575141,-5.47414259012706,NA
"M57506_rna1_at",-0.315305804937799,5.05932941541594,-1.55171531512865,0.125027947131527,0.310565935575141,-5.47422622169411,"CCL1"
"J03930_at",0.15946265422661,8.97051456494755,1.55131598869314,0.125123546144219,0.310695144709905,-5.47482409613323,"ALPI"
"X06700_s_at",0.174418366321468,7.01585102662922,1.54973573408949,0.125502430644312,0.311486690352763,-5.47718865270533,"COL3A1"
"D83260_s_at",-0.253874155476041,8.38108990159977,-1.54962212770108,0.125529704219875,0.311486690352763,-5.47735855662511,"FAM50A"
"U07424_at",-0.303080284455465,9.23971827332019,-1.54863286545417,0.125767396453512,0.311967908600239,-5.47883755419029,"FARSA"
"U63332_at",0.137753845315116,6.2173850633384,1.54835795340788,0.125833513680685,0.312023345749428,-5.47924840481491,"ATXN3"
"X14329_at",0.244937765635539,9.02632261353268,1.54795947674825,0.125929397645693,0.312152529838715,-5.47984379914928,"CPN1"
"M37984_rna1_at",-0.134450587042565,9.15799373659563,-1.54758289779592,0.126020065819511,0.312268699766177,-5.48040634265058,"TNNC1"
"U03851_at",-0.261976524790549,8.53346299389801,-1.54710192101511,0.126135945107928,0.312447238594308,-5.48112465209456,"CAPZA2"
"AC000061_cds2_at",-0.273561526823222,8.1636606503047,-1.54667037523832,0.126239987303818,0.312572350713578,-5.4817689615069,"CFTR"
"HG3432-HT3620_s_at",0.228403543732641,7.34856277048879,1.5465287633374,0.126274143646389,0.312572350713578,-5.48198035521295,NA
"D86550_at",-0.339017482775498,9.43645189540053,-1.54628382298533,0.126333239822041,0.312610089097996,-5.4823459515546,"DYRK1A"
"U40002_s_at",-0.154302650118798,2.77455110095776,-1.54455487295975,0.12675100479917,0.313535014994199,-5.48492502933657,"LIPE"
"U27325_s_at",-0.278760065930417,9.79735038439793,-1.54426538244987,0.126821061325767,0.313599495730626,-5.48535659887612,"TBXA2R"
"U18235_at",-0.19841089869644,4.16117623048163,-1.54330817808165,0.127052923202378,0.31406390066219,-5.48678305036811,"ABCA2"
"AFFX-CreX-5_st",-0.216945632660319,5.85162481312084,-1.54262005499196,0.127219813912095,0.314301313022147,-5.48780799819616,NA
"HG210-HT210_s_at",-0.117595105105799,7.581060294879,-1.54254864662677,0.127237142570054,0.314301313022147,-5.48791433525334,NA
"Z31560_s_at",0.187907172962673,8.16638421128382,1.5423592698833,0.127283107673961,0.314305948946195,-5.48819632143124,"SOX2"
"X98311_at",0.218677456224696,7.14900550197976,1.54162166223856,0.127462263864296,0.31433395448827,-5.489294326609,"CEACAM7"
"X91141_at",-0.175121948187278,6.26463535950266,-1.54158836064738,0.127470357148525,0.31433395448827,-5.48934388786567,"RABEP1"
"U09579_at",-0.495386950297947,8.77983206373556,-1.5414696259301,0.127499216562011,0.31433395448827,-5.48952058723355,"CDKN1A"
"HG2414-HT2510_s_at",-0.123010391721378,3.26156246295313,-1.54142515614046,0.127510026631634,0.31433395448827,-5.48958676328082,NA
"Y08991_at",-0.179759469907057,7.49950551189164,-1.54127712065162,0.127546017516411,0.31433395448827,-5.48980704385412,"PIK3R4"
"D83784_at",0.348649079150783,7.57248215284601,1.54122371888526,0.127559002712101,0.31433395448827,-5.48988650217923,"PLAGL2"
"L18972_at",-0.134044934803757,8.80253282128134,-1.54102846613258,0.127606489385807,0.314342316113138,-5.49017700352337,"THOC5"
"U28831_at",-0.358302213077067,8.24289078472308,-1.54068258286661,0.127690644774706,0.314440969464208,-5.49069153166553,"ANKRD36C"
"Y13620_at",-0.393688551126684,7.64999357383428,-1.53936043910984,0.128012736046457,0.3151252746116,-5.49265732603676,"BCL9"
"U10685_at",0.16315451515492,6.7470385486454,1.53900064128662,0.128100498936238,0.31523246700602,-5.49319200832444,"MAGEA10"
"M29335_s_at",-0.171397645658638,5.75354707719172,-1.53821329744726,0.128292716579955,0.315596541234818,-5.49436164266258,"HLA-DOA"
"X51823_s_at",0.132776895249263,6.4450603953417,1.53772055990803,0.128413127075526,0.31578378162174,-5.49509334104504,"F13B"
"U94333_at",-0.21762648459921,4.5838710101973,-1.53734767807878,0.128504307950562,0.315899038406743,-5.49564691185523,"CD93"
"D13645_at",-0.32420232796806,6.17716069461934,-1.5368123428053,0.128635303376377,0.316112057142431,-5.49644143703382,"PUM3"
"X56654_at",0.254037238865213,6.02643029800837,1.53538113474275,0.128986037061262,0.316860206057226,-5.49856431126758,"DSG1"
"Y00291_at",-0.152284720352083,5.3751638392453,-1.53503692964465,0.129070501399556,0.316860206057226,-5.49907458547939,"RARB"
"Z35309_at",-0.365570565952856,5.49223664782001,-1.53496949431808,0.129087054460374,0.316860206057226,-5.49917454386633,"ADCY8"
"Y00317_at",0.113593137097718,6.1488791593303,1.53484534273456,0.129117533819083,0.316860206057226,-5.4993585611631,"UGT2B4"
"U48730_at",-0.190858906327549,7.60710635932368,-1.5343240295529,0.129245579089127,0.317065290201784,-5.50013109859867,"STAT5B"
"X83368_at",-0.126275622082101,7.77326341868814,-1.53363902105517,0.12941398429977,0.317369210207451,-5.5011458433988,"PIK3CG"
"S79522_at",-0.142139848425861,13.6542749130044,-1.53280857714965,0.129618377077851,0.317748686487806,-5.50237546118392,"RPS27A"
"AB002356_s_at",0.156737616592931,10.3780112001171,1.53264825274649,0.129657866319684,0.317748686487806,-5.50261277770312,"MADD"
"M36430_s_at",-0.239930290082533,10.1505864787068,-1.53207687699027,0.12979867847612,0.317984460088062,-5.50345835439432,"GNB1"
"L43576_at",-0.205217424972136,6.97133649715546,-1.530957016479,0.130075012842477,0.318551963776715,-5.50511477447596,"EOLA1"
"M95925_at",0.288110259473092,5.21900820309072,1.52987980218645,0.130341263404228,0.319060758349565,-5.50670704417482,"NRL"
"M77140_at",0.319028709517475,6.42056269320577,1.52975442371985,0.130372280694667,0.319060758349565,-5.50689230241374,"GAL"
"U10099_s_at",-0.467096332759793,6.49405570304996,-1.52914003620917,0.130524358089629,0.319323318057983,-5.50779991086162,"POMZP3"
"U73191_at",-0.152507960493762,6.62941038915339,-1.52881991024196,0.130603653494727,0.319351317858729,-5.50827268387597,"KCNJ15"
"U59831_rna1_s_at",0.173183967944292,8.26551200852187,1.52873216272127,0.13062539526947,0.319351317858729,-5.50840225622499,"FOXD1"
"U49973_xpt2_at",0.224857508257847,6.16148567839726,1.52827051952234,0.130739826806922,0.319521503361859,-5.50908382670043,NA
"AB003103_at",-0.186563690100177,7.12167077075684,-1.52744141557262,0.130945543276429,0.319914591507082,-5.51030743212089,"PSMD12"
"U08316_at",0.222092914618431,8.48342960266522,1.5265201354061,0.131174430816694,0.320284142117699,-5.51166634263672,"RPS6KA3"
"S83390_s_at",-0.196694334984278,3.96006129910845,-1.52647095068038,0.131186659416984,0.320284142117699,-5.51173886968382,"NCOR2"
"X70991_at",0.394948006578095,7.37579458316943,1.52571484327383,0.131374760899418,0.320633574273176,-5.51285353843044,"NAB2"
"HG243-HT243_s_at",0.174793371734566,8.93894197903228,1.52504086196821,0.131542611181098,0.32065106761075,-5.51384669875193,NA
"J00301_at",0.2022265766477,5.87360107416322,1.524897946818,0.131578224979447,0.32065106761075,-5.51405724171633,"PTH"
"U40998_at",0.277411946331213,9.30356194567789,1.52481910249981,0.131597875885261,0.32065106761075,-5.51417338744874,"UNC119"
"L05568_at",0.278620752508022,7.23514465683873,1.52479990052319,0.131602662076037,0.32065106761075,-5.51420167306858,"SLC6A4"
"U84569_at",0.177566521172002,9.93865556822672,1.52466177379621,0.131637094926077,0.32065106761075,-5.51440513186761,"CFAP410"
"HG33-HT33_at",-0.161969376050836,13.8778448424853,-1.52460279748721,0.131651798975546,0.32065106761075,-5.51449199790765,NA
"M95623_cds1_at",0.37904677673338,8.70719880839835,1.52381693271502,0.131847855806943,0.321018908486236,-5.51564919521615,"HMBS"
"Y09267_at",0.225928446353469,6.46029827914991,1.52284855663783,0.132089762866036,0.321498094732662,-5.51707437360842,"FMO2"
"Z14244_at",-0.322541715538156,9.97541495222348,-1.52250725326536,0.132175106403542,0.321551547371122,-5.51757647410211,"COX7B"
"L38707_at",0.141751839936791,9.02557580013107,1.52240000232158,0.132201933699644,0.321551547371122,-5.51773423203184,"DGKQ"
"J03071_cds3_f_at",0.232895251738626,7.65693010680693,1.52133352992072,0.132468930858431,0.322064295708866,-5.51930236420457,"CSH1"
"U50743_at",-0.642917612738104,7.99479194005114,-1.52119718158145,0.132503097112373,0.322064295708866,-5.51950277536591,"FXYD2"
"U65406_rna4_at",0.161479358331112,6.88474621511877,1.52089279059438,0.132579396729913,0.322139917957583,-5.51995012267716,"KCNJ1"
"U15422_cds2_at",-0.119206287907196,3.78239396726644,-1.52064350788475,0.132641908589145,0.322181998750261,-5.5203164177319,"PRM2"
"M86826_at",0.281796153162658,3.30966421788558,1.52004051060135,0.132793216682531,0.322389482829226,-5.52120222674174,"IGFALS"
"D87969_at",-0.261623923209108,7.68845895318732,-1.51994269517597,0.132817774031342,0.322389482829226,-5.52134588751086,"SLC35A1"
"M85164_at",0.152307371367133,8.17850608543131,1.51954437235253,0.132917813237878,0.322522495089459,-5.52193081164444,"ELK4"
"U25997_at",0.160016458547934,5.81648078224138,1.51920668726974,0.133002669829817,0.322618589049596,-5.52242657858805,"STC1"
"L08666_at",0.224373138429769,10.2002750812257,1.51759865793163,0.133407337404461,0.323490104883129,-5.52478596301554,"VDAC2"
"M60047_at",0.244083757899408,5.46653138982817,1.51732626109639,0.133475983459616,0.323546510059029,-5.5251854056641,"FGFBP1"
"Z18951_at",0.254045434528045,6.13846575334705,1.5169820209532,0.133562774465019,0.323646845398069,-5.5256901030933,"CAV1"
"U21943_at",0.153119656653565,6.82061442113608,1.51679645470523,0.133609578545764,0.323650249898998,-5.52596212094916,"SLCO1A2"
"K02215_at",0.15678173584936,6.35801445172404,1.51574892646578,0.133874032225447,0.324180698279624,-5.52749708605272,"AGT"
"X95808_s_at",-0.373898931459596,7.92036390569387,-1.51419123481647,0.134268043028476,0.325024407045843,-5.52977776426207,"ZMYM3"
"M99487_at",0.13036342885419,5.80116564250556,1.51393481691537,0.13433299036519,0.325071245184466,-5.53015298495205,"FOLH1"
"Z70222_at",0.282816405777427,4.12154226303909,1.51367622190525,0.134398514239337,0.325119446220642,-5.53053133104394,"UFM1"
"HG2259-HT2348_s_at",-0.757936766791739,5.49937751041919,-1.51244138283458,0.134711750666176,0.325623043267733,-5.53233716730171,NA
"D89050_at",0.210009958544436,5.42052861080028,1.51228875864355,0.134750506157211,0.325623043267733,-5.53256026980826,"OLR1"
"X06562_at",0.164889917998031,6.69244066319988,1.51224232906367,0.134762297652446,0.325623043267733,-5.53262813530027,"GHR"
"L76670_f_at",-0.176157859972153,4.20029741992576,-1.5121326071466,0.134790166429959,0.325623043267733,-5.53278850657787,"KIR2DS3"
"M29277_s_at",-0.376678316061462,5.99907751826145,-1.5119558499825,0.134835071360127,0.325623043267733,-5.53304683465567,"MCAM"
"M57703_s_at",-0.150084864896145,6.86396692880535,-1.51131289514027,0.134998512739135,0.325705525406921,-5.53398626491756,"PMCH"
"U17077_at",-0.246420880623552,5.68932938527859,-1.5112849090668,0.135005630444106,0.325705525406921,-5.53402714724052,"MALL"
"D00723_at",-0.221024188076449,6.78186804035158,-1.51128232344969,0.135006288059679,0.325705525406921,-5.5340309242988,"GCSH"
"HG1783-HT1803_s_at",0.136155073476653,7.04336739937346,1.50939221095682,0.135487687999316,0.326756335503087,-5.53679036936672,NA
"X00695_s_at",0.195221843645307,6.77812892683716,1.50914514834332,0.135550713189444,0.326788742619108,-5.53715082562338,"IL2"
"HG4264-HT4534_s_at",0.282323830415068,9.06097457897306,1.50898019968388,0.135592804133444,0.326788742619108,-5.53739144947261,NA
"U72066_at",-0.147153489844461,9.40446689066524,-1.50838143676994,0.135745680653007,0.327046622972385,-5.5382647054798,"RBBP8"
"J03459_at",0.231537795884252,10.2113731745025,1.50750903128042,0.135968666873767,0.327469211839637,-5.53953646856498,"LTA4H"
"D76435_at",0.140496310053421,6.69175395961636,1.50733590471328,0.136012952203278,0.327469211839637,-5.53978876443957,"ZIC1"
"L40395_at",-0.198802208010791,8.69952777103264,-1.50652570825267,0.136220349426172,0.327815087867525,-5.54096909524041,"EIF2B2"
"M34079_at",-0.15218527064936,9.82412871933426,-1.50641551253548,0.136248576988564,0.327815087867525,-5.54112958730088,"PSMC3"
"X71490_at",-0.574143068809422,8.35040871525104,-1.50577884163502,0.13641175583776,0.328096966048378,-5.54205663638096,"ATP6V0D1"
"HG2059-HT2114_at",0.186309439027331,9.66826737134122,1.5052867191631,0.13653799234739,0.328289830504062,-5.54277295799532,NA
"M24398_at",-0.773335674006407,5.42481860769281,-1.50365781886783,0.136956485083993,0.32918502433034,-5.54514237740332,"PTMS"
"D13631_s_at",-0.369367250805475,8.6110388201703,-1.50322661272929,0.137067438296118,0.329340669906649,-5.54576921205678,"ARHGEF6"
"U09850_at",-0.500116096624876,8.08487755683478,-1.50250605313113,0.137253002648503,0.329471328755297,-5.54681629643481,NA
"U78551_at",-0.229764090993467,3.85585470176588,-1.50250094477975,0.137254318898091,0.329471328755297,-5.5468237179748,"MUC5B"
"X90761_at",0.153101566060675,8.9248202841312,1.50247709700222,0.137260463796217,0.329471328755297,-5.54685836430571,"KRT32"
"U50383_at",0.353980800475571,5.63094691624492,1.50190320438939,0.137408405011065,0.329715422189122,-5.54769196642706,"SMYD5"
"S78825_at",-0.25955738250654,5.01932062853821,-1.50152356825834,0.137506338654326,0.329839397128764,-5.54824323877569,"ID1"
"AFFX-CreX-5_at",-0.152143988802376,5.18015681756581,-1.50105442282376,0.137627438621668,0.33001883953376,-5.54892430735664,NA
"U14575_at",-0.210082077286676,8.54644463302043,-1.49862536778659,0.13825579027664,0.331336755605681,-5.55244742107113,"PPP1R8"
"L40992_at",0.312999580094369,7.06951114503407,1.49827185218197,0.138347425990233,0.331336755605681,-5.55295971496923,"RUNX2"
"S78234_at",-0.156415299848352,6.89554166438555,-1.49821830621809,0.138361309944662,0.331336755605681,-5.55303730070786,"CDC27"
"U08191_s_at",-0.330341001275162,5.16737407753248,-1.49821195380079,0.138362957138184,0.331336755605681,-5.55304650490729,"NFRKB"
"U29700_at",0.229779913556944,9.06899323687004,1.49801047658036,0.138415208553358,0.331344452324488,-5.55333841199742,"AMHR2"
"D49487_s_at",0.199325442813278,8.21692948213602,1.49784117302752,0.138459127994761,0.331344452324488,-5.55358367625183,"LEP"
"M60052_at",-0.393240873443209,5.29279532137777,-1.49716899733279,0.13863360681913,0.331650665440799,-5.55455717710797,"HRC"
"U53830_at",-0.616789491376132,7.7438537203683,-1.49649198586615,0.138809515544497,0.331960092692627,-5.55553726642347,"IRF7"
"D31840_s_at",0.253898571292806,8.18208475105832,1.49589180501917,0.138965607935105,0.332213674738663,-5.5564057819508,"ATN1"
"M33478_at",0.126358447291932,6.63941127632403,1.49571809446387,0.139010811542049,0.332213674738663,-5.55665709560508,"PDC"
"Z35402_rna1_s_at",-0.188111199159082,8.01554776929515,-1.49554697515651,0.139055352141979,0.332213674738663,-5.5569046335816,"CDH1"
"HG3175-HT3352_at",0.300900718631262,8.04485941544578,1.49535280587025,0.13910590599642,0.332214023886862,-5.55718548298457,NA
"X68836_at",-0.377959652331861,7.03800681277753,-1.49518848801905,0.139148699021766,0.332214023886862,-5.5574231280426,"MAT2A"
"HG3313-HT3490_at",0.170713859895653,5.59058269874508,1.49456365890037,0.139311516689555,0.33230905070895,-5.55832656440242,NA
"U40714_at",0.244934548684119,8.08482813255988,1.4944702024995,0.139335882375646,0.33230905070895,-5.55846166188863,"YARS1"
"Y00281_at",0.166708104354223,10.3757402397999,1.49434690075328,0.139368034377354,0.33230905070895,-5.55863989067009,"RPN1"
"L07033_at",-0.161019234079284,8.14465762677625,-1.49432035934875,0.139374956041487,0.33230905070895,-5.55867825362437,"HMGCL"
"U20759_s_at",-0.169895535942804,5.457759055072,-1.49386297794654,0.139494277783597,0.33245012758729,-5.55933925221882,"CASR"
"M25280_at",0.625491784807686,9.55789963362825,1.49373609752099,0.13952739258538,0.33245012758729,-5.55952258360812,"SELL"
"U17327_at",0.547857535151389,6.90261441121515,1.49316728210248,0.139675924873222,0.332692839432408,-5.56034429343727,"NOS1"
"U65093_at",0.569904321443245,8.22666757765857,1.49289458311244,0.139747177596077,0.332751379119049,-5.56073812961599,"CITED2"
"Y00062_at",0.434581055784289,9.68358357648853,1.49145436867304,0.140123960609427,0.333457226941998,-5.56281698823119,"PTPRC"
"D79987_at",-0.353160982715739,4.87653156462845,-1.49140395000788,0.140137165369368,0.333457226941998,-5.56288973021398,"ESPL1"
"X76057_at",-0.315737187388825,7.41794434578328,-1.49094269760124,0.140258013749256,0.333585484455968,-5.56355509893951,"MPI"
"Y11999_at",0.203854789047358,4.65184711774662,1.49078217334617,0.140300090375093,0.333585484455968,-5.56378661400481,"ITPKC"
"M19483_at",-0.19095060488975,11.6209127742498,-1.49066258047028,0.140331444506024,0.333585484455968,-5.56395908081783,"ATP5F1B"
"X68149_at",-0.271422193673956,5.33122904126671,-1.49005690080536,0.140490322378694,0.333851836079237,-5.56483234142103,"CXCR5"
"U18937_at",-0.150688665948471,8.03454644029614,-1.48978241183871,0.140562370974477,0.333911743644468,-5.5652279859446,"HARS2"
"X71348_at",-0.152019678422204,5.23212257923496,-1.48866841175809,0.140855074369558,0.334495611319313,-5.56683298633497,"HNF1B"
"X83618_at",-0.208229930053503,4.88464673737538,-1.48827126544383,0.140959540076689,0.33454746057185,-5.56740490357108,"HMGCS2"
"X64594_at",0.602888244410622,6.16200945191181,1.48822861196137,0.140970763298897,0.33454746057185,-5.56746631890224,"RHAG"
"HG406-HT406_at",0.163716274355787,8.5461606463966,1.48767423510958,0.141116697803343,0.334689726830733,-5.56826439711302,NA
"U13044_at",-0.172256789026697,7.02623839276396,-1.48764420482642,0.141124606375815,0.334689726830733,-5.56830762057729,"GABPA"
"U12897_at",-0.139670339548778,6.68194713597459,-1.48739723416748,0.14118966008707,0.334732652730535,-5.5686630615385,"IPW"
"D26443_at",0.157089844742073,6.41843854205746,1.48605714020171,0.141543059891365,0.335318224627571,-5.57059076130232,"SLC1A3"
"X63187_at",0.181557906731163,7.02801030012708,1.48573391637067,0.14162840185768,0.335318224627571,-5.57105546800462,"WFDC2"
"X97261_r_at",-0.247055426821154,5.00339739669941,-1.48565553985496,0.141649101971105,0.335318224627571,-5.57116813748825,"MT1L"
"X64229_at",-0.238524971372726,8.2241213566122,-1.48563620801567,0.141654208090519,0.335318224627571,-5.57119592694732,"DEK"
"HG3255-HT3432_at",0.162004651144704,8.57748011761126,1.48556948665066,0.141671832315646,0.335318224627571,-5.57129183608976,NA
"J04823_rna1_at",0.3308467687621,11.5070307727429,1.48482380282747,0.14186891919216,0.335673257524364,-5.57236344936218,"COX8A"
"U66617_at",-0.151729818538907,9.53754979085656,-1.48443836592837,0.141970875753835,0.335803043546479,-5.57291715767366,"SMARCD1"
"U56402_s_at",0.375342775866471,6.29640517501907,1.48414634983084,0.142048158684913,0.335821131362455,-5.57333657012288,"SUPT5H"
"U60665_at",-0.169070888191674,4.8057674211348,-1.4840535111939,0.142072735613573,0.335821131362455,-5.57346989472817,"TSBP1"
"X62083_s_at",-0.21401850430315,11.1052564639985,-1.48347158580783,0.142226863115706,0.336074016291636,-5.57430541301065,"BRD2"
"D13540_at",0.203177579938348,7.31141724733741,1.48162001123569,0.14271813897573,0.337123132126566,-5.57696182011919,"PTPN11"
"L76191_at",-0.230914433399713,10.2727147869121,-1.48144085442864,0.142765744861828,0.337123880463721,-5.57721868620449,"IRAK1"
"X01059_at",0.216546903966739,7.07406854298831,1.47940192417597,0.143308409924494,0.338220595904757,-5.58013994318425,"GNRH1"
"D90042_at",0.165730871784866,7.01922771017153,1.47933942576452,0.143325069466723,0.338220595904757,-5.58022942734785,"NAT2"
"U05875_at",0.495011240407299,8.89001767911146,1.47843282027883,0.143566904281825,0.338679172940148,-5.58152708950662,"IFNGR2"
"U36601_at",0.236331255249799,6.23750363492467,1.47798700240734,0.143685942206253,0.338720100902271,-5.58216493254534,"NDST2"
"U24105_at",0.171811234707485,11.1028278860224,1.47762582361213,0.143782437262079,0.338720100902271,-5.58268154751943,"COPA"
"S68805_at",0.20425648246309,6.64283585795171,1.4774697983561,0.143824137744477,0.338720100902271,-5.58290468272948,"GATM"
"M20777_at",0.197479774878119,4.69082643643888,1.47727245787613,0.143876893998633,0.338720100902271,-5.58318687199835,"COL6A2"
"L24564_at",0.321998451500468,3.60072368537952,1.47723660457567,0.143886480509071,0.338720100902271,-5.58323813702518,"RRAD"
"HG273-HT273_at",0.284646058376486,5.06302807743662,1.47714515696441,0.143910934174801,0.338720100902271,-5.58336888856099,NA
"U87459_at",0.108619560027654,9.12945005717237,1.47712305574633,0.143916844667272,0.338720100902271,-5.58340048767676,"CTAG1B"
"D10202_at",0.368881253104703,6.72035371061579,1.47666220487888,0.144040132537384,0.338882946563306,-5.58405928570469,"PTAFR"
"M34182_at",0.153501222445531,11.3473979706579,1.47650911080318,0.144081106892044,0.338882946563306,-5.58427809475498,"PRKACG"
"M81883_at",0.131996559151533,6.65561659902183,1.47599582108977,0.144218551154092,0.339094344055911,-5.58501155603137,"GAD1"
"U16720_rna1_s_at",0.216678071932857,7.87358182413976,1.47572140699144,0.144292073441548,0.339107624669843,-5.5854035793986,"IL10"
"HG4433-HT4703_at",-0.271902866446823,5.15826398854662,-1.47561968705074,0.144319334163039,0.339107624669843,-5.58554887736242,NA
"U49089_at",0.171600895706048,8.58493012945546,1.47514342940289,0.144447023761301,0.339295826159577,-5.58622904397828,"DLG3"
"L12723_at",-0.254347743670883,7.8010013516285,-1.47309629480008,0.144996888127176,0.34046850794038,-5.58915030197399,"HSPA4"
"X58401_at",-0.144618728894661,6.03314614998329,-1.47267443835189,0.14511040268081,0.34046850794038,-5.58975181578096,NA
"D83004_at",-0.23643939208853,8.8024702473658,-1.47266612817062,0.14511263950985,0.34046850794038,-5.58976366341637,"UBE2N"
"D26068_at",-0.183504535702982,11.6022104932003,-1.47257452547487,0.145137297745941,0.34046850794038,-5.5898942551131,"EIF4H"
"AFFX-HSAC07/X00351_M_st",0.298639150863801,8.2980474033726,1.472179565932,0.145243653144947,0.340514168284405,-5.59045723431558,"ACTB"
"X76942_s_at",-0.190214085362732,7.78483380419148,-1.47210735762408,0.145263104109451,0.340514168284405,-5.59056014536811,"GOLGA4"
"X89960_at",0.237462935096454,9.27211158161211,1.47197020063409,0.145300056097792,0.340514168284405,-5.59075560798709,"SMCP"
"D12775_s_at",0.19905059441996,8.07861061194148,1.47130434128518,0.145479552218938,0.340822782704177,-5.59170428132823,"AMPD3"
"U71374_at",0.135510840766099,7.24359060739747,1.47034974351989,0.145737185943492,0.341183392051433,-5.59306362526514,"PEX13"
"D87075_at",-0.294905092679013,7.43015923954249,-1.47031883987706,0.145745532393952,0.341183392051433,-5.59310761806061,"SLC23A2"
"X12953_at",0.229102375907779,8.06710712729279,1.47020214316328,0.145777053189601,0.341183392051433,-5.593273733492,"RAB2A"
"M97815_at",0.274343244076672,8.4445688077799,1.46987355195697,0.1458658371378,0.341279144389686,-5.59374140976809,"CRABP2"
"X67697_at",0.14824359411037,7.77006601300601,1.46950906442274,0.145964369527925,0.341397634634048,-5.59426006127067,"SPAG11B"
"HG3942-HT4212_at",-0.329923430787596,4.05579672219747,-1.46899382757686,0.146103742853566,0.34161153912859,-5.59499301645757,NA
"U73824_at",-0.225839562719933,11.2425725900709,-1.46830314179186,0.146290738737156,0.341936615231864,-5.59597517840783,"EIF4G2"
"Y10375_s_at",0.441981555970003,7.6762763206403,1.46771180201667,0.146450986189724,0.3421989775636,-5.59681572361382,"SIRPA"
"U81984_at",-0.504117185325048,6.98141350192793,-1.46656883321825,0.146761108273446,0.342811251927063,-5.59843946404633,"EPAS1"
"Z95624_at",0.117150441680281,7.18286485881847,1.46380959998088,0.147511884188927,0.344339847419668,-5.60235441301732,"RAB40AL"
"L25876_at",-0.274828446118688,8.7832159423744,-1.46377606591556,0.147521027061112,0.344339847419668,-5.60240195022822,"CDKN3"
"M33764_at",-0.249027765835693,11.2917125735587,-1.46363159988725,0.147560419956107,0.344339847419668,-5.60260673060599,"ODC1"
"L22454_at",-0.241590998005256,8.24247597743802,-1.46324557513699,0.1476657211675,0.344472816165939,-5.60315382666144,"NRF1"
"L01042_at",0.168109333680452,6.68232557890379,1.46305071655698,0.147718897641561,0.344484141735913,-5.60342993958196,"TMF1"
"L13286_at",-0.151029080938152,6.18252767721868,-1.46264804840432,0.147828832203878,0.344627777887982,-5.60400040706602,"CYP24A1"
"HG2190-HT2260_at",-0.198971861887205,3.3029527294458,-1.46160814736556,0.148113036228626,0.3451774551402,-5.60547296963064,NA
"S85963_at",-0.327579688506337,5.93551370395151,-1.46054344507115,0.148404459566595,0.345743592238645,-5.60697962950754,"IRS1"
"U58130_at",0.202048945157443,8.38103855586066,1.45982263992442,0.148602007197707,0.34609072502857,-5.60799905314515,"SLC12A1"
"M15780_at",0.206642518374666,5.31291310810531,1.45962445189049,0.148656359550668,0.346104241422832,-5.60827926428718,NA
"U46571_at",0.209069640055072,8.5035326818499,1.45922555294928,0.14876580311258,0.346245971397187,-5.60884314483536,"DNAJC7"
"M17219_at",-0.212323652096337,7.00003039036923,-1.45887248307582,0.148862725189648,0.346358475155678,-5.60934212054163,"GNAI1"
"X05309_at",0.200691801768962,6.98742275830876,1.4584473753014,0.148979487837745,0.346517053440549,-5.60994275270993,"CR1"
"U35048_at",-0.435495763400347,8.46638919687448,-1.45810481438588,0.149073629572129,0.346622930600036,-5.61042663485293,"TSC22D1"
"HG3748-HT4018_at",-0.360336661428282,7.12445208510951,-1.45728773646277,0.14929836396625,0.347013118761182,-5.61158036017321,NA
"Y10032_at",0.275529651812487,7.88064956382567,1.45714085184617,0.149338792026835,0.347013118761182,-5.61178769862345,"SGK1"
"U04270_at",-0.438537646683121,6.69113854401555,-1.45679876300464,0.149432980535004,0.347118839437616,-5.61227050581851,"KCNH2"
"U69546_at",-0.3007487773185,9.22739101443204,-1.45570490261275,0.149734467387708,0.347600478923362,-5.61381360866439,"CELF2"
"U73167_cds2_s_at",0.491546178936722,6.33184768651452,1.4556926709515,0.149737841320472,0.347600478923362,-5.6138308576224,"NAA80"
"X87159_at",0.389794276587567,5.56167079399749,1.45455610263981,0.150051606136232,0.348215462286848,-5.61543303770377,"SCNN1B"
"V00503_at",0.115831548502987,6.65540696321243,1.45390599477257,0.15023130699083,0.348420371974838,-5.61634894113299,"COL1A2"
"U46025_at",-0.26434148832819,11.0906939778091,-1.45388305016399,0.150237652328609,0.348420371974838,-5.61638125955311,"EIF3C"
"U14747_at",0.143096443852398,6.79610646621314,1.45222987715656,0.150695386862316,0.34933763685018,-5.6187085553987,"VSNL1"
"M37712_at",-0.184009314121868,7.49513364969923,-1.45210077563914,0.150731178419295,0.34933763685018,-5.61889019617007,"ADGRA3"
"D50840_at",-0.468785583511965,8.39022430679007,-1.45161703087968,0.150865348573442,0.349534959369537,-5.61957067060258,"UGCG"
"L76571_at",0.300178735537371,6.03358183416778,1.45110199932612,0.151008298421464,0.349657302210499,-5.62029492049476,"NR0B2"
"S81243_s_at",0.400946500682714,8.16733631427637,1.45107336829197,0.15101624821239,0.349657302210499,-5.62033517503763,"NR4A3"
"U84487_at",-0.254868872967349,5.97397923144317,-1.45013333534049,0.151277441781496,0.350148338461132,-5.62165642251852,"CX3CL1"
"HG1103-HT1103_at",0.134773638409794,7.13584822053944,1.44939944423196,0.151481601685127,0.35050708809259,-5.6226873693211,NA
"HG4272-HT4542_at",0.128156338565116,9.44770831769665,1.44806612420125,0.151853063634959,0.351243611069501,-5.62455911482574,NA
"HG511-HT511_at",-0.268855188562456,7.76902035974594,-1.44756977998427,0.151991525417264,0.351243611069501,-5.62525547915576,NA
"U79302_at",0.318728113901577,6.37568508730228,1.44755133576889,0.151996672564771,0.351243611069501,-5.62528135180347,"TP53I11"
"L19067_at",0.221181219644489,9.70163480477138,1.4475501990763,0.151996989781093,0.351243611069501,-5.62528294629034,"RELA"
"X72475_at",0.153655482335132,8.53855504512403,1.44582218785141,0.152479820184186,0.352245184087188,-5.62770553466648,NA
"U84011_s_at",-0.120467604997555,7.11715567516218,-1.44553490696067,0.152560205821601,0.352316717622998,-5.62810802387858,"AGL"
"HG64-HT64_at",0.202363592193993,7.22204842287791,1.44528442427018,0.152630321607731,0.352351500940884,-5.62845889609989,NA
"M13981_at",0.238011167415453,7.22291164467807,1.44512801112338,0.152674117885593,0.352351500940884,-5.62867796807513,"INHA"
"Y08976_at",0.133601402994707,10.5436828107853,1.44366388537648,0.153084552017763,0.353156154048201,-5.63072753483523,"FEV"
"U03905_at",0.199408465998164,4.44455237995308,1.44330558058098,0.153185124897521,0.353156154048201,-5.6312288116614,"CCR2"
"X79200_at",-0.331515330203537,8.6497395555984,-1.44319208648656,0.153216992345012,0.353156154048201,-5.63138756807208,"SSX2"
"L12468_at",0.111240784588272,6.90623313530255,1.44317807676228,0.153220926423213,0.353156154048201,-5.63140716416487,"ENPEP"
"U87964_at",0.50538202163134,6.86229701061425,1.44176518121549,0.153618085189471,0.35395712001155,-5.63338252861811,"GTPBP1"
"M74525_at",0.156350150891119,7.12063290183916,1.44136829350706,0.153729792169358,0.354017457024534,-5.63393708736045,"UBE2B"
"M19720_rna2_at",0.219513626433649,5.20186862222106,1.44131928929979,0.153743589135637,0.354017457024534,-5.6340055494044,"MYCL"
"D28118_at",-0.242025785015134,8.45449867995954,-1.44034102177735,0.154019218046669,0.354537618810043,-5.63537179252384,"VEZF1"
"U64315_s_at",0.227084427512395,8.42157195781427,1.44005070653514,0.154101088675092,0.354611575585776,-5.6357770766957,"ERCC4"
"S83366_cds3_at",0.169674152373257,6.67194318658131,1.43974218920349,0.154188129389558,0.354697377998761,-5.63620768669768,"LINC01152"
"U37359_at",-0.183323543647217,6.98677176282948,-1.43832794364244,0.154587612657547,0.355351494309138,-5.6381804908835,"MRE11"
"U03272_at",0.188762168123827,8.03476376044485,1.43829407850339,0.154597188402756,0.355351494309138,-5.63822770867054,"FBN2"
"L19527_at",-0.14902075505154,13.8900785920984,-1.43796404736386,0.154690532461134,0.355351494309138,-5.63868781245132,"RPL27"
"U63329_at",-0.385164128195296,4.21920717915195,-1.43782799480067,0.154729025479629,0.355351494309138,-5.63887745734273,"MUTYH"
"U33054_at",-0.212269620537558,5.45221276042692,-1.43767010621852,0.154773705816858,0.355351494309138,-5.63909751841415,"GRK4"
"M15517_cds5_at",0.255129595447047,5.88301049266183,1.43750516160089,0.154820393597143,0.355351494309138,-5.63932738963314,"TTR"
"D64159_at",0.207057518220891,6.51434262988096,1.43750161602684,0.15482139729614,0.355351494309138,-5.63933233056626,"CCDC88A"
"HG3991-HT4261_r_at",-0.194332010415817,11.8582724714543,-1.4365791306533,0.155082710510302,0.355738860141194,-5.64061746859825,NA
"M36341_at",0.170926959648318,9.29494431466061,1.43655352978424,0.155089967361317,0.355738860141194,-5.64065312271433,"ARF4"
"X14830_at",0.186252971269915,7.35622664644679,1.4362061757359,0.155188454736291,0.355850271410428,-5.64113682048281,"CHRNB1"
"D61380_at",-0.33339039893405,10.8325873822961,-1.4358631112193,0.155285773433939,0.355958932093425,-5.64161443655103,"PARK7"
"U24056_s_at",0.155702921126229,8.78120382778226,1.43559731939613,0.155361204331245,0.356017366016536,-5.64198439911328,"KCNJ4"
"L40387_at",0.373510728164961,8.28755119951367,1.4352590715587,0.155457239065926,0.356122961857644,-5.64245512154318,"OASL"
"L25878_s_at",0.217484794025819,6.08506312527359,1.4347235508249,0.155609377203669,0.356265258687141,-5.64320016445027,"EPHX1"
"HG3566-HT3769_at",0.160752674935614,10.8181128203343,1.43468862427267,0.155619303626281,0.356265258687141,-5.64324874687273,NA
"J05412_at",0.114549516910625,8.5499257924515,1.43438274575017,0.155706257855892,0.356349891574528,-5.64367417255783,"REG1A"
"X72727_at",-0.238382025644961,10.7832153446546,-1.43413308678973,0.155777258043857,0.35639796938211,-5.64402134275769,"HNRNPK"
"U43653_at",0.123265003521055,5.7664697239401,1.43363981014253,0.155917614054811,0.356604642475697,-5.6447071144762,"LEP"
"L43579_s_at",0.199392228735938,9.07361752859638,1.43327780542388,0.15602068048496,0.356725924046595,-5.6452102452403,"EOLA1"
"L15409_at",-0.210810108188848,8.31353191518516,-1.43273030832725,0.156176658694991,0.356968066635649,-5.64597095376978,"VHL"
"U01833_at",-0.319417173475981,6.65286672527866,-1.43244203096175,0.156258835463448,0.357041422441962,-5.64637138445101,"NUBP1"
"U12978_at",0.164816647976772,5.89442827216905,1.43179780455997,0.156442600565039,0.357310009976683,-5.6472659697576,"SPAG8"
"M36634_at",0.147061891085826,7.18360020549014,1.43167859333538,0.156476623810801,0.357310009976683,-5.6474314670948,"VIP"
"L07615_at",-0.102363311121896,6.56511654510178,-1.43113783585345,0.156631029551701,0.357548065857853,-5.64818202087283,"NPY1R"
"X91348_at",0.21431364846497,5.43210900458385,1.43051969803222,0.156807674559766,0.357836719569966,-5.64903964788423,"DGCR5"
"X69950_s_at",0.457981124292085,7.03673402124266,1.42796996521244,0.157537940327567,0.359388152510473,-5.65257353975457,"WT1"
"AC002076_cds2_at",0.137268753287628,6.31829220019962,1.42734382296175,0.157717674515381,0.359683077933511,-5.65344045241806,"GNGT1"
"U62433_at",0.217735529246521,7.64028007157119,1.42694184503832,0.157833145847113,0.359782462254678,-5.65399681346568,"CHRNA4"
"M88461_s_at",0.281410600089299,7.26149050746316,1.42684077770238,0.15786218851629,0.359782462254678,-5.65413667329139,"NPY1R"
"X59812_at",0.394447660113747,6.12808779505392,1.42590808058434,0.158130402995321,0.360237921759804,-5.65542692390485,"CYP27A1"
"U38810_at",0.127319347748616,6.24003347501332,1.42579448449927,0.158163093716957,0.360237921759804,-5.65558401306485,"MAB21L1"
"U95740_rna1_at",-0.305225018306333,8.02176309634826,-1.4255699596137,0.158227722931579,0.360270021328402,-5.65589446806556,"MARF1"
"X81438_at",-0.206930405132946,4.75983417826158,-1.42525110473715,0.158319539987781,0.360277256993752,-5.65633527558986,"AMPH"
"HG862-HT862_s_at",-0.305933397115023,4.85622305960177,-1.42520793417574,0.158331974493116,0.360277256993752,-5.65639495046177,NA
"U82311_at",0.242880083020893,10.110608544426,1.42305782439951,0.158952230256005,0.361573212985022,-5.65936489545777,NA
"S70585_rna1_at",0.179912249958008,5.55018215534949,1.42242135061862,0.159136197382224,0.361876220458652,-5.66024324301681,"CGA"
"HG620-HT620_at",0.444798505098335,9.11198902185845,1.42168534524384,0.159349138174495,0.362244899887109,-5.66125848310589,NA
"L42374_s_at",0.3633889681719,7.41701685110611,1.42119769268096,0.159490346743394,0.36245032895558,-5.66193087360438,"PPP2R5B"
"HG3148-HT3324_s_at",-0.423067463901397,7.56595812963113,-1.42089313275426,0.159578586537395,0.362535291085115,-5.66235069963492,NA
"S83549_at",-0.171595300007061,4.46093970879669,-1.42035072962974,0.159735829674402,0.362776912949605,-5.66309817413762,"SLC9A2"
"U73167_cds7_at",0.209486429685637,6.8847443075781,1.41990408381314,0.159865402439416,0.362955558595731,-5.66371348485924,"SEMA3B-AS1"
"M14200_rna1_at",-0.371097052220724,9.6654874263787,-1.41950431930754,0.159981443622338,0.363103378409311,-5.6642640554791,"DBI"
"U13616_at",0.253709623631118,5.55590634408526,1.41909144755667,0.160101357709165,0.363259891504977,-5.66483252398045,"ANK3"
"U83303_cds2_at",-0.406018239459692,6.99055877628886,-1.41877602709166,0.160193014852094,0.36335221217963,-5.66526670987474,"CXCL6"
"U59058_s_at",0.219141960617783,7.37789459301298,1.41859409267497,0.160245901066722,0.36335656129283,-5.66551710663969,"CRYBA1"
"X56677_at",-0.314003689198253,6.5913091699766,-1.41832792424629,0.160323297392463,0.363412820609502,-5.66588338015548,"MYOD1"
"U72509_s_at",0.37299032195242,7.90807162185206,1.41815819690273,0.160372665680669,0.363412820609502,-5.66611690746319,"LRRC23"
"X68985_s_at",0.2388690370434,8.05525782023533,1.41723655333267,0.160640947232582,0.363537102885585,-5.66738453240571,"HLF"
"X60592_at",0.22767966836051,9.00065685664578,1.41716019517491,0.16066318987148,0.363537102885585,-5.66748952015069,"CD40"
"U15590_at",0.131278638799528,5.76582237031532,1.41710151121983,0.160680285743065,0.363537102885585,-5.66757020332371,"HSPB3"
"Z80345_rna1_s_at",0.4218753901977,6.45177632354091,1.41709485506605,0.160682224909369,0.363537102885585,-5.66757935451153,"ACADS"
"M68895_rna1_at",0.258900160780102,7.46395244400774,1.41701272150444,0.160706154723306,0.363537102885585,-5.66769227218175,"ADH6"
"L13391_at",0.516069592866312,7.64110272997717,1.41691896007457,0.160733475704217,0.363537102885585,-5.66782116834144,"RGS2"
"M99436_at",-0.243161271153385,5.39613361440688,-1.41652156897419,0.160849310569603,0.363683709181953,-5.66836738216826,"TLE2"
"L27624_s_at",0.124694970931261,6.12242643175875,1.41625327517642,0.16092755146772,0.363745248704304,-5.66873606987602,"TFPI2"
"X90908_at",0.198369266795377,6.49801963712946,1.41530663409753,0.161203849104314,0.364254275836657,-5.67003641050924,"FABP6"
"HG651-HT5209_s_at",-0.600519945332861,6.62497025623549,-1.41480535277497,0.161350306883019,0.364394029984256,-5.67072465567243,NA
"Y10510_at",0.121512259389432,6.35114872830125,1.41465696052166,0.161393681844366,0.364394029984256,-5.67092834981735,NA
"U79267_at",-0.206153522470975,7.45469401573682,-1.41457021564879,0.161419041477105,0.364394029984256,-5.67104741286212,"PPP4R1"
"U28386_at",-0.254900273324781,9.1109925742013,-1.41291973928413,0.161902139110927,0.36531081786004,-5.67331148416011,"KPNA2"
"X81882_at",0.183650613200635,6.90557411848984,1.41283270378014,0.161927645453462,0.36531081786004,-5.67343080729404,"CUL5"
"L14565_at",-0.5941967204291,6.82778407480439,-1.41243419787199,0.162044469835675,0.365430146626172,-5.67397705842698,"PRPH"
"X63422_at",0.178081561876288,9.57280079589556,1.41222890819757,0.162104677057024,0.365430146626172,-5.67425840190916,"ATP5F1D"
"L19267_at",-0.485494536054702,8.97780702302929,-1.41212786213668,0.162134318106127,0.365430146626172,-5.67439686836298,"DMWD"
"J03915_s_at",0.476357037829136,8.04794964778856,1.41167503075822,0.162267203819763,0.365614063220951,-5.67501728165607,"CHGA"
"M18737_rna1_at",-0.292973119441378,8.69342351386749,-1.41148232278334,0.162323780407899,0.36562598120945,-5.67528124906405,"GZMA"
"M60284_s_at",0.24038524970867,9.24795781260424,1.41110786379969,0.162433760193161,0.365758141635201,-5.67579407773912,"TACR2"
"M15465_s_at",-0.278605090366773,8.25742509394677,-1.41040811263628,0.162639433089769,0.365909764638988,-5.67675205506827,"PKLR"
"X83857_s_at",0.297480697162205,5.7826642414053,1.41037472213902,0.162649252331026,0.365909764638988,-5.67679775627625,"PTGER3"
"U78180_at",-0.181926031759057,5.30787240002762,-1.41035491588698,0.16265507702917,0.365909764638988,-5.67682486439273,"ASIC1"
"M61733_at",0.167609304855108,6.45372652051915,1.40983613599308,0.162807698991061,0.366085792803634,-5.67753477177165,"EPB41"
"U34976_at",0.165363258888222,6.64077435820626,1.4097398810154,0.162836028753026,0.366085792803634,-5.67766646156144,"SGCG"
"U82467_at",0.398594705537467,6.09304015778869,1.40923166962681,0.162985668419371,0.366306692989186,-5.67836162219572,"TUB"
"D89859_at",-0.124578352115084,7.13280783810754,-1.40849793288882,0.163201899280023,0.366418089115685,-5.67936485079789,"ZBTB14"
"X52889_at",0.203970514532324,9.92989206735435,1.40847230003264,0.16320945722379,0.366418089115685,-5.67939988932532,"MYH7"
"J03263_s_at",0.368678036716151,8.64853466491007,1.40841396392226,0.163226658848598,0.366418089115685,-5.67947962892662,"LAMP1"
"U79288_at",0.233890664239288,8.3006488800006,1.40836592103762,0.163240826347512,0.366418089115685,-5.67954529637518,"KIAA0513"
"X53777_at",-0.180081480109761,13.4337446506076,-1.40814640159022,0.163305573082286,0.366448042336675,-5.67984531969859,"RPL17"
"U40490_at",-0.243431136732848,8.62228557493714,-1.40791782250097,0.163373012933115,0.366484017998797,-5.68015767803919,"NNT"
"X76534_at",0.128461790587129,6.53027192890493,1.407135330527,0.163604041169193,0.366840774046502,-5.6812266070748,"GPNMB"
"L28997_at",-0.151476139479995,7.52979355480624,-1.406983055025,0.163649029216476,0.366840774046502,-5.68143455878006,"ARL1"
"U18543_at",-0.13662119316984,7.82592638744956,-1.40685283411971,0.163687509033812,0.366840774046502,-5.68161237520876,"TRIM32"
"U82303_at",-0.174815850492708,8.33564245074888,-1.40655577317029,0.163775315538958,0.366840774046502,-5.68201795312835,NA
"M76559_at",0.226321416248944,6.86572627185557,1.40641435131669,0.163817130321575,0.366840774046502,-5.68221100818492,"CACNA2D1"
"J03260_s_at",-0.217429729095683,7.76091656519648,-1.40633432868369,0.163840794580455,0.366840774046502,-5.68232023898775,"GNAZ"
"M81757_at",-0.142465024952648,14.2099172271096,-1.40590121942714,0.163968919085496,0.367012378072371,-5.68291133052496,"RPS19"
"L32866_at",-0.473455192643585,6.2997365133837,-1.40556619088129,0.164068081711045,0.367119069214701,-5.68336844688927,"BIRC5"
"J03592_at",-0.21603631009364,13.1952119857527,-1.40508837147522,0.164209587715982,0.367320411304436,-5.68402021010543,"SLC25A6"
"D16688_s_at",0.206002200557024,6.30601636507328,1.40451055791937,0.164380832256448,0.367588128342602,-5.68480808874373,"MLLT3"
"K03430_at",-0.222171653563702,8.37954098656948,-1.40400939732654,0.164529470564694,0.36780514131568,-5.68549119862707,"C1QB"
"X99350_rna1_at",0.198057662218813,5.85915794237717,1.40366893674929,0.164630506057038,0.367915635636558,-5.68595513373544,"FOXJ1"
"U09860_at",-0.182455542159116,6.66133823365457,-1.40305666778491,0.164812323701793,0.368146102618715,-5.68678918565539,"TMPRSS15"
"M95549_at",0.245103571616854,8.52217025279113,1.40297390023413,0.164836913951317,0.368146102618715,-5.68690190776158,"SLC5A2"
"U46023_at",0.146551042409016,8.08928861259833,1.40224609489619,0.165053266404285,0.368513854117177,-5.68789284331475,"MAMLD1"
"M12529_at",0.355936972005983,4.9563730507431,1.4020082698917,0.165124011180672,0.36855637936976,-5.68821654584458,"APOE"
"X73882_at",0.222773717389346,6.50297801881297,1.40182487064195,0.165178582068166,0.368562789221895,-5.6884661342186,"MAP7"
"Y10506_at",-0.187415002849338,6.57431509367946,-1.40150943783238,0.165272472260132,0.36856327207357,-5.68889533497812,"SLC17A4"
"M62958_at",0.273617746154817,6.61470433233643,1.40147677528448,0.165282196776435,0.36856327207357,-5.68893977278352,"PRPH2"
"M81758_at",0.503992947218794,8.37413656773422,1.40055261359707,0.165557526656917,0.369045192802592,-5.69019669983992,"SCN4A"
"M20902_at",0.291078859890693,8.45878712631735,1.40040395782049,0.165601847632977,0.369045192802592,-5.69039880918363,"APOC1"
"M87499_at",0.273120965593781,5.92994429106664,1.39881460839702,0.166076273777101,0.369986798674047,-5.69255838604791,"CCNO"
"M11119_at",-0.143515867507901,10.1014921607552,-1.39793928955448,0.16633800449983,0.370373602308084,-5.69374676016699,"LINC02967"
"S83364_at",0.265409321719718,8.55574380450023,1.39788375815665,0.166354619718086,0.370373602308084,-5.69382212843971,"RAB5IF"
"HG3342-HT3519_s_at",0.222850217947247,8.56351912554883,1.39767350689461,0.166417539283121,0.370373602308084,-5.69410745976602,NA
"L03840_s_at",-0.514636882383583,5.80575946502581,-1.39753930143423,0.166457711010675,0.370373602308084,-5.69428956831476,"FGFR4"
"HG688-HT688_f_at",0.243005728546352,11.6294648030513,1.39557183061538,0.167047488554778,0.371539760908016,-5.69695740333921,NA
"D21090_at",-0.175347979586621,7.68717072319573,-1.39536293707226,0.167110201373993,0.371539760908016,-5.69724044798907,"RAD23B"
"X51362_s_at",0.228490319167365,8.53779123060431,1.3952511818744,0.167143759289598,0.371539760908016,-5.69739185653438,"DRD2"
"U90911_at",-0.248020652272222,8.11994553451035,-1.3950962643001,0.167190286574963,0.371539760908016,-5.6976017234686,"WIPF2"
"L05187_at",0.164235296461312,9.33293377073251,1.39438260851955,0.167404751177869,0.371900427281717,-5.69856822824395,"SPRR1A"
"HG4683-HT5108_s_at",0.50813277402211,7.13802359240042,1.39321488220108,0.167756125805214,0.372528400357632,-5.70014867049383,NA
"D50915_at",0.527775734963844,7.76573694761888,1.39309598764594,0.167791933447659,0.372528400357632,-5.70030951622268,"FAM30A"
"S77583_at",-0.179652551110661,6.36856445167103,-1.39285119150559,0.167865677495573,0.372576094292011,-5.70064064613053,NA
"S81083_cds1_at",0.25659678599976,7.3237090637245,1.39230677474338,0.168029770328178,0.372824224298034,-5.7013768680113,"ADD2"
"S69790_at",-0.182016737530006,6.13129004234078,-1.39145381919853,0.168287107025458,0.37319893064091,-5.70252978243113,"WASF3"
"M74715_s_at",0.165890497628606,9.40212262440423,1.39140002392751,0.168303347174993,0.37319893064091,-5.70260247343712,"IDUA"
"D63160_at",0.297768508631401,7.97441055211423,1.3911315082192,0.168384426811418,0.373262617766978,-5.70296526618703,"FCN2"
"D29954_at",0.120131264008434,10.0836622926564,1.39040801287639,0.168603038696952,0.37363104223518,-5.70394245359599,"NCAPD3"
"U80034_at",-0.197704035785635,4.8134495271072,-1.39019655151075,0.168666975051442,0.373633267180427,-5.70422797243276,"MIPEP"
"L32832_s_at",-0.249281210486303,7.30414713492609,-1.38995207786948,0.168740915964987,0.373633267180427,-5.70455801371738,"ZFHX3"
"L42621_at",-0.167818001016695,8.82644298103093,-1.38988478266948,0.168761273715945,0.373633267180427,-5.70464885309476,"LY9"
"U45255_s_at",-0.229040788070668,5.03360197705172,-1.38932240237366,0.168931475256959,0.373893973022931,-5.70540782708897,"PAX2"
"S60415_at",-0.21192585805797,5.30741701941602,-1.38908298459605,0.16900397370402,0.373938339086269,-5.70573085080388,"CACNB2"
"L34155_at",-0.336567565595229,5.85909663555602,-1.38664768194813,0.169742765211799,0.375456460811329,-5.70901357507788,"LAMA3"
"M31724_at",0.164886990913137,9.31728676498724,1.38567519339377,0.170038476000453,0.375874009192959,-5.71032293830253,"PTPN1"
"M82962_at",0.223303399775413,6.57274106163227,1.38560932412103,0.170058519529748,0.375874009192959,-5.71041159350903,"MEP1A"
"HG1471-HT3923_s_at",0.198860289189483,8.70057106089305,1.38550682924121,0.17008971155232,0.375874009192959,-5.71054953614749,NA
"U31176_at",0.272133076165794,8.37115243348957,1.38515709304709,0.170196178876647,0.375951385676825,-5.71102015544038,"GFER"
"L36870_at",-0.251942336155011,6.33680471264485,-1.38504538231696,0.170230196796857,0.375951385676825,-5.71117045421682,"MAP2K4"
"X90857_at",-0.379281463872176,6.25196295305989,-1.38470243112503,0.170334664069963,0.376065599304665,-5.71163179863944,"NPRL3"
"U62437_at",0.274913758265864,7.94649706927436,1.3844267060279,0.170418688969915,0.376134623426169,-5.71200263068388,"CHRNB2"
"M14058_at",0.288778938942891,7.66884977054145,1.38317955370047,0.170799144064446,0.376857659559095,-5.71367909339615,"C1R"
"HG1723-HT1729_at",0.158689825117317,8.85307281574908,1.38291550169535,0.170879778735684,0.376918917885733,-5.71403385687964,NA
"U53506_at",0.182936102649974,5.2188392247514,1.38219234232705,0.171100761915421,0.377289616979598,-5.71500511894605,"DIO2"
"X51953_at",0.220297297472928,5.48851242468451,1.38173739158317,0.171239897724527,0.377461002133364,-5.71561590801113,"UCP1"
"M23234_s_at",-0.169817650478456,6.1398752673753,-1.38159200302612,0.171284379562552,0.377461002133364,-5.7158110575901,"ABCB4"
"U17579_rna1_at",0.194403649381961,8.25575603361391,1.38124334978818,0.17139108649306,0.377579436220342,-5.71627896232613,"GHRHR"
"U29615_at",-0.413319587287255,7.00288156728222,-1.38010575326172,0.171739606366835,0.378230353348523,-5.71780487727979,"CHIT1"
"Y09858_at",0.211292749118454,6.9365681723493,1.37854075330816,0.172219951935816,0.379171104802481,-5.71990214071693,"SPIN2A"
"L76937_rna1_at",0.187941092516205,7.19100048793084,1.37827199383617,0.172302545401861,0.379180083124841,-5.72026207935337,"WRN"
"U49187_at",-0.367578463801774,5.7134595735332,-1.37797232244774,0.172394674174551,0.379180083124841,-5.7206633385514,"RIPOR2"
"L17327_at",-0.363156966876632,7.89457563121607,-1.37790428424508,0.172415596577207,0.379180083124841,-5.7207544299938,"BRME1"
"D83779_at",-0.16034868251702,10.8142302267051,-1.37769614721433,0.172479612752817,0.379180083124841,-5.72103306315775,"TMEM94"
"HG627-HT5098_s_at",0.40746294267289,7.98993089526956,1.37760669562072,0.172507130724577,0.379180083124841,-5.72115279978815,NA
"U82818_at",-0.204791308924936,6.96164432962394,-1.37748959220935,0.172543160282927,0.379180083124841,-5.72130953898074,"UCP3"
"M59916_at",0.32188457456444,4.05880755444897,1.37725246947004,0.17261613413759,0.379223550159286,-5.72162688151027,"SMPD1"
"X69089_at",-0.220679113590631,5.87854531773308,-1.37666619616231,0.172796659204911,0.379503198851451,-5.72241127144132,"MYOM2"
"U75370_at",-0.406031036517962,7.65458317883552,-1.3764047882747,0.172877198251828,0.379563149472524,-5.72276091353621,"POLRMT"
"M96843_at",-0.42573770646422,7.88319522046922,-1.37610647696436,0.172969142130778,0.379648095520417,-5.72315983826208,"ID2B"
"X57303_at",0.121710883558987,7.79162929173637,1.375574593847,0.173133168788588,0.379891154291734,-5.72387090952128,"SLC7A1"
"J04543_at",0.21633379011376,8.549549073602,1.37491091542643,0.173338005979066,0.380223582961464,-5.72475781128185,"ANXA7"
"D28114_at",0.15091464157565,8.25250156514965,1.37329828488864,0.173836497182396,0.381199750357829,-5.72691114558885,"MOBP"
"U79526_at",0.175039892994177,6.50535401144036,1.3726469202309,0.174038154547506,0.381305987817451,-5.72778022822434,"CMKLR1"
"U22178_s_at",0.178418527239772,7.24132729812244,1.37262625290697,0.174044555905544,0.381305987817451,-5.72780779717491,"MSMB"
"AB000816_s_at",0.158252281230035,5.94473743312409,1.37262351514929,0.174045403893672,0.381305987817451,-5.72781144914725,"BMAL1"
"U96629_rna2_at",-0.207383313384923,8.3522660038949,-1.37123389642052,0.174476228496706,0.382132421798163,-5.72966420844593,"EXTL3"
"X80062_at",0.222776363732828,6.69899042480632,1.37066642020922,0.174652397091273,0.382400779749289,-5.73042030430063,"ACSM3"
"X74295_at",0.25468163980616,8.17743616700749,1.36977501583392,0.174929400252798,0.382889682039361,-5.73160739673917,"ITGA7"
"Y10936_at",-0.185606076103005,8.04278879976129,-1.36891492700916,0.175196989206217,0.383357684484691,-5.73275209094266,"FBXO46"
"X84002_at",-0.181823106674489,7.30651824257825,-1.36680011769186,0.175856269370758,0.384682216736464,-5.73556379263106,"TAF12"
"D50310_at",0.205150514316385,11.8335509895262,1.36638483109627,0.175985954186331,0.384847812084157,-5.7361154435956,"CCNI"
"D79205_at",-0.138917998890129,14.3771314639711,-1.36615077997482,0.176059075231643,0.384872970354462,-5.73642627808816,"RPL39"
"U32439_at",-0.161316280444791,7.27878067912256,-1.36600243414093,0.176105432640799,0.384872970354462,-5.7366232644299,"RGS7"
"U18548_at",0.419428453021382,9.16741058006555,1.36564205507063,0.176218088173023,0.38497491515691,-5.73710172210007,"GPR12"
"U37283_at",0.163445392309423,6.27010253607376,1.36544818197078,0.176278716138453,0.38497491515691,-5.73735906833818,"MFAP5"
"U03398_at",0.214693508573195,8.89588584554567,1.36517088704157,0.17636545934379,0.38497491515691,-5.73772708801313,"TNFSF9"
"M55419_at",0.120177309014197,6.41647996375831,1.3651624974054,0.176368084289868,0.38497491515691,-5.73773822144572,"AMELY"
"X95677_at",-0.214269613760047,6.6586762747502,-1.36428265418468,0.176643534313569,0.385458143900042,-5.73890545307071,"ABI2"
"X15088_at",-0.142909898941671,6.27875292568799,-1.36398265589204,0.176737528687793,0.38554523929476,-5.73930327819128,"GNAT1"
"HG3264-HT3441_at",-0.41480214042303,5.58596599557329,-1.36328940936671,0.176954879661117,0.385901296146865,-5.74022226848551,NA
"X01703_at",-0.394649647170727,10.7195170403087,-1.36271892615597,0.177133893499383,0.38617355558321,-5.74097818686581,"TUBA1A"
"X13955_s_at",0.356010154280154,6.48971244008979,1.36224960186655,0.177281267529835,0.386376690987525,-5.74159983936884,"MYL4"
"U43318_at",0.316256848452801,7.25896424535585,1.36192113175716,0.177384466913164,0.38641870940427,-5.74203479976313,"FZD5"
"Z50022_at",0.318081623426387,9.91990379229925,1.36184321263496,0.17740895439475,0.38641870940427,-5.74213796570849,"PTTG1IP"
"M35878_at",0.353282037623087,8.16007510182432,1.36083999238735,0.177724463874117,0.386987691801644,-5.74346574169417,"IGFBP3"
"L31584_at",-0.239578037909945,8.84158820817565,-1.36049459873015,0.177833187649302,0.387106196870802,-5.74392265990723,"CCR7"
"U62317_rna6_at",-0.451228817789946,5.945898629971,-1.35947433203363,0.178154644539868,0.387645273177129,-5.74527171819112,"NCAPH2"
"J05036_s_at",0.178052256097511,7.19258870057659,1.35936351547876,0.178189586225481,0.387645273177129,-5.74541818864522,"CTSE"
"D38553_at",-0.206131284884586,7.7714569205613,-1.35873737363275,0.17838711347261,0.387876068661553,-5.74624557099239,"NCAPH"
"M58028_at",-0.217685738937622,11.0481709682918,-1.35860794284456,0.178427965377769,0.387876068661553,-5.74641655535585,"UBA1"
"HG3548-HT3749_at",-0.365171052940788,7.43635646704614,-1.35850994472176,0.17845890099732,0.387876068661553,-5.74654600534498,NA
"L07592_at",-0.4213942865877,5.10492662656805,-1.35783057810922,0.178673472474177,0.388224073535023,-5.74744316633685,"PPARD"
"U75308_at",-0.156706197365111,6.62003073580703,-1.35752805892645,0.178769083281893,0.388313465788122,-5.74784253124807,"TAF4"
"L13203_at",-0.311216867196693,9.00328436961347,-1.35658226946684,0.17906824937637,0.388770616619135,-5.74909055165972,"FOXI1"
"HG2743-HT2845_at",0.134888691598514,6.94875027982328,1.3564271000972,0.179117367823507,0.388770616619135,-5.74929522711719,NA
"U12779_at",0.204378189604773,9.75080905732434,1.35623191723185,0.179179166953987,0.388770616619135,-5.74955265060012,"MAPKAPK2"
"U50553_at",-0.265529783695012,8.30963580759098,-1.35617346304923,0.179197677964719,0.388770616619135,-5.74962973801338,"DDX3X"
"L19605_at",0.224461162194661,10.6608187902305,1.35548964152689,0.179414335324136,0.389087068878222,-5.75053130433902,"ANXA11"
"X77794_at",-0.336927422126303,9.05055079424159,-1.35536862590414,0.179452697779716,0.389087068878222,-5.75069080916743,"CCNG1"
"M65134_s_at",-0.116762045342096,6.77914197475221,-1.35496039030702,0.179582156067703,0.389249373854257,-5.75122878488553,"C5"
"U36798_at",-0.18088699964596,8.10098585233071,-1.35404612185312,0.17987234276158,0.389673080807142,-5.75243305546645,"PDE3A"
"M86808_at",0.123732024839393,6.67454170790507,1.3539797035687,0.179893437619271,0.389673080807142,-5.75252051125038,"PDHA2"
"HG3725-HT3981_s_at",0.201864737867671,8.4658889436975,1.35382803282855,0.179941616217858,0.389673080807142,-5.7527202072863,NA
"M91036_rna1_at",0.803914998240902,9.70781964522081,1.35353678506525,0.180034159249509,0.389755093012374,-5.75310361664445,"HBG2"
"Z22555_at",-0.310289303922007,8.86561939079574,-1.35292422823782,0.180228914962458,0.390058267992521,-5.75390975328614,"SCARB1"
"U17418_at",0.438802296653967,7.33502181473683,1.35250991469759,0.180360731926847,0.390073819848271,-5.75445480127568,"PTH1R"
"S81221_at",-0.188233036285516,4.57974696602968,-1.3523953489453,0.180397194777109,0.390073819848271,-5.75460548963835,"LSS"
"U60873_at",0.34172977700849,4.88914912370219,1.35228289567269,0.180432990722425,0.390073819848271,-5.7547533876552,"NEAT1"
"M21985_at",0.31546564791271,7.73681894285306,1.35221386621387,0.180454966735811,0.390073819848271,-5.75484416908481,"NR2C1"
"U61167_at",0.280770949220889,6.21607861687572,1.35164070708854,0.180637514337974,0.390350057506946,-5.75559776704662,"ITSN2"
"X60382_rna1_at",-0.168629238881444,6.43801410518001,-1.35134075811235,0.180733101982747,0.390438267889395,-5.75599202326076,"COL10A1"
"Z46261_at",-0.189397394146801,4.99081201605266,-1.35038314183986,0.181038531380294,0.390947792442233,-5.75725016781154,"H3C1"
"L08096_s_at",-0.405807096585177,6.96725338409837,-1.35025748589103,0.181078638048009,0.390947792442233,-5.75741519537626,"CD70"
"Z48475_at",-0.120636876253586,2.23259486813972,-1.34975192906289,0.181240068903668,0.391177853834166,-5.75807901012403,"GCKR"
"U24576_at",-0.299570651200041,6.66562544500874,-1.34863150654873,0.181598222835774,0.39175408467848,-5.7595493237941,"LMO4"
"U40705_at",0.362577830231083,6.48382310153046,1.34857296207945,0.181616951867355,0.39175408467848,-5.75962611890609,"TERF1"
"M92642_at",-0.160677853820676,10.6993575978817,-1.34827751693007,0.181711490397207,0.391839447985992,-5.76001361771013,"COL16A1"
"U08854_s_at",0.140286163749883,7.12871247696148,1.34796008057705,0.181813107340667,0.391940018818149,-5.7604298696796,"UGT2B15"
"HG3638-HT3993_s_at",-0.268251999596162,6.81301588177909,-1.34754389180627,0.181946401840159,0.392061892852729,-5.76097547376566,NA
"AFFX-CreX-3_at",0.204597596870353,6.96433698545325,1.34729549279782,0.182025992864272,0.392061892852729,-5.76130103694137,NA
"U33920_at",0.262070534370827,6.88428246510451,1.34719076974782,0.182059555704869,0.392061892852729,-5.76143827468813,"SEMA3F"
"Z31690_s_at",0.250023935239578,7.48554217635908,1.34709696380616,0.182089623682899,0.392061892852729,-5.7615611971396,"LIPA"
"HG821-HT821_at",-0.121969046831373,13.8272751560531,-1.34623316598835,0.182366676798307,0.392288012909482,-5.76269272733406,NA
"D86549_at",-0.235903648969608,7.58801106677988,-1.34621585821956,0.182372231322239,0.392288012909482,-5.7627153925567,"CFDP1"
"U11313_at",-0.152538603434519,7.04743966672052,-1.34609104890718,0.182412289744799,0.392288012909482,-5.76287882718991,"SCP2"
"L10717_at",-0.182162158342738,6.93924999182394,-1.34597990608019,0.182447967417504,0.392288012909482,-5.76302435377599,"ITK"
"U40279_at",0.305040895698755,7.92838118703532,1.34591196850622,0.182469778483356,0.392288012909482,-5.76311330326537,"ITGAD"
"D25248_at",0.151176168994041,8.34295727988215,1.34515652352793,0.18271244380725,0.392450425733465,-5.76410210655352,"AFAP1"
"X65724_at",0.138839733876872,7.17328138416755,1.34509873733967,0.182731016032378,0.392450425733465,-5.76417772125942,"NDP"
"U66077_at",0.156306361784564,7.34472388886401,1.34506901147339,0.182740570350496,0.392450425733465,-5.76421661711259,"DAZ1"
"X86018_at",-0.288022583115698,8.17868181943801,-1.34499138311675,0.182765522995526,0.392450425733465,-5.76431818880531,"LRRC41"
"M55531_at",0.448813981663013,8.90326439122255,1.34441369068645,0.182951295825874,0.392527906183763,-5.76507388691008,"SLC2A5"
"M54914_s_at",0.151463863273098,6.22632920463372,1.3440881295419,0.183056051838464,0.392527906183763,-5.76549962789578,"FSHB"
"U90878_at",-0.286546739528109,10.406730570031,-1.34402935301721,0.183074969230876,0.392527906183763,-5.76557648034974,"PDLIM1"
"U80628_at",0.24404502683702,6.60807323502212,1.34397660095676,0.183091948891186,0.392527906183763,-5.76564545287444,"TK2"
"D10656_at",0.215449630679582,7.49465220867974,1.34394321936146,0.183102694264937,0.392527906183763,-5.76568909747729,"CRK"
"U40990_at",0.255194862236586,8.50441903525024,1.34359643727626,0.183214349950868,0.392527906183763,-5.76614243501368,"KCNQ1"
"D38305_at",-0.492530853900112,7.27002509441057,-1.34344899210833,0.183261839428275,0.392527906183763,-5.76633515182181,"TOB1"
"U68031_at",0.12270011582637,6.2653095203579,1.3432753898229,0.1833177655805,0.392527906183763,-5.76656203125336,"CCR6"
"X98482_r_at",-0.148791200157067,13.8251292399504,-1.34324820577221,0.183326524118444,0.392527906183763,-5.76659755534514,NA
"D86096_cds6_at",0.126953207135711,6.57093548220809,1.34316847985111,0.183352213156394,0.392527906183763,-5.76670173715957,"PTGER3"
"M65254_at",-0.145239032019887,8.44564620988183,-1.34224486434531,0.1836500161047,0.392951797304097,-5.76790824252041,"PPP2R1B"
"Y11180_at",0.15100767970395,6.47961643236001,1.34221250723029,0.183660455690454,0.392951797304097,-5.76795049583002,NA
"M37721_at",0.144966477765376,7.57068658885939,1.34164049260586,0.183845082543334,0.393228800915519,-5.76869729709063,"PAM"
"M18731_at",-0.154718644497832,3.95298229764801,-1.34129153357564,0.183957783510189,0.393351841224997,-5.76915273643442,"GALT"
"X69978_at",-0.167815656756899,7.66373578089674,-1.34074541888755,0.184134263301209,0.393611143350621,-5.76986526468953,"ERCC5"
"X00371_rna1_at",-0.256080116217396,6.98400197233229,-1.34045080853374,0.184229521268723,0.39369671976161,-5.77024953487935,"MB"
"X02910_at",-0.430671366753036,6.75075305854333,-1.339303347467,0.184600891019819,0.394372116296161,-5.77174544099667,"TNF"
"L07949_at",0.0911146160563492,6.46613761433301,1.33906405005303,0.184678409575206,0.394419527220385,-5.7720572513139,"GNRHR"
"AB002533_at",-0.156609295109135,13.8048739884159,-1.33826751079958,0.184936619450186,0.39485269843078,-5.7730947792567,"KPNA4"
"X57346_at",-0.204161534527202,10.3633869261015,-1.33782522655834,0.18508011002191,0.394906965148939,-5.7736706205631,"YWHAB"
"Y09445_at",-0.199788536084887,4.54202859786413,-1.33768654903679,0.185125118567494,0.394906965148939,-5.77385113738885,"TBX5"
"U56417_at",0.199161873558902,9.81893225483007,1.33767699526658,0.185128219599909,0.394906965148939,-5.77386357289624,"AGPAT1"
"L22075_at",0.305370193492302,7.35706612044018,1.33671561681211,0.18544047138994,0.395454717480969,-5.77511450310295,"GNA13"
"X59656_at",-0.312985183854784,5.310233182244,-1.33487168747318,0.18604048417147,0.396446737387807,-5.77751139899448,"CRKL"
"M57892_at",-0.155581818100985,5.96795138833625,-1.33486418932612,0.186042927047289,0.396446737387807,-5.77752113929347,"CA6"
"HG2887-HT3031_r_at",-0.46114766031369,3.32733646732102,-1.33477345398015,0.186072490293113,0.396446737387807,-5.777639002872,NA
"HG1686-HT4572_s_at",0.422357061292205,6.79956041587906,1.33439950403366,0.186194367466145,0.396587883377994,-5.7781246766281,NA
"M55420_at",0.209181601217952,7.49555141512524,1.3333152720995,0.186548078977768,0.397170950400883,-5.77953210871568,NA
"M14758_at",0.124858813794249,6.73081854063806,1.33321892165103,0.186579536105002,0.397170950400883,-5.7796571277088,"ABCB1"
"U52513_at",0.33727020151233,7.98986990871117,1.33280527826582,0.18671463055772,0.397339880968951,-5.78019375068,"IFIT3"
"D16593_at",0.355634832292631,8.36274930465054,1.33227908315149,0.186886590557854,0.397543314676762,-5.7808761588395,"HPCA"
"L22342_at",-0.164385629930413,9.63718710864925,-1.3321715256752,0.186921754916048,0.397543314676762,-5.78101561563185,"SP110"
"X98266_cds2_at",0.12068318884242,6.63344568307758,1.33191357471967,0.187006108565282,0.397557767615647,-5.78135002580904,NA
"M74587_rna1_s_at",-0.130452171475987,7.52466757629302,-1.3316949178841,0.187077634941202,0.397557767615647,-5.78163344641754,"IGFBP1"
"D49824_at",-0.141641164404584,2.95715774948352,-1.33163924617929,0.1870958493969,0.397557767615647,-5.78170560039914,"HLA-B"
"U04811_at",-0.157099325641168,8.07851992322709,-1.33037893301124,0.187508551530493,0.398315990423386,-5.7833382759548,"TRO"
"L42450_at",0.163206007186332,6.63855451302781,1.32918157176524,0.18790127438039,0.399031333052667,-5.7848880367158,"PDK1"
"J05070_at",-0.319332229280376,6.99428189495102,-1.3290081030848,0.187958221757679,0.399033401700564,-5.78511244936213,"MMP9"
"J03756_at",0.150410005225019,9.50415822436486,1.32871086660032,0.188055830613947,0.399121767325641,-5.78549691287428,"GH2"
"X78926_at",0.111562089831945,6.89869167914032,1.32779680482545,0.188356236586282,0.399536102369762,-5.78667870208919,"ZNF268"
"S78203_at",0.206107026740643,7.96674831753118,1.32777580593363,0.188363142104751,0.399536102369762,-5.78670584242685,"SLC15A2"
"S67970_at",-0.12832029182248,6.55366329306737,-1.32720681671041,0.188550327657201,0.399814183779949,-5.78744108561569,"ZNF75D"
"U00238_rna1_at",-0.217444139875735,7.06631298072616,-1.32610870788051,0.1889119782895,0.400431665617118,-5.78885920421039,"PPAT"
"U64520_at",0.152310328309476,6.71210284928376,1.3259816178312,0.188953867742458,0.400431665617118,-5.78902325852961,"VAMP3"
"Z48579_at",-0.240213698346994,7.46279765395671,-1.32534906741308,0.189162463174913,0.400754591374132,-5.78983956411071,"ADAM10"
"X07820_at",-0.117831620668229,6.98993424983891,-1.3249161193084,0.189305335811744,0.400938128045729,-5.79039806926366,"MMP10"
"D25547_at",0.261158510214383,8.7956226490395,1.3238002154727,0.189673957667261,0.40155427956648,-5.79183678923483,"PCMT1"
"U80017_rna1_at",-0.206991241732765,7.13826780987363,-1.32369449379945,0.189708909185006,0.40155427956648,-5.79197303489483,"GTF2H2"
"AF000177_at",-0.319078604324126,7.09306759672564,-1.32313219864927,0.189894884982668,0.401773604738229,-5.79269750185031,"LSM1"
"HG3872-HT4142_at",-0.217125282141673,5.6091349312078,-1.32304045490943,0.189925241684364,0.401773604738229,-5.79281567761878,NA
"U47928_at",0.178544693986148,5.41186404260726,1.32240061020967,0.190137058672986,0.402002783388181,-5.7936396490736,"GPR162"
"M20218_at",-0.243936395768354,6.57497793935109,-1.32237253186554,0.19014635791625,0.402002783388181,-5.79367579876576,"F11"
"U63541_at",0.174408498539693,8.59607057671775,1.32180904289346,0.190333051633511,0.402108614610076,-5.79440111261796,"SRRD"
"X13967_at",0.201850945800423,8.49898337073313,1.32171101704398,0.190365543367915,0.402108614610076,-5.79452725982365,"LIF"
"Z26317_at",0.349198982905037,6.0618173280345,1.32171075652619,0.190365629724927,0.402108614610076,-5.79452759506612,"DSG2"
"J04430_s_at",-0.261076609819584,7.22352133594807,-1.3212928190779,0.190504206459246,0.402193684000894,-5.79506532901321,"ACP5"
"M14123_xpt1_at",0.106665340892385,6.44059675788577,1.32112623701712,0.190559461679718,0.402193684000894,-5.79527961455733,"LOC105376387"
"U84540_at",0.137392478092307,6.31687277617232,1.32107893833265,0.190575152834201,0.402193684000894,-5.79534045329726,"DTNA"
"Z29574_at",-0.206558023762011,7.17970805693985,-1.32072708664688,0.190691908734533,0.402320987679339,-5.79579296338733,"TNFRSF17"
"X86681_at",0.196277140185785,9.25986233817768,1.32054485825321,0.190752399197086,0.402329542566872,-5.79602727888374,"SLC29A2"
"U01824_at",0.309019388008839,8.19101982001874,1.31813807407259,0.191552680839262,0.403897977433628,-5.79911911351275,"SLC1A2"
"X64994_at",-0.19516235954893,7.36214978307303,-1.31790957115228,0.191628791339687,0.403938986830463,-5.79941237654551,"OR1E1"
"HG961-HT961_at",-0.268020508524113,5.02429796135919,-1.31737622197947,0.191806529356689,0.404194131771752,-5.80009669389661,NA
"U62962_at",-0.202073602904411,11.5685273167666,-1.31690059283362,0.191965136585273,0.404303003801351,-5.8007067304779,"EIF3E"
"U49441_at",0.159475033019682,9.2818998000952,1.31687598893456,0.191973343881575,0.404303003801351,-5.80073828145011,"HADHB"
"U52111_rna3_at",0.43089614853122,6.49666248741145,1.31671116881256,0.192028330883907,0.404303003801351,-5.80094962513208,"ABCD1"
"U28131_at",0.470167493819233,7.61923911867437,1.31649140728097,0.192101665727865,0.404337990839665,-5.80123137924202,NA
"Z83804_at",0.166756432506904,6.42329286018194,1.3156600552836,0.192379279606749,0.404802799385039,-5.80229684196334,"DNAH1"
"U86529_at",0.106178604488244,9.81926081098197,1.3153875987281,0.192470326639895,0.404830954552607,-5.80264588336401,"GSTZ1"
"X91117_rna1_at",0.259034390402425,6.69114354872165,1.31528017582683,0.192506233122926,0.404830954552607,-5.80278348284103,"SLC6A2"
"M91592_at",-0.173696613342171,8.70286916465047,-1.31502395117861,0.192591897398727,0.4048916651594,-5.80311164128297,"ZNF76"
"U58522_at",-0.118084087438891,6.62885783654631,-1.31465646061853,0.192714811413416,0.404922733756753,-5.8035821965987,"UBE2K"
"U72882_s_at",-0.309643773363383,7.51306906424708,-1.31464013159752,0.192720274321316,0.404922733756753,-5.80360310227465,"IFI35"
"L78833_cds1_at",-0.141394817094541,7.0373319547204,-1.31418909026988,0.192871217047024,0.405100138511219,-5.80418046242557,"BRCA1"
"U23803_at",-0.380378664173593,8.79588116093232,-1.31396702771492,0.192945563699252,0.405100138511219,-5.80446464652958,"HNRNPA0"
"S77576_at",0.147874351370291,8.08565474597741,1.31387858093922,0.192975181706284,0.405100138511219,-5.80457782336259,NA
"U48697_at",0.17700011385485,4.77886712459885,1.31298972148192,0.19327302171209,0.405579238919975,-5.8057148080635,NA
"X56494_at",0.297985847345998,11.1839325143675,1.31285799255141,0.193317190889336,0.405579238919975,-5.80588324673043,"PKM"
"U18018_at",0.359137495304302,7.78669946362182,1.31186901354206,0.193649040721175,0.406155931539058,-5.80714731620823,"ETV4"
"HG2465-HT4871_at",0.111825873740859,7.33372700294522,1.31092895997029,0.193964869271386,0.406625937071707,-5.8083480093651,NA
"AJ001047_at",0.197576529243696,4.97018620327593,1.31085298395152,0.193990411677861,0.406625937071707,-5.80844501467711,"MATN3"
"X70218_at",-0.234941327658847,10.083216206443,-1.31069287460982,0.19404424714798,0.406625937071707,-5.8086494229011,"PPP4C"
"J05073_at",-0.217180296971868,5.58775858165035,-1.30964976189768,0.194395259353953,0.407241787814966,-5.80998056008013,"PGAM2"
"X94703_at",-0.209253352170045,5.53498621604364,-1.308385281611,0.194821400069164,0.408014618417471,-5.81159283373439,"RAB28"
"X15187_at",0.233983275339995,10.0455093607939,1.30772728723996,0.195043426264309,0.408359643417992,-5.81243122089815,"HSP90B1"
"D87742_at",-0.153360376751535,7.14755297709787,-1.30689169441785,0.195325652156772,0.408830468063896,-5.81349531637157,"MIA3"
"J00220_cds5_at",0.273182687901139,6.72353663407527,1.30655466145377,0.19543957326457,0.408948845847702,-5.8139243313525,"IGH"
"Z69720_at",0.159258267795439,8.40718079425044,1.30618861103525,0.195563358921388,0.409087789246061,-5.81439016357797,"MPG"
"M26682_at",0.326456782865926,7.24644027521712,1.30556519485246,0.195774311816916,0.409327662124241,-5.8151832303994,"LMO1"
"L16464_at",0.212425240598591,8.08474720465229,1.3055103926027,0.195792864054378,0.409327662124241,-5.81525292875105,"ETV3"
"U89336_cds3_at",0.131100629776723,9.21629088895792,1.30530281891934,0.195863146016986,0.409354549385837,-5.81551689887759,"AGER"
"U19495_s_at",0.117656943048895,6.50507991478851,1.30481882074192,0.196027095289297,0.409577128463481,-5.81613224074073,"CXCL12"
"X79439_at",0.454789820463681,9.33653906778691,1.30375362854439,0.196388279328831,0.410210153711436,-5.81748572976713,"NOTCH3"
"U87309_at",0.095173275647622,6.39662753614405,1.30358604486623,0.196445148656311,0.410210153711436,-5.81769857436615,"VPS41"
"D10522_at",0.39243929175252,7.71923233646069,1.30325504640628,0.196557508768677,0.410252380516433,-5.81811889203999,"MARCKS"
"X15217_at",-0.111198956944929,5.80063710500441,-1.30311784807558,0.196604095934456,0.410252380516433,-5.81829308318863,"SKIL"
"X68487_at",0.208531222014573,7.55643062650689,1.30285433749905,0.196693596926032,0.410252380516433,-5.81862759510978,"ADORA2B"
"D86977_at",-0.146538837693079,9.21613826893167,-1.30284856317389,0.196695558508229,0.410252380516433,-5.81863492456956,"DHX38"
"M58509_cds1_s_at",0.33751487933456,4.10094162005702,1.30161603221981,0.197114593345345,0.411006123415901,-5.82019868996738,"FDXR"
"U28687_at",0.192999720048936,8.1172367999134,1.30104342556168,0.197309494418392,0.41128038435537,-5.82092470038454,"ZNF157"
"D50663_at",0.300450256880032,8.6595423236893,1.30089068268409,0.197361508609864,0.41128038435537,-5.82111831222739,"DYNLT1"
"U08989_at",-0.227485097225173,7.039608118224,-1.29958922755466,0.197805114213839,0.411981672494151,-5.82276711408134,"SLC1A1"
"X54867_s_at",0.119261282982307,6.46107116934167,1.29944839248047,0.197853162953679,0.411981672494151,-5.82294544234197,"KLRC1"
"Z83803_at",-0.117736522735665,3.58699771207233,-1.29939492997501,0.197871405052598,0.411981672494151,-5.8230131328338,"HLA-C"
"U67615_at",0.29186484815336,7.09512257025129,1.29907175670451,0.19798170269416,0.412090965987348,-5.82342225567411,"LYST"
"M16282_at",0.154960706119077,8.26278820315401,1.29872500554347,0.198100098404117,0.412213374607893,-5.82386111905745,NA
"AFFX-BioC-3_st",-0.1945364745954,5.25804341301759,-1.29847578680053,0.198185225002977,0.412213374607893,-5.82417647210109,NA
"D21853_at",-0.187410862860244,9.51676437304632,-1.29839162727792,0.198213977858866,0.412213374607893,-5.82428295169412,"EIF4A3"
"U19796_at",-0.280913617462794,9.30780533883357,-1.29789829779957,0.198382585058328,0.412278075810202,-5.8249069853342,"MRPL28"
"Y12393_s_at",0.173450607927858,7.06170258622785,1.29789181340597,0.198384801968047,0.412278075810202,-5.82491518621502,"KPNA4"
"AD000092_cds1_at",0.471000980721493,7.2522111326551,1.29774848966129,0.198433806768083,0.412278075810202,-5.82509643927894,"MAST1"
"Z83805_at",0.311771490953639,5.77407090055016,1.29762389795293,0.198476414108657,0.412278075810202,-5.82525398752202,"DNAH3"
"J04101_at",-0.610386352404015,5.52897065942671,-1.29723665683247,0.198608884756208,0.412433072946988,-5.82574356805168,"ETS1"
"U24152_at",0.158132722390468,9.36484266090577,1.296173019524,0.198973082039568,0.413069045387328,-5.82708758390046,"PAK1"
"S67325_at",0.16486453737676,8.15033729576616,1.29579831000442,0.199101503935814,0.413215319230982,-5.82756081750589,"PCCB"
"D82348_at",-0.365959767124382,9.25070322078478,-1.29468407314154,0.199483744702496,0.413804863198792,-5.82896725409358,"ATIC"
"D89016_at",0.218150287455572,9.47116377583881,1.29463189677842,0.199501657289136,0.413804863198792,-5.82903308498271,"ARHGEF16"
"M91467_at",0.119353895683378,7.95972772594125,1.29429364895817,0.199617809711933,0.41385832360704,-5.82945979064315,"HTR1E"
"M12625_at",-0.431281503452393,6.9255878146856,-1.29421874845313,0.19964353694552,0.41385832360704,-5.82955426457151,"LCAT"
"U34962_at",0.172735749470069,8.86747064942312,1.29360109932793,0.199855784669895,0.414177874683628,-5.83033312226555,"NKX2-5"
"U49973_xpt1_at",-0.176363102816961,9.78552550131386,-1.29323270898907,0.19998245763945,0.414319947838314,-5.83079749477359,NA
"U42387_at",-0.120016223608395,5.52862508457277,-1.29298327540409,0.20006826066396,0.414372000543251,-5.83111184527356,"NPY4R"
"U11791_at",0.146767942010687,8.41787182885633,1.29279698459439,0.200132361005425,0.414372000543251,-5.8313465818638,"CCNH"
"D87716_s_at",-0.161282466758913,7.02228235482295,-1.29265287801006,0.200181956778083,0.414372000543251,-5.83152814187484,"WDR43"
"U34879_rna1_at",-0.107511051889297,5.66190413328923,-1.29179319531375,0.200478015757088,0.414838483806703,-5.83261085534092,"HSD17B1"
"U02081_at",0.232693088967392,7.37531857735187,1.29136518855613,0.200625535006245,0.414838483806703,-5.83314964507962,"NET1"
"M60614_at",-0.387723235237356,5.49161468501771,-1.2913087468541,0.200644994557279,0.414838483806703,-5.83322068312656,"WT1-AS"
"X79536_at",-0.261782688985965,10.4533848384149,-1.29124084917595,0.200668405677392,0.414838483806703,-5.83330613584217,"HNRNPA1"
"M97925_rna1_at",0.178287059391344,9.02592502592127,1.29115425899318,0.200698264924859,0.414838483806703,-5.83341510781008,"DEFA5"
"D13146_cds1_at",-0.12039465970555,10.898469045697,-1.29006887218211,0.201072824036782,0.415492221031367,-5.83478045287349,"CNP"
"D70830_at",-0.123211796426772,3.72427584520632,-1.28965824591105,0.201214663793327,0.415664832855007,-5.83529670776651,"DOC2B"
"X79510_at",0.253189455079426,6.11926269329735,1.28917983817649,0.201380010750936,0.415854133590958,-5.83589798212839,"PTPN21"
"L19711_at",0.285186282173344,7.18296621911775,1.28905560170158,0.20142296581422,0.415854133590958,-5.83605409067445,"DAG1"
"HG2152-HT2222_at",-0.256977850745717,4.03979440165477,-1.28882743736277,0.201501871951162,0.415896596739963,-5.83634075168691,NA
"X75958_at",0.093567470521787,6.34195895563041,1.28819881077983,0.201719389058865,0.416225043299755,-5.83713029457751,"NTRK2"
"X52730_rna1_at",0.134766235703504,10.163429859773,1.28769418909397,0.201894124424376,0.416361957450395,-5.83776382350809,"PNMT"
"M25296_at",-0.335743524169457,7.60973749710709,-1.28766986170044,0.201902551116007,0.416361957450395,-5.83779435942297,"NPPB"
"D89377_s_at",0.157610951643958,6.86607471307116,1.2872037396928,0.20206406023796,0.416455057133674,-5.83837933261098,"MSX2"
"L32163_at",0.107192147506741,6.54969138359286,1.28720238100339,0.202064531157999,0.416455057133674,-5.83838103744155,"ZNF197"
"U87223_at",0.240510114748169,7.47288708148508,1.28665569774445,0.202254077142546,0.416725235823472,-5.83906685482866,"CNTNAP1"
"L34838_at",-0.212480541309964,3.88909245427129,-1.28640970774716,0.202339409905225,0.41678059902177,-5.8393753599576,"INSL4"
"M94077_at",0.329868747293321,5.48706954583234,1.28591634838693,0.202510634620747,0.417012800176576,-5.83999393029999,"LORICRIN"
"M35093_s_at",-0.125138835813425,2.86148233290195,-1.28563213218874,0.202609323257319,0.41709554302669,-5.84035017558422,"MUC1"
"L13436_at",-0.347231484745353,7.60347127015732,-1.28500737912487,0.20282638248758,0.417421847792714,-5.84113299578226,"NPR2"
"U65092_at",0.265504602038101,6.30494441493771,1.28461129824333,0.202964083182708,0.417584689468838,-5.84162909977301,"CITED1"
"X12453_at",-0.196175788673822,6.98401210254661,-1.28392601661474,0.203202490930083,0.417954575256943,-5.84248709188075,"SAG"
"U51432_at",-0.359103088098555,8.06433512974351,-1.2833923660657,0.203388290690024,0.418131048865693,-5.84315493462967,"SNW1"
"M74089_at",-0.268147587745427,7.32687754083539,-1.28334268713719,0.203405593697044,0.418131048865693,-5.84321709236562,"SLC25A46"
"D86974_at",-0.210191191988367,14.0499508018166,-1.28314611090872,0.203474071275575,0.418151240738995,-5.84346302386307,"NPIPB3"
"U52155_at",-0.117770805513067,6.47308806578698,-1.28021302878371,0.204497849289265,0.420073030555002,-5.84712825227142,"KCNJ10"
"HG2573-HT2669_at",-0.176804185465527,7.20138945810049,-1.28012947001465,0.20452707098561,0.420073030555002,-5.84723255128219,NA
"X83107_at",0.13470048048208,6.13932667165092,1.27899096243062,0.204925532226984,0.42066080396405,-5.84865300123218,"BMX"
"M96954_s_at",-0.162627470007751,9.08315842282727,-1.27897460081194,0.204931262753141,0.42066080396405,-5.84867340587189,"TIAL1"
"M63896_at",-0.104912579332797,6.31383530259111,-1.27875584248038,0.205007892533208,0.420696967722867,-5.84894619629127,"TEAD1"
"U79249_at",0.116422271330011,6.36616975051316,1.27799685584215,0.205273926008759,0.42103721250703,-5.84989230260461,"SPICE1"
"U09646_at",-0.146043307267162,6.47455534621611,-1.27786622332119,0.205319740016778,0.42103721250703,-5.85005508696044,"CPT2"
"J03810_at",0.108425128939277,6.81963475198271,1.277777458412,0.205350875001675,0.42103721250703,-5.85016568999352,"SLC2A2"
"S67070_at",-0.352547048272212,8.83657747398082,-1.27741373887142,0.205478489044216,0.421154345568368,-5.85061881586216,"HSPB2"
"M63391_rna1_at",-0.261640535471703,5.08261528039503,-1.27727792289023,0.205526156295743,0.421154345568368,-5.85078798531234,"DES"
"L14778_s_at",-0.287675828445842,8.79443390152665,-1.27698559055677,0.205628783816639,0.421243563169201,-5.85115204981809,"PPP3CA"
"L37368_at",-0.180067663828202,10.231128193833,-1.27623828210643,0.205891310060043,0.421660198051722,-5.85208236986696,"RNPS1"
"HG3432-HT3618_at",-0.262204000353206,7.07807924280486,-1.27570673117069,0.206078192791747,0.42180461639142,-5.85274377778059,NA
"M17262_at",0.146975311721675,8.27890423758476,1.27570113045777,0.206080162560151,0.42180461639142,-5.8527507453358,"F2"
"U16127_at",0.179841709112843,8.80143864740677,1.27488611266787,0.206366952782457,0.422204814216407,-5.853764354765,"GRIK3"
"U28686_at",-0.225895016160145,9.58232726358596,-1.27480891249037,0.206394133475127,0.422204814216407,-5.85386033384783,"RBM3"
"D85527_at",0.156281557812054,8.88176540652894,1.27439256344448,0.206540767675683,0.422272208873502,-5.85437786380512,"LIMK2"
"D14659_at",-0.105551518192755,6.76484194585776,-1.27437900171714,0.20654554528572,0.422272208873502,-5.85439471857793,"EMC2"
"L34357_at",0.156756267841187,7.24028047075513,1.27400782147786,0.206676338771882,0.422372688864433,-5.85485596186829,"GATA4"
"L14076_at",-0.180893946379351,9.34163477711528,-1.27390328039082,0.206713187185861,0.422372688864433,-5.8549858455857,"SRSF4"
"S75578_s_at",-0.218281614632826,8.001312233246,-1.27306791843181,0.207007808592578,0.422853486377217,-5.85602334818612,"ABAT"
"L22569_at",-0.212810083153727,4.42223774854685,-1.27282787061018,0.207092527867717,0.422870030406364,-5.85632136235272,"CTSB"
"M38180_rna1_at",0.107996568877515,6.37226330120369,1.27270885413316,0.207134541475526,0.422870030406364,-5.85646909880398,"HSD3B1"
"L14837_at",0.156717971150115,7.06884197267947,1.27219272961317,0.207316809904482,0.423120967022345,-5.85710961695515,"TJP1"
"M57471_at",-0.114332007611933,6.16677768324145,-1.27118672215993,0.207672420880285,0.423616362356467,-5.85835737304605,"UOX"
"X62891_s_at",-0.36096552473512,3.75286957437325,-1.27116986883289,0.207678382162414,0.423616362356467,-5.85837826827355,"AVP"
"U08998_at",-0.362982382811415,5.85654448623075,-1.27051954073371,0.207908510013622,0.423964464498602,-5.8591843609498,"TARBP2"
"AB006781_s_at",0.190865826962103,7.18021262396676,1.26913535386891,0.208398952445151,0.424700016142755,-5.8608987705993,"LGALS4"
"M32373_at",0.187882591507826,6.84355477474941,1.26906288371865,0.208424653486774,0.424700016142755,-5.86098848057731,"ARSB"
"D31885_at",-0.243013613586776,9.68183150867285,-1.26887946739592,0.208489711303724,0.424700016142755,-5.8612155076738,"ARL6IP1"
"HG3928-HT4198_s_at",-0.123974098236593,3.6745619501283,-1.26878108535102,0.208524613629213,0.424700016142755,-5.86133726901877,NA
"Y07867_at",0.121671089099403,6.13106846337879,1.26866138126018,0.208567086059165,0.424700016142755,-5.86148540715841,"PIR"
"L46353_at",0.115317179192947,6.78601913086371,1.26749174282417,0.208982424382949,0.425424244267859,-5.86293217353891,"HMGA2"
"M55153_at",-0.249941666094814,7.47282795568194,-1.26724687486811,0.209069454297168,0.425457415566644,-5.86323489763498,"TGM2"
"M31520_rna1_at",-0.261540515922561,7.71594162287,-1.26711009730051,0.209118078853348,0.425457415566644,-5.86340396794952,"RPS24"
"D87440_at",-0.253230204440669,6.49297935856233,-1.26681596889236,0.209222670102802,0.425547316752772,-5.86376748000674,"RTF1"
"U35005_s_at",0.193294159003042,7.92162861130741,1.26665015148182,0.209281651358566,0.425547316752772,-5.86397237746239,"MAPK8"
"L17328_at",0.113869547141077,7.38514647581141,1.26605828187367,0.209492279616941,0.425854137835522,-5.86470353037732,"FEZ2"
"X66403_at",0.244409801309455,8.71672611755687,1.26510286497636,0.209832613710228,0.426326822858122,-5.86588309357028,"CHRNE"
"HG4316-HT4586_at",-0.0985032313750906,4.4407599949895,-1.26495991586516,0.209883569478851,0.426326822858122,-5.86605950610157,NA
"D63484_at",0.302573670540323,4.07578062430494,1.26490200530895,0.209904214929444,0.426326822858122,-5.86613096769951,"ZC3H3"
"Z21707_at",-0.18914802610558,5.70927117550605,-1.26377548826377,0.210306123319621,0.427021462018109,-5.86752046653574,"ZNF197"
"X99374_s_at",0.11815028769287,6.02320055097445,1.26358918282304,0.21037264639194,0.427034907781361,-5.8677501502419,"ADAM2"
"U94585_at",-0.118422094503467,9.84168323909802,-1.26249038415255,0.210765304571608,0.427604862512701,-5.86910412771271,"DPF2"
"AFFX-BioDn-3_at",-0.452063699631889,6.05490965662814,-1.26246777820078,0.210773388535507,0.427604862512701,-5.86913197171116,NA
"HG3740-HT4010_at",0.248987185931638,8.27090003965987,1.2618791556955,0.210983962490925,0.427737359879013,-5.8698568165663,NA
"Z48512_at",-0.198525044555723,7.85020130832315,-1.26178727057688,0.211016847501275,0.427737359879013,-5.86996993707211,"XGY2"
"U66578_at",0.188232882258783,7.9766809197483,1.26176919261499,0.211023317916641,0.427737359879013,-5.86999219206792,"LPAR4"
"D50532_at",0.360075052972759,6.81209511100846,1.26161448298177,0.211078697160102,0.427737359879013,-5.87018263591777,"CLEC10A"
"D87462_at",0.191652849450081,9.51819746065345,1.26085664515144,0.211350124723407,0.428127629119093,-5.87111519329511,"BAP1"
"Z34822_f_at",-0.126278699237945,5.03030577220897,-1.26074147979015,0.211391394936065,0.428127629119093,-5.87125686310165,"CACNA1C"
"V00565_s_at",-0.274505134944691,5.36939630176204,-1.259914181249,0.211688037217352,0.428469149568143,-5.87227419420322,"INS"
"U96115_at",0.15655226847739,7.42022638929009,1.25991286129226,0.211688510756016,0.428469149568143,-5.87227581684671,"MAGI1"
"M88579_at",0.151914719625697,7.06388362708699,1.259768431309,0.211740330190569,0.428469149568143,-5.87245335705995,"ZSCAN26"
"X66364_at",0.20995348196829,8.98819955877444,1.25930051223564,0.21190827719043,0.42868731784636,-5.87302841168943,"CDK5"
"D86957_at",-0.19118896940533,6.39521749451998,-1.25825172240094,0.212285068994534,0.429327732443129,-5.87431659151987,"SEPTIN8"
"S42303_at",-0.169138825737412,6.44071839764442,-1.25801859516724,0.212368890134333,0.429371882184435,-5.87460279132412,"CDH2"
"U19557_s_at",0.171939719201168,7.88462808757212,1.25785602440849,0.212427357057722,0.429371882184435,-5.87480234208247,"SERPINB4"
"HG429-HT429_at",-0.109538295529189,6.68803566280142,-1.25719707520001,0.212664462969187,0.429534229814327,-5.87561092978734,NA
"X99947_at",0.196401077039048,5.9882984486926,1.25709210508953,0.21270225176449,0.429534229814327,-5.87573969974892,"DNAH9"
"X03168_at",-0.338908413983865,3.55053527030129,-1.25692860960584,0.212761119302097,0.429534229814327,-5.87594024403059,"VTN"
"L34587_at",-0.295142065284864,9.6800318212896,-1.25684028369993,0.212792926573267,0.429534229814327,-5.87604857458884,"ELOC"
"L33262_s_at",0.127488316254843,6.03055612336974,1.25663922515462,0.212865343353959,0.429534229814327,-5.87629514306869,"RAD52"
"U37707_at",0.171235721500029,8.86349615423915,1.2566285551064,0.212869186973491,0.429534229814327,-5.87630822724489,"MPP3"
"U59913_at",-0.114791930301902,6.66688325095176,-1.25526483124299,0.213360855621187,0.430197420301584,-5.87797962200512,"SMAD5"
"L12535_at",0.15633344333564,8.06840317666542,1.25523151567731,0.213372877468905,0.430197420301584,-5.87802043218434,"RSU1"
"X54925_at",0.0995384322453017,6.26297742802559,1.25511322799565,0.21341556534584,0.430197420301584,-5.87816532128714,"MMP1"
"Y11174_at",-0.101777950149426,5.95480239509746,-1.25504765906375,0.213439230692482,0.430197420301584,-5.87824563022114,"MAPRE3"
"D90064_at",0.256665068090965,6.56476695180837,1.25484970982485,0.213510686883463,0.430219809720805,-5.87848805440331,"CEACAM8"
"K02545_cds2_at",-0.21951106397676,6.87223011365172,-1.25437801577584,0.213681031136955,0.43044138767317,-5.87906558042593,NA
"U39657_at",0.110060676774475,5.76313672765871,1.25418617777162,0.213750338775244,0.430459368680427,-5.87930040083877,"MAP2K6"
"HG3987-HT4257_at",-0.593987850624949,7.04699402379006,-1.25344023560629,0.214019991638411,0.430880689181088,-5.88021314884273,NA
"X03635_at",0.13456703506677,6.09418919120917,1.25299540361768,0.214180914424733,0.431082930246731,-5.88075720565182,"ESR1"
"M14113_at",0.147933410122254,7.12706535345413,1.25099963931942,0.214903999889614,0.432416205253475,-5.88319587196451,"F8"
"M98528_at",-0.204476280346088,6.14519962462265,-1.2497403731679,0.215361167637309,0.433213816051461,-5.8847326802939,"NSG1"
"X84195_at",0.0870462272487948,6.6998891358361,1.24940325345732,0.215483677834589,0.433226091031717,-5.88514384964865,"ACYP2"
"HG1139-HT4910_at",-0.159774027743294,6.49841545641549,-1.24938913696947,0.215488808921092,0.433226091031717,-5.8851610645601,NA
"U05255_at",0.250976318945765,6.20691699168507,1.24913470619067,0.215581305279527,0.433289857721384,-5.88547130833746,"GYPB"
"L16896_at",0.407743494093866,6.52528847612433,1.24874306750652,0.215723739552058,0.433453928767368,-5.88594874025487,"ZBTB48"
"D21235_at",-0.181420079671938,9.63785128653968,-1.24839280509541,0.215851184354395,0.43358779748168,-5.8863756104585,"RAD23A"
"L07540_at",-0.173044774542631,4.1829024465278,-1.2471525387818,0.216302906564163,0.434372794618569,-5.88788622001981,"RFC5"
"X16707_at",0.362093829671773,3.55623020564806,1.24653639089234,0.216527574209102,0.434701514090873,-5.88863613613556,"FOSL1"
"X63563_at",-0.237090846620781,8.23875332528557,-1.24595369355141,0.216740202337047,0.434914657176275,-5.88934501285656,"POLR2B"
"U83411_at",-0.181397588667921,3.95721499986974,-1.24591108886427,0.216755754937201,0.434914657176275,-5.8893968308603,"CPZ"
"U32659_at",0.158367823407184,7.4137237564019,1.24540155697345,0.216941820184846,0.43516551381479,-5.89001641811667,"IL17A"
"U10117_at",-0.203535982248662,8.53672583059745,-1.24468968607573,0.217201969691852,0.435564793792747,-5.89088164165253,"AIMP1"
"D32001_at",0.18611760931169,9.38615649370162,1.24414322779524,0.21740182532804,0.435842973218109,-5.89154549751723,"SAA1"
"Z73497_at",-0.293463349752805,4.50037423996656,-1.24298978384046,0.217824116243637,0.436566804807672,-5.89294582301728,"H2BW4P"
"M28826_at",-0.518306291230529,6.49789734545346,-1.2428151692114,0.21788809735435,0.436572300741753,-5.89315770346541,"CD1B"
"U12255_at",0.275918460691164,10.6633550903748,1.2422554313144,0.218093285654314,0.436610334087171,-5.89383670698023,"FCGRT"
"HG4120-HT4392_s_at",-0.263897716811653,7.32502762257274,-1.24213452698945,0.218137625278276,0.436610334087171,-5.89398333438861,NA
"X16663_at",0.187837170012259,10.3744371957888,1.24204644907877,0.218169930530289,0.436610334087171,-5.89409014276672,"HCLS1"
"D88152_at",-0.110650377413937,6.10182460577092,-1.24195259998114,0.218204356401715,0.436610334087171,-5.8942039416345,"SLC33A1"
"X61373_at",-0.27984926174207,7.3284791017048,-1.24192821864635,0.218213300652629,0.436610334087171,-5.89423350443078,"MAPT"
"U09877_at",-0.345201329448772,3.84397373946579,-1.24022354310933,0.21883932471588,0.437697917317577,-5.89629907468291,"SKIC2"
"U47101_at",-0.276906073006655,8.96492096758566,-1.23989839045216,0.218958882939751,0.437697917317577,-5.89669275624693,"ISCU"
"X65633_at",-0.218256237474309,6.29740878200461,-1.23976777759809,0.219006922597179,0.437697917317577,-5.89685086910884,"MC2R"
"S82362_s_at",0.193204636364548,6.41629054342327,1.23963809780823,0.219054626713198,0.437697917317577,-5.89700783666154,"RARB"
"HG2348-HT2444_s_at",-0.391425330566402,6.59534076846721,-1.2394791871052,0.219113094119885,0.437697917317577,-5.89720016456228,NA
"X03484_at",0.160569082695996,9.29380504834911,1.23944616747486,0.219125244340922,0.437697917317577,-5.89724012489778,"RAF1"
"L38929_at",-0.176727250981528,6.772561203724,-1.23925631703027,0.219195113118302,0.437714835131758,-5.89746986198788,"PTPRD"
"X71428_at",-0.118652646804808,11.8031995831181,-1.23834132705573,0.219532076740054,0.438172404173764,-5.89857661386635,"FUS"
"L36531_at",0.167579591331181,8.85866689868572,1.23826809070145,0.219559063905996,0.438172404173764,-5.89866516509597,"ITGA8"
"U93205_at",0.275269164573057,12.0299878714338,1.23813356876766,0.219608640778911,0.438172404173764,-5.89882780460766,"CLIC1"
"M74099_at",-0.185604664068006,7.91107944249219,-1.23759167458985,0.219808434147195,0.438209318840736,-5.89948279319483,"CUX1"
"X76732_at",0.323259153823701,8.78957944997512,1.23753011593733,0.219831138897115,0.438209318840736,-5.89955718187935,"NUCB2"
"U11875_s_at",0.154687792402029,7.64096724086721,1.23751178470105,0.219837900360327,0.438209318840736,-5.8995793330199,"CXCR2"
"X16504_s_at",-0.150314207470994,3.82495292041047,-1.23726697393944,0.219928213231212,0.438209318840736,-5.8998751278532,"ENO3"
"L12701_cds2_at",-0.256515383457832,6.37782813195742,-1.23715854368445,0.21996822279876,0.438209318840736,-5.90000612177269,"EN2"
"X80199_at",-0.104694038897291,10.5815407930047,-1.23692756912146,0.220053467631906,0.438209318840736,-5.90028512402522,"CASC3"
"X16135_at",-0.147029694026168,11.3113304897404,-1.23691685617572,0.22005742200166,0.438209318840736,-5.90029806335534,"HNRNPL"
"Z25535_at",-0.208571550742947,8.05188020096772,-1.23625007478699,0.2203036472055,0.438577129552642,-5.90110320508485,"NUP153"
"X76383_at",0.0949116445153004,6.31999814184136,1.23592756073257,0.220422815685318,0.438651989783786,-5.90149249302993,"EDDM3A"
"U09412_at",-0.122613148652709,8.37257080863202,-1.23581528661468,0.220464311880391,0.438651989783786,-5.90162798973631,"ZNF134"
"M32405_at",-0.169878102382196,12.7862160232807,-1.23556714573248,0.220556044328451,0.438712064737033,-5.90192741379996,"RPS15"
"M62400_at",-0.179107015361581,6.35042161707013,-1.23515609028915,0.220708064312024,0.438891991765807,-5.90242329508846,"GABRR1"
"HG2239-HT2324_r_at",-0.332952371603042,8.80141390042257,-1.23370044912657,0.221247018291651,0.439841046681868,-5.90417805203018,NA
"Z83742_at",-0.314070398792815,7.37063453155801,-1.233011177594,0.22150255798915,0.440207496481519,-5.90500826802054,"H2AC13"
"L29218_at",-0.189935922768944,8.87415487318824,-1.23273102281291,0.221606483901836,0.440207496481519,-5.90534558260268,"CLK2"
"M29960_at",-0.14071899226477,7.61216915883189,-1.23269210747107,0.221620922714437,0.440207496481519,-5.90539243200359,"NR2C1"
"L16895_at",0.16282452559216,7.29554834846051,1.23251989566274,0.221684826955,0.440207496481519,-5.90559973732901,"LOX"
"L38933_rna1_at",0.230566568323368,7.27863731634583,1.23225203324249,0.221784251932885,0.440207496481519,-5.90592212986549,"PSMC3IP"
"U01923_at",-0.216052607925011,8.32275287733552,-1.23220465431029,0.221801841402948,0.440207496481519,-5.90597914697506,"HNRNPH2"
"U77846_rna1_s_at",0.231732887728191,8.30208759980659,1.23072429866575,0.222351938570459,0.441176445886112,-5.90775958870437,"ELN"
"U37248_at",0.397680407080006,7.2465273673467,1.23044973818188,0.222454074193885,0.44120464506006,-5.90808958031309,"MAN2C1"
"X96506_s_at",0.136625965426731,10.4872536948179,1.23035337713808,0.222489928319668,0.44120464506006,-5.90820537898837,"DRAP1"
"M83088_at",-0.15559502362998,9.54316095627857,-1.22975303848409,0.222713398096227,0.441524976370413,-5.90892662010078,"PGM1"
"U52153_at",0.130089423023538,6.42019119942043,1.22928947301047,0.222886067638211,0.441744447092801,-5.90948331225073,"KCNJ6"
"U06631_at",-0.278708453999249,8.85579067192253,-1.22890612243826,0.223028932460499,0.441904741387131,-5.90994352289673,"DCAF8"
"J02963_at",-0.169789234597773,7.54945428026717,-1.2280167431552,0.223360638586755,0.442439008748256,-5.9110106885725,"ITGA2B"
"AB000468_at",-0.417508622630796,8.39639652094904,-1.22754022573323,0.22353851036768,0.442668344558664,-5.91158215667416,"RNF4"
"U88892_at",0.268614462580175,5.11701074568117,1.22713120631177,0.223691269313513,0.44284783641656,-5.91207250748289,"TNC"
"X95592_at",-0.21385985545524,7.25976391378425,-1.22655125825937,0.223907996583301,0.443153556692666,-5.91276750651108,"C1D"
"X07024_at",0.119612836948457,8.56685474151144,1.22599832052341,0.224114772712909,0.443153556692666,-5.91342984341301,"TAF1"
"U40372_at",-0.158891167434432,3.6286797970596,-1.22592270869762,0.224143059271977,0.443153556692666,-5.91352039283228,"PDE1C"
"M87503_at",0.186452680954869,10.2278734305376,1.22578288736152,0.224195373618862,0.443153556692666,-5.91368782264342,"IRF9"
"M62843_at",-0.253577160645009,4.70383719415635,-1.22574846124834,0.224208255563321,0.443153556692666,-5.9137290435674,"ELAVL4"
"S74683_at",0.218186170177507,7.07902228326123,1.22572063772216,0.224218667273173,0.443153556692666,-5.91376235791561,"ART1"
"D38555_at",-0.348168635702232,7.8323446634981,-1.22487686381562,0.224534579460201,0.44365493818508,-5.91477230145466,"SEC24C"
"U79259_at",-0.247187010191803,8.87345162955313,-1.22448720022865,0.224680580522401,0.443820409682516,-5.91523847871256,"AHDC1"
"D79999_at",0.138970929725319,9.69688160915098,1.22425352067963,0.224768169920198,0.443870438604181,-5.91551797492169,"PARP4"
"U34360_at",-0.264414160513335,5.07295069140356,-1.22314021096338,0.225185810306893,0.444572041450524,-5.9168488643152,"AFF3"
"U58032_at",-0.178666305369187,7.11812169488244,-1.22267248534928,0.225361438742673,0.444700136881364,-5.91740765333376,"MTMR1"
"M27691_at",-0.188271861041641,6.81703791258627,-1.22253947583813,0.2254114013193,0.444700136881364,-5.91756652156092,"CREB1"
"L48692_at",-0.119030963619162,6.46570117394543,-1.22243578994357,0.225450354617044,0.444700136881364,-5.91769035379083,"PNO1"
"X98263_at",-0.167020448695551,7.93165735001934,-1.22230310476645,0.225500209682442,0.444700136881364,-5.91784880521133,"MPHOSPH6"
"Z29066_s_at",-0.152884652222267,6.8373540190466,-1.22034973209305,0.22623509887477,0.446026001072521,-5.92017959500837,"NEK2"
"HG1728-HT1734_at",0.187208377289736,5.43299862374243,1.22008425246241,0.226335110909767,0.44602704539367,-5.92049609265287,NA
"X73608_at",0.221193206944736,6.79277180616115,1.2198404436163,0.226426987436562,0.44602704539367,-5.92078669676487,"SPOCK1"
"HG2479-HT2575_at",-0.189229958451177,5.42836726164231,-1.21969978958501,0.226480003621338,0.44602704539367,-5.92095432177024,NA
"X75546_at",0.241758544309918,7.63171052725066,1.21968417630959,0.226485889230619,0.44602704539367,-5.92097292781,"FMOD"
"HG3214-HT3391_at",-0.122553844390506,14.3850684633829,-1.21924234901113,0.226652487432383,0.446231864928323,-5.92149935014457,NA
"U37143_at",-0.138375748434011,6.77216894539253,-1.21824449901782,0.227029071269484,0.446849875505288,-5.92268758126164,"CYP2J2"
"L05606_at",-0.179429772921049,4.3570079660569,-1.2169245553166,0.227527910934078,0.447695953771661,-5.92425792431005,"MYBPH"
"L18920_f_at",0.121435408255133,6.79958750953399,1.21677486456428,0.227584533099804,0.447695953771661,-5.92443590892447,"MAGEA2"
"L11573_at",-0.114837875571277,6.37691800982274,-1.21642199043572,0.227718052156593,0.447835032779132,-5.92485539854504,NA
"D29641_at",-0.157598061208927,7.55764704671841,-1.21567381925649,0.228001330493801,0.448268473549451,-5.92574442297847,"MTREX"
"L11695_at",0.162099611098477,6.10061893467456,1.21506811623861,0.22823085404405,0.448501523265601,-5.92646377311537,"TGFBR1"
"AFFX-HUMRGE/M10098_M_at",-0.933771500839953,7.59136617197157,-1.21502897912523,0.228245690336317,0.448501523265601,-5.92651024162816,NA
"HG4662-HT5075_at",-0.469634430195516,6.22263292083227,-1.21447183385508,0.228456971776135,0.448792987542592,-5.92717159888058,NA
"L12711_s_at",0.315804713987694,10.8901457114823,1.2136586136748,0.228765617406871,0.449275505921097,-5.92813640619966,"TKT"
"X16260_s_at",-0.255761622750288,6.77942870635058,-1.21297246229346,0.229026271524856,0.449550185324146,-5.92894997604937,"ITIH1"
"M74297_at",0.22781010777032,6.84394055384425,1.2129584426408,0.229031599536723,0.449550185324146,-5.92896659454988,"HOXA4"
"D83017_s_at",-0.175149159958688,6.53591655840224,-1.21276477906741,0.229105208419583,0.449570886546437,-5.92919613901452,"NELL1"
"D90276_at",0.144349212538321,9.04731775289781,1.21235989515373,0.22925915478459,0.449749178442307,-5.92967592383831,"CEACAM4"
"X02612_at",-0.15728600361119,6.85765511171654,-1.21210805269838,0.229354949085391,0.449813323804609,-5.92997427792915,"CYP1A1"
"U11870_rna1_at",-0.276732345378313,6.91220166261363,-1.21150800627893,0.229583308216086,0.450040330465134,-5.9306849043625,"CXCR1"
"U92458_at",0.0940911374882294,6.31463001845706,1.21146993880548,0.229597801087054,0.450040330465134,-5.9307299757324,"GRM7"
"D87451_at",0.198207815981146,10.3791738697175,1.21128299465294,0.229668983233521,0.450040330465134,-5.93095129532557,"RNF10"
"U90908_at",0.297586282019438,5.96663822511664,1.2111406088414,0.229723209785752,0.450040330465134,-5.93111984115263,"ARHGAP22"
"Z22548_at",-0.736337537113458,6.90559652206799,-1.21073828775828,0.229876480939458,0.450216877092692,-5.93159597636581,"PRDX2"
"U81554_at",0.280660661022953,8.11170842052911,1.21048650182958,0.229972440885567,0.450281112626533,-5.93189388035609,"SRP72"
"L32831_s_at",0.171188278052481,9.7321417606945,1.20969404218387,0.230274650621313,0.450749034673076,-5.93283110159224,"GPR3"
"M37075_at",0.330352484108965,6.73955635731656,1.20831841875014,0.230799937799356,0.451653240892563,-5.93445661572295,"MYL4"
"HG4716-HT5158_at",-0.246481820293312,8.90288944501543,-1.20808594414211,0.230888794909495,0.45170313361959,-5.93473114536211,NA
"D64015_at",0.155895338804754,7.67693425693464,1.20785120899232,0.230978541219249,0.451754738093835,-5.9350082930049,"TIAL1"
"X05153_rna1_at",0.359148828117292,6.46096910797753,1.20589047267341,0.231729177943447,0.453098548973898,-5.93732127913356,"LALBA"
"D64110_at",0.321999098024534,9.05802583838,1.20514638973937,0.23201450048194,0.453426938862216,-5.93819809312082,"BTG3"
"S68287_at",0.109750365748383,5.81543577441692,1.20512075856865,0.232024333422551,0.453426938862216,-5.93822828717068,"AKR1C4"
"M29994_s_at",0.126596920880017,8.18807147192573,1.20479851223341,0.232147983229089,0.453544251148307,-5.93860784739516,"SPTA1"
"M96684_at",-0.18393840875173,4.79858717639743,-1.20276932788682,0.232927702475462,0.45494290162947,-5.94099569680151,"PURA"
"M87284_at",-0.123702089135685,8.89917957132497,-1.20222695491593,0.233136431375458,0.455134640850756,-5.94163328105697,"OAS2"
"M59465_at",-0.4114091855756,10.3462811750593,-1.20160794291639,0.233374819709713,0.455134640850756,-5.94236062038082,"TNFAIP3"
"D38128_at",-0.371109408527429,3.62942358140745,-1.20153124227508,0.233404370248007,0.455134640850756,-5.94245071860125,"PTGIR"
"HG4542-HT4947_at",-0.141531021279295,13.2548713017691,-1.20151651283198,0.233410045386212,0.455134640850756,-5.94246802025708,NA
"U14970_at",-0.158698444028968,14.035048499693,-1.20148845473456,0.233420856225998,0.455134640850756,-5.94250097759544,"RPS5"
"X80200_at",-0.16171367427906,10.6275871069053,-1.20142019994754,0.233447156441519,0.455134640850756,-5.94258114730362,"TRAF4"
"M86528_at",0.201961527190623,6.58010884533245,1.20135373098155,0.23347277059773,0.455134640850756,-5.9426592152425,"NTF4"
"S77361_at",0.130553284591837,6.82943011034511,1.20085698657047,0.233664257981869,0.455383404907803,-5.94324251118597,NA
"AC000062_at",0.0720613122788833,6.34442736049272,1.20040046233493,0.233840341264712,0.45560202046355,-5.94377837468594,"FRY"
"M62486_at",0.0976970927141272,7.65388633392399,1.19857585432669,0.234545058409552,0.456850197104289,-5.94591812589618,"C4BPA"
"U72209_at",-0.163037507673132,7.90508920899106,-1.19796844221107,0.23477999903784,0.457138772438802,-5.94662975523433,"YAF2"
"S62696_s_at",-0.141026313845435,5.53352705914636,-1.19786129657386,0.234821459485326,0.457138772438802,-5.94675524850074,"CR2"
"S82240_at",0.162140659744029,6.20935037870763,1.19691545514569,0.235187686259509,0.457726730915653,-5.94786258796531,"RND3"
"HG3319-HT3496_s_at",-0.0734384154468941,8.97901259805865,-1.1966954820658,0.235272918240922,0.457767640321924,-5.94811999993394,NA
"HG721-HT4828_s_at",-0.200501664426483,8.41036579211826,-1.19610708183165,0.235501012694224,0.458086417325272,-5.94880832097179,NA
"L10405_at",0.172384746152509,6.99642180779637,1.19587237942741,0.235592040064187,0.458138476164099,-5.94908278923252,NA
"L10381_at",-0.119688322014047,5.94668349543823,-1.19549474823362,0.235738554498285,0.458265262711946,-5.94952429418381,"RNASEL"
"S79873_s_at",0.204535155095248,7.7668062465017,1.19532441421391,0.235804662706543,0.458265262711946,-5.94972339518655,"LAMP2"
"HG3236-HT3413_f_at",0.255336727959024,10.3790670999897,1.19503980364399,0.235915152566664,0.458265262711946,-5.95005601156709,NA
"L40388_at",0.186154525118412,6.66771795961804,1.19499998855907,0.235930612326954,0.458265262711946,-5.95010253626833,"COPS2"
"D86984_at",0.120035687988237,5.27403942770118,1.19487629023277,0.235978647694705,0.458265262711946,-5.9502470706633,"LRRC8B"
"HG4458-HT4727_at",0.112603788924369,5.94534370092742,1.19423586361595,0.236227455375605,0.458623510177747,-5.950995142421,NA
"U42359_at",-0.115712654569867,6.48568700943487,-1.19386487623121,0.236371671677875,0.45871661409452,-5.95142831030951,"TUSC3"
"L10615_s_at",0.305095532648263,10.0566684135589,1.1937814748341,0.236404101582728,0.45871661409452,-5.95152567264759,"CSN2"
"V00571_rna1_at",0.101252004836186,6.72245739921197,1.19240582084586,0.236939475927975,0.459630346636879,-5.95313066020863,"CRH"
"Z17227_at",-0.231177874109135,7.89619617534084,-1.19121168278002,0.237404916834491,0.460359855187458,-5.95452242903562,"IL10RB"
"U70439_s_at",-0.178566069773613,12.0157364242231,-1.1911097215095,0.237444688949963,0.460359855187458,-5.95464120284727,"ANP32B"
"X54232_at",-0.351571669667036,8.55952302228229,-1.19035241365801,0.237740242984236,0.460674935158162,-5.95552307834315,"GPC1"
"Y07827_s_at",-0.113379735911419,6.04250776531671,-1.19023896626507,0.237784540849533,0.460674935158162,-5.95565513996442,"BTN3A1"
"M25753_at",-0.16580175689039,7.33835086834887,-1.18993399781834,0.237903651534775,0.460674935158162,-5.95601008704567,"CCNB1"
"D89377_at",0.247001646748016,7.66339691539861,1.18987199298832,0.237927873849149,0.460674935158162,-5.95608224261093,"MSX2"
"X17576_at",-0.148059303714822,6.75666505148985,-1.18986578180651,0.237930300358024,0.460674935158162,-5.95608947041853,"NCK1"
"HG2936-HT3080_at",-0.162479786541272,6.98071185990866,-1.18929392708911,0.238153782006217,0.46098243603647,-5.9567547689977,NA
"U09953_at",-0.115523494903739,13.7947757300275,-1.18905410136599,0.238247551244888,0.461038760267321,-5.95703369188515,"RPL9"
"U83600_at",-0.344546187615527,4.46334713301327,-1.18859685134328,0.238426404704976,0.461259657840373,-5.95756533440158,"TNFRSF25"
"U85611_at",0.226338403835431,9.34321976769636,1.1875842223466,0.238822839001423,0.461879967678588,-5.95874201355824,"CIB1"
"L20860_at",0.161828735938552,6.61511637605933,1.18744693448878,0.238876622363719,0.461879967678588,-5.95890146838264,"SEPT5-GP1BB"
"L48513_at",0.188962822619516,6.61715441447161,1.18698477976384,0.239057738410223,0.462104831108048,-5.95943811389517,"PON2"
"D26561_cds3_at",0.111205229650535,6.47933784781212,1.18641729557286,0.23928026772734,0.462409603856928,-5.9600967912178,NA
"X14767_at",0.288846621580941,7.08394394279566,1.18613198392059,0.239392204168378,0.46250054837842,-5.96042783721688,"GABRB1"
"U60062_at",-0.275231122462922,7.07059785330479,-1.18558695127742,0.239606141805932,0.462788454330666,-5.96106002359615,"FEZ1"
"L38503_at",-0.145161982525852,7.70151030192273,-1.18463017268205,0.239982031698082,0.463388923070321,-5.96216912046553,"GSTT2"
"U83192_at",0.187886185295175,7.89891374405002,1.18351227100698,0.240421759173563,0.464112299254896,-5.96346389997372,"DLG4"
"S78693_f_at",0.119703770067452,6.66634493275059,1.18294362680389,0.240645657975177,0.464418758988911,-5.96412206559515,"CREB1"
"U36221_at",0.248622105059484,8.82312717158097,1.18191250882522,0.241052034135894,0.465077118093312,-5.96531473589695,"GP2"
"X66894_s_at",0.098791535139247,9.19776244767997,1.18141360761512,0.241248834117272,0.465330881607693,-5.96589144419227,"FANCC"
"M74096_at",0.124762005172813,7.18270710859002,1.18119126728923,0.241336577180486,0.465374211176545,-5.96614838456274,"ACADL"
"D14812_at",-0.156028562759374,11.1880897990644,-1.18102277898381,0.241403083671264,0.465376577472266,-5.96634306160747,"MORF4L2"
"X99050_rna1_at",0.131478941746897,7.39195519745317,1.18085228765564,0.241470394205779,0.465380492104082,-5.9665400258143,"UVRAG"
"M79462_at",0.200406425945543,7.84440573519387,1.17994381212139,0.241829290650073,0.465807180155622,-5.96758910271049,"PML"
"AFFX-PheX-3_at",-0.172125434184262,6.39675917145869,-1.17992519278363,0.241836650288587,0.465807180155622,-5.96761059556942,NA
"X98001_at",-0.168164583046472,8.59474660015778,-1.17979577963866,0.241887807677951,0.465807180155622,-5.96775997201995,"RABGGTB"
"U45973_at",0.171338267510034,9.81249647408356,1.17803189081011,0.242585852899941,0.46702526203718,-5.96979438691229,"INPP5K"
"Y00097_s_at",-0.207760907985296,9.40342926031067,-1.17774287335252,0.242700367005715,0.467119577857382,-5.97012745143142,"ANXA6"
"U59321_at",-0.404277522002312,8.13250085664785,-1.17728959195368,0.24288004366254,0.4672058523889,-5.97064965577608,"DDX17"
"M69066_at",0.17822535473381,12.3033790103332,1.17716382143084,0.242929914872377,0.4672058523889,-5.97079451584056,"MSN"
"U10689_f_at",0.353469442727518,6.83147490183805,1.17713385006316,0.2429418003655,0.4672058523889,-5.97082903408678,"MAGEA5P"
"M37763_at",0.118545075392561,6.76570459200838,1.17647787912416,0.243202037731962,0.467580185272696,-5.97158430884077,"NTF3"
"HG2668-HT2764_at",0.101127517436403,9.1901309752375,1.1757613449891,0.243486530197932,0.468000936581574,-5.97240885209885,NA
"X07496_at",0.226258894529732,5.68730879571277,1.17527983122761,0.243677844270183,0.468204087252563,-5.97296267679922,"APOA1"
"U34252_at",-0.301075370291141,8.14792922693571,-1.17516477222839,0.243723575227137,0.468204087252563,-5.97309498236999,"ALDH9A1"
"J00210_rna1_at",0.178732236661332,6.01494782214548,1.17435061779752,0.244047342071281,0.468699757981185,-5.97403081685048,"IFNA1"
"U36500_at",-0.272678611184697,6.02427241199762,-1.17406456434472,0.244161170814575,0.46879207830248,-5.97435947443136,"SP140"
"M86917_at",0.162645239521512,7.56497613912654,1.17361671428662,0.244339459398399,0.468916974764701,-5.97487387144019,"OSBP"
"D55640_at",0.282034351148237,8.71131621459506,1.17357072576694,0.24435777265407,0.468916974764701,-5.97492668279211,NA
"U17969_at",0.54760682636252,8.68015370196608,1.17306388862332,0.244559667262923,0.469166786786953,-5.97550858206676,"EIF5A"
"M25079_s_at",-0.723881441312599,12.985195897611,-1.17291355493643,0.244619574482691,0.469166786786953,-5.97568113351051,"HBB"
"U86755_s_at",-0.194730380980572,6.65271956618442,-1.17238192617699,0.244831510189215,0.46935481174819,-5.97629116072218,"ADAM17"
"U21936_at",0.122125974948244,6.91954546939365,1.17233735681996,0.24484928389557,0.46935481174819,-5.97634229055636,"SLC15A1"
"M64934_at",0.203192490188602,8.17496234553115,1.17165071533747,0.245123224784751,0.469711254097084,-5.97712976714322,"KEL"
"M69225_at",-0.124193398563193,6.00841112512542,-1.17154103053338,0.24516700469845,0.469711254097084,-5.97725551830724,"DST"
"AB002366_at",-0.133919965194853,6.31093471374081,-1.17125620749031,0.245280715944433,0.469802854370732,-5.97758200859967,"ECPAS"
"L40396_at",0.0881142591106006,6.47492550736732,1.17066884612218,0.245515330195083,0.469960321614003,-5.97825505474982,"YLPM1"
"X85133_at",0.17234163975901,6.4885880927221,1.17060107648015,0.245542410274326,0.469960321614003,-5.97833268977104,"RBBP6"
"U37546_s_at",0.153882025037652,6.50784998907406,1.17050810383609,0.245579564702226,0.469960321614003,-5.97843918961182,"BIRC3"
"L02321_at",-0.315891648636675,6.87692747845885,-1.1703039219028,0.245661175544782,0.469960321614003,-5.97867305072462,"GSTM5"
"L42451_at",-0.219225880439527,8.8329592466919,-1.17022546382601,0.245692540139625,0.469960321614003,-5.97876290274939,"PDK2"
"U27516_s_at",-0.21513786340941,6.49663823065726,-1.16987388454805,0.245833123534318,0.470078589832063,-5.97916546833552,"RAD52"
"HG2743-HT2846_s_at",-0.127558873341706,6.29825475723201,-1.16961872526837,0.245935188219385,0.470078589832063,-5.97945755808288,NA
"X51466_at",-0.162254523679419,13.5028860508145,-1.1695762364505,0.245952186852798,0.470078589832063,-5.97950619055988,"EEF2"
"S65583_rna1_at",0.147092637836719,9.20208800338584,1.16882954134856,0.246251056686119,0.470473674290799,-5.9803605762064,"ACRV1"
"Z49835_s_at",0.228297584797975,9.67646888565811,1.16861315954098,0.246337713513887,0.470473674290799,-5.98060806704447,"PDIA3"
"D14530_at",-0.0987899929522023,14.0533513519225,-1.16856529822396,0.246356884012843,0.470473674290799,-5.98066280338391,"RPS23"
"D85433_at",-0.183453717500436,7.35602435414319,-1.16791209303749,0.246618627210528,0.470847400477734,-5.98140962223143,"COMMD1"
"U44060_at",-0.101536570884982,5.7361623244991,-1.16757861289049,0.246752331331393,0.470860350358639,-5.98179073981804,"PROX1"
"AB000905_at",-0.132352486616139,7.25470002418675,-1.16756570597872,0.246757507215581,0.470860350358639,-5.98180548836775,"H4C9"
"AJ001421_at",0.197353014324934,9.60753034412334,1.16732861480344,0.246852598490719,0.470915754519757,-5.98207638124671,"RER1"
"U81375_at",0.196548568110058,8.81472285760663,1.16693141261237,0.247011964946924,0.471093712709101,-5.98253009318552,"SLC29A1"
"X59727_at",-0.260627110812288,6.38905553576785,-1.16670123248822,0.247104352042084,0.471143868870825,-5.98279295286252,"MAPK4"
"M80783_at",-0.135338134218996,7.29456630091055,-1.16644255847676,0.247208205160353,0.471215854167956,-5.98308829222064,"TNFAIP1"
"X87344_cds10_r_at",-0.571360265517809,8.94847396445623,-1.16600204114137,0.247385136996877,0.471300922456644,-5.98359110484803,"HLA-DQB1"
"AFFX-HSAC07/X00351_3_st",-0.252831759621609,10.3795877824659,-1.16580858313481,0.247462867135954,0.471300922456644,-5.98381186271146,"ACTB"
"U85267_at",-0.218331704372036,6.89638626982513,-1.16561909432959,0.247539019391717,0.471300922456644,-5.98402805705973,"RCAN1"
"X75208_at",-0.191203447186576,8.85553558652391,-1.16560120596807,0.247546209277937,0.471300922456644,-5.98404846476329,"EPHB3"
"S61953_at",-0.279624395791823,7.10880653645394,-1.16550871805815,0.247583385411717,0.471300922456644,-5.98415397357576,"ERBB3"
"U31384_at",-0.300520134136107,7.85042617239953,-1.16530301880428,0.247666081901952,0.471332487420987,-5.98438860327278,"GNG11"
"HG4051-HT4321_at",-0.188484468282459,6.2590887536211,-1.16448258864918,0.247996112616446,0.471830439400541,-5.98532402551707,NA
"U30610_at",0.279268449018661,7.00479958437183,1.16418727823545,0.24811498263264,0.471830439400541,-5.98566057154872,"KLRD1"
"S77575_at",-0.11755990159837,6.23236903882672,-1.16415919387769,0.248126289425253,0.471830439400541,-5.98569257317975,NA
"X82850_s_at",0.425555261347611,6.46872588327516,1.16362618839544,0.248340947761777,0.472112697758323,-5.98629978256605,"NKX2-1"
"K03195_at",0.182937121473641,9.36344578329273,1.16333349367764,0.24845888165253,0.47221097502023,-5.98663311170239,"SLC2A1"
"L42243_cds1_at",0.164519635915346,7.26498394260041,1.16281687758659,0.248667136510388,0.47248081454759,-5.98722125181903,"IFNAR2"
"U55766_at",0.159875211171486,7.14965538767994,1.16177817663962,0.249086227743053,0.473092017930357,-5.98840299633371,"KRR1"
"L27050_at",0.108275477093089,5.5564242292287,1.16169072170469,0.249121536724724,0.473092017930357,-5.98850244859586,"APOF"
"X65663_at",0.110597158456113,6.22974126032054,1.16121242521419,0.24931470691352,0.473332768465109,-5.98904623163283,"SOX6"
"D12485_at",-0.155432802446562,6.57204838569996,-1.16026515070926,0.249697599112365,0.473933488837075,-5.99012256664511,"ENPP1"
"U22055_at",0.151702458714261,10.5851233142087,1.15947387682479,0.250017756487826,0.47441484854983,-5.99102099818997,"SND1"
"X16282_at",0.255392566701369,5.65846172690011,1.15811956137068,0.250566404967913,0.475329404208689,-5.99255735041983,"ZNF250"
"U53347_at",-0.210992134448173,9.50492226907735,-1.15754911080767,0.250797757503997,0.47564171674541,-5.99320395875902,"SLC1A5"
"L08485_at",0.0982753111865939,6.61893273395842,1.15695548595585,0.251038670148664,0.475971989226018,-5.99387650932443,"GABRA5"
"AB000897_at",-0.141488065378753,5.71817680483162,-1.15628730007866,0.251310039238768,0.476359816467211,-5.99463313651532,"PCDHGA12"
"U05012_s_at",0.239815290571433,5.6316926673736,1.15525304260171,0.251730492048131,0.477029951571271,-5.99580345805656,"NTRK3"
"X99140_at",-0.270956029266268,8.16742614736391,-1.15507295112093,0.251803755111594,0.477041979853987,-5.99600713870483,"KRT85"
"L06505_at",0.151800963188439,13.4839913994697,1.1539030451823,0.252280054347544,0.477755029313263,-5.99732953888103,"RPL12"
"U79256_at",-0.247455504589254,7.05842772647581,-1.15376519580489,0.252336218607097,0.477755029313263,-5.99748527151449,"ARHGAP19"
"U39487_at",-0.179081892307249,5.37399276303218,-1.1536548556225,0.252381181146549,0.477755029313263,-5.9976099132523,"XDH"
"X58022_at",0.127347087372545,5.57057131516182,1.15327183185892,0.252537303789537,0.477923663051662,-5.99804249282498,"CRHBP"
"U72517_at",0.133577098961874,10.4180342724862,1.15301844429385,0.252640623730782,0.477992305354763,-5.99832858771,"LPCAT3"
"X60221_at",-0.168442026365229,10.6840725808757,-1.15269586623342,0.252772199903308,0.478114357418595,-5.99869271654218,"ATP5PB"
"U62431_at",0.190705422838949,6.13000202102971,1.15252318286572,0.252842655639499,0.478120767123074,-5.99888760262495,"CHRNA2"
"X63657_at",0.101615936604623,7.15196519252335,1.1521351725017,0.253001016872778,0.478293357010352,-5.99932539864709,"KDSR"
"M15856_at",0.162163421342099,6.94290844684998,1.15126073071432,0.25335816706303,0.47875074057683,-6.0003115191943,"LPL"
"U15197_at",0.274998418008491,7.53408153879656,1.15121398870713,0.253377268087583,0.47875074057683,-6.00036421050542,"ABO"
"X96698_at",-0.191228228675041,7.84687653909972,-1.15060143066934,0.253627683253624,0.479003736085514,-6.00105454407697,"METTL1"
"HG1437-HT1437_s_at",0.309241174600274,5.02617006092636,1.15018995851973,0.253795992736467,0.479003736085514,-6.00151806132637,NA
"M31241_s_at",0.106224922888171,6.85993067710649,1.14993179835046,0.253901631645518,0.479003736085514,-6.00180879331699,"CR1"
"U16296_at",0.156576615506491,7.73528338289951,1.14991548280555,0.253908309001026,0.479003736085514,-6.00182716526482,"TIAM1"
"X99584_at",0.205360002407762,7.76400406144078,1.14991097005686,0.253910155925952,0.479003736085514,-6.00183224675366,"SUMO3"
"J03934_s_at",0.218002858980035,6.24246279885056,1.14990081922224,0.253914310375531,0.479003736085514,-6.00184367682422,"NQO1"
"HG142-HT142_at",-0.136416289782702,5.38306560655079,-1.1495434120158,0.254060617819145,0.479066136839303,-6.00224606345569,NA
"S58544_at",0.0866156688220121,6.86166066554546,1.14949170965503,0.254081787542349,0.479066136839303,-6.00230426253494,"SPAG1"
"M12963_s_at",-0.27967041810044,6.21108203320319,-1.14916529075343,0.254215469894099,0.479191455546016,-6.00267163971019,"ADH1A"
"X93499_at",0.206607398838954,8.05477500070231,1.14887309832403,0.254335177416899,0.479205951439513,-6.00300041043189,"RAB7A"
"M86407_at",0.166172808165586,5.92157407481475,1.14881838168735,0.254357598575834,0.479205951439513,-6.00306196784453,"ACTN3"
"D86640_at",-0.16334370378141,6.79619806527741,-1.14794554595226,0.254715449008795,0.479753351646948,-6.00404354493766,"STAC"
"J02923_at",0.284761950236861,10.3088222703858,1.14759372490938,0.254859791715942,0.479898429778909,-6.00443899384254,"LCP1"
"L38517_at",-0.287147317189397,5.81642943537964,-1.14686317538276,0.255159701931863,0.480249321403915,-6.00525976245191,"IHH"
"M26730_s_at",-0.19837691545923,10.6580080219033,-1.14668572600782,0.255232587453397,0.480249321403915,-6.00545904983198,"UQCRB"
"Y10210_at",0.101039132679846,5.42947586383744,1.14654079928841,0.255292125583041,0.480249321403915,-6.00562179005999,"CARMIL1"
"S39329_at",-0.139099171283046,5.9775958764039,-1.14648365947905,0.255315602205195,0.480249321403915,-6.00568594769463,"KLK2"
"X65727_cds2_s_at",0.188004044352446,6.74364650654788,1.14607425310723,0.255483856854667,0.480439043924273,-6.00614554655165,"GSTA1"
"M33518_at",-0.250006180755609,8.66879073064219,-1.14584466387582,0.25557824606532,0.480489798575861,-6.00640321373759,"PRRC2A"
"J00212_f_at",0.118014925902802,8.3781555891774,1.14445718242627,0.256149196765663,0.481436230883842,-6.00795931979577,"IFNA21"
"M64497_at",0.14591031066573,7.18475391749476,1.14347756820965,0.256552853657297,0.482067815952259,-6.00905689426404,"NR2F2"
"X52221_at",-0.42503943388992,5.77444757957322,-1.14277571144253,0.256842335682695,0.482484587900377,-6.00984270773356,"ERCC2"
"M58525_s_at",0.285616471374723,9.57968908528321,1.14179078735745,0.25724895940307,0.483036364983311,-6.0109446645539,"COMT"
"X98801_at",-0.123950744585942,9.65223123121148,-1.14173603355257,0.25727157775868,0.483036364983311,-6.01100589754136,"DCTN1"
"M34065_at",-0.193479771822206,6.26664054013616,-1.14109131500707,0.257538011718999,0.483409290559437,-6.0117266945434,"CDC25C"
"U51903_at",-0.213492776651471,9.14950824769536,-1.14040963609843,0.257819932185407,0.483793706261486,-6.01248838618485,"IQGAP2"
"L26081_at",-0.112162087273162,4.59715891168685,-1.14026799909549,0.257878536091127,0.483793706261486,-6.01264659287921,"SEMA3A"
"D30755_at",0.355809745225859,8.09539296327285,1.13912623332908,0.258351298887528,0.484553120170794,-6.0139212381061,"TNIP1"
"D78361_at",0.157001126037686,13.4540171202301,1.13878845066083,0.258491279604605,0.48468814631805,-6.01429809601452,"OAZ1"
"X98206_at",-0.128672323322257,6.13655660811962,-1.13837428779729,0.25866298629223,0.484882574093428,-6.01476002274787,NA
"D14497_at",0.0824066944724926,6.44448274885064,1.13811554018728,0.258770300713825,0.484956223393495,-6.01504852848813,"MAP3K8"
"L37936_at",-0.190044310642913,8.40815321422038,-1.13735376254404,0.259086427398012,0.485421062002741,-6.01589754953917,"TSFM"
"M80397_s_at",-0.387572213456545,7.98658206322284,-1.13657793951075,0.259408663248513,0.485897099395336,-6.01676166080531,"POLD1"
"L33798_at",-0.173222136393778,4.3151652037847,-1.13579710870238,0.259733264968899,0.486377317037899,-6.01763077527897,"CACNA1S"
"D87682_at",0.193018038481777,6.39762613022056,1.13396974571154,0.260494045432224,0.487673857638216,-6.01966249404305,"AVL9"
"S82592_at",0.0985662070969626,6.66972575658809,1.13356222509999,0.26066392160298,0.487767888410279,-6.02011515755834,"MECOM"
"L34363_s_at",0.0999871566813173,5.97464063818022,1.13352099454477,0.260681113037335,0.487767888410279,-6.02016094666217,"ATRX"
"U40992_at",-0.188825925593173,6.43679276740286,-1.13309062862291,0.260860605589676,0.487975664457832,-6.02063879891848,"DNAJB4"
"U14407_at",0.0819583050140444,6.45853317354383,1.13268578514494,0.261029533117822,0.488163573346525,-6.02108815274348,"IL15"
"X14885_rna1_s_at",0.108632593639991,6.08775057793312,1.13141000878135,0.261562376483903,0.489031781262455,-6.02250318008831,"TGFB3"
"U66033_at",0.101524567822763,6.10595031766684,1.13091447554132,0.261769548654856,0.489196541538915,-6.02305238575729,"GPC5"
"K03460_at",0.240609181391937,10.0807910252837,1.13075752001929,0.261835192629933,0.489196541538915,-6.02322629309354,"TUBA3C"
"U51003_s_at",0.277166058028043,4.13295585763794,1.13070691045519,0.261856361693435,0.489196541538915,-6.02328236372242,"DLX2"
"S79281_at",0.143011824352913,6.27988792437664,1.13024881766806,0.262048028509817,0.489337744206532,-6.02378977717615,"RNASE1"
"M14338_at",0.143061753554092,5.6264286766169,1.13019817077109,0.262069225330416,0.489337744206532,-6.02384586479871,"PROS1"
"X51954_at",0.137101567497307,6.40140005822369,1.12969058034899,0.262281729659843,0.48960629765515,-6.02440784894952,"UCP1"
"M97388_at",0.162680642215197,7.71829946393666,1.12903275015645,0.262557313019326,0.489888823414792,-6.02513581010369,"DR1"
"D86988_at",-0.13864812110053,10.1336831880583,-1.12900125103561,0.262570513994658,0.489888823414792,-6.02517065706176,"UPF1"
"L36844_at",0.166412333120175,7.31431792881,1.1285039004055,0.262779010809149,0.490149546849405,-6.02572074346648,"CDKN2B"
"U09770_at",0.506349784454256,9.14841721150247,1.12818251930012,0.262913800598816,0.490265290185269,-6.02607607725205,"CRIP1"
"D63412_at",0.120735769688137,6.64863398171094,1.1280280484136,0.262978604245822,0.490265290185269,-6.02624683262835,"AQP4"
"J03069_rna1_at",-0.142264265160311,10.7329458274249,-1.12686053058745,0.263468765416455,0.491050674157885,-6.02753670140631,NA
"HG3884-HT4154_at",-0.343603752960849,6.40956141021507,-1.12474398405965,0.26435899854074,0.492581103135634,-6.02987176496209,NA
"M24351_cds2_at",0.148665802691295,7.03204999912278,1.12438078653768,0.264511974259637,0.492581202824045,-6.03027203371622,NA
"M60298_at",0.283489040505073,6.88116422321773,1.12435019388632,0.264524862468219,0.492581202824045,-6.03030574323097,"EPB42"
"D13638_s_at",0.0962176724909938,6.02734569874238,1.12411597062441,0.264623551726968,0.492581202824045,-6.03056380045452,"ARHGAP11A"
"M24594_at",0.277174663981811,7.27518403118313,1.12408777480584,0.264635433695623,0.492581202824045,-6.03059486190673,"IFIT1"
"M91556_s_at",-0.105271529608288,6.58464240962909,-1.12367601760118,0.264808994599946,0.492690300751276,-6.03104838163209,"SCN7A"
"X99886_s_at",0.104000356056654,6.99261769962884,1.12362082007143,0.264832267145306,0.492690300751276,-6.03110916538156,"CCL8"
"U34605_at",-0.110582460130073,7.42366489779418,-1.12261214602934,0.265257800594263,0.493317500354539,-6.03221941364765,"IFIT5"
"HG3415-HT3598_at",-0.201851629949015,7.14210422057833,-1.12249370664408,0.265307798619624,0.493317500354539,-6.03234971679541,NA
"K03498_xpt1_s_at",0.156336477317913,8.31963401411093,1.12170001440347,0.265643018964619,0.493812016218713,-6.03322256850157,"ERVK-4"
"D55643_s_at",0.151037408741242,6.99288584363805,1.12105099354159,0.265917357675771,0.494068735743226,-6.03393587678376,NA
"U48263_at",0.139610109361103,8.80845497355056,1.12094200829291,0.2659634448484,0.494068735743226,-6.03405561824212,"PNOC"
"X76104_at",0.124534813500684,8.77299597630668,1.12088150691313,0.265989031811264,0.494068735743226,-6.03412208590263,"DAPK1"
"U15085_at",-0.270430630344922,10.3033615782445,-1.12033260307524,0.26622125069387,0.494371267568793,-6.03472496099812,"HLA-DMB"
"HG3063-HT3224_at",-0.11566092619907,4.89946012724966,-1.11976676368051,0.266460783338109,0.494569491145968,-6.03534613828985,NA
"L20826_at",0.171586387912801,7.37630129802151,1.11975268840114,0.266466743651517,0.494569491145968,-6.03536158623816,"PLS1"
"U02566_s_at",-0.354050919733926,6.86284839946393,-1.11801307896813,0.267204119053444,0.495717935287566,-6.03726940413382,"TYRO3"
"X02956_at",0.091696699708864,6.79363128328132,1.11796485758142,0.267224579227117,0.495717935287566,-6.0373222473895,"IFNA5"
"U32581_at",-0.1899028300949,7.54350650391791,-1.1172659051694,0.26752126586364,0.495965876823948,-6.03808794495377,"SMG1"
"X86019_at",-0.118905364256535,6.85650777013607,-1.11720989134314,0.267545052234987,0.495965876823948,-6.03814928769396,"WIPF1"
"Z84718_cds1_at",-0.168028941856434,3.27650965760819,-1.11715833605,0.267566946593478,0.495965876823948,-6.03820574510971,"GSTT1"
"HG1327-HT1327_s_at",0.124016117474585,6.53661042339304,1.1167832791383,0.267726262551057,0.496120978703502,-6.03861638846031,NA
"X80198_at",-0.336745316739114,7.98441443622257,-1.11656854758491,0.267817505755579,0.496120978703502,-6.03885143437408,"STARD3"
"M60094_rna1_at",0.148853560680339,6.57040971134285,1.11623565135971,0.267959002311959,0.496120978703502,-6.03921573743406,"H1-6"
"U85707_at",0.226777785531259,6.4329607849766,1.11621600454466,0.267967354770578,0.496120978703502,-6.03923723453292,"MEIS1"
"U05255_s_at",0.842668536961673,5.67608987348487,1.11614255574394,0.267998581706717,0.496120978703502,-6.03931759730499,"GYPB"
"HG2367-HT2463_s_at",0.164182102769135,6.69893170079502,1.11551994824869,0.268263387290725,0.496482265834781,-6.0399986076337,NA
"Z83821_cds2_at",0.662645317453639,7.9361908693093,1.11332994319911,0.269196290909608,0.498008822219821,-6.0423911261187,"ALAS2"
"M32879_s_at",-0.270960644240219,7.47431800637996,-1.11325573436408,0.269227942325037,0.498008822219821,-6.04247211759228,"CYP11B1"
"HG2264-HT2360_at",0.165538763908724,8.19142223138006,1.1130669386354,0.269308478882287,0.498028572231341,-6.04267814560793,NA
"D30036_at",0.157980928668559,8.51719151353302,1.11264775631974,0.269487354159485,0.498230121318197,-6.04313546798292,"PITPNA"
"M90657_at",-0.169266602434572,5.7774836507587,-1.11216756240155,0.269692366793054,0.498314950444022,-6.04365914864808,"TM4SF1"
"D79995_at",0.17191076667603,7.50870909335706,1.11192433412415,0.269796251638217,0.498314950444022,-6.04392432052657,"TTLL4"
"M69238_at",0.199241045156284,6.80911732310912,1.11162801112976,0.269922851534003,0.498314950444022,-6.04424730149339,"ARNT"
"L13939_s_at",-0.17446339404202,10.3818793227424,-1.11158395187529,0.269941678790849,0.498314950444022,-6.04429531732668,"AP1B1"
"X15882_at",0.191444093897901,7.75663901416248,1.11157635650712,0.269944924511678,0.498314950444022,-6.04430359458301,"COL6A2"
"M74542_at",-0.235757853569909,4.22707948351223,-1.11155831210017,0.269952635518981,0.498314950444022,-6.04432325874066,"ALDH3A1"
"HG1728-HT1734_s_at",0.171044143260154,10.6317309995436,1.11009641101972,0.270577869361794,0.499203937592624,-6.0459153619954,NA
"HG668-HT4793_at",-0.162146257404226,5.98614303686983,-1.1098861746367,0.270667867658214,0.499203937592624,-6.04614415624202,NA
"AFFX-TrpnX-5_at",0.122192016316538,6.44353359010427,1.10988143662287,0.270669896155301,0.499203937592624,-6.04614931200447,NA
"U58091_at",-0.0967348625161337,6.83872340965776,-1.10977766929731,0.27071432497308,0.499203937592624,-6.04626222311576,"CUL4B"
"L22343_at",-0.132565400306901,7.9922417692246,-1.10909672833439,0.271006001909066,0.499576550617932,-6.04700291417523,"SP110"
"L43579_at",-0.156414363509114,7.67738777448168,-1.1089787876997,0.271056543384789,0.499576550617932,-6.04713115902981,"EOLA1"
"M60091_at",-0.130612235132515,8.65998533466944,-1.1081145528746,0.271427097786979,0.50013020938831,-6.0480704979918,"GALT"
"M20471_at",0.242412914049451,10.1342000445281,1.10791863071706,0.271511151736287,0.5001558141416,-6.04828334784543,"CLTA"
"S81737_s_at",-0.244427406658013,5.54380506630242,-1.1077022753269,0.271603993027601,0.50019758881265,-6.04851835409696,"SNTA1"
"U65404_at",0.277771290574977,6.90423821319611,1.10688965008977,0.271952900670209,0.500597303882283,-6.04940063523447,"KLF1"
"M55172_at",0.195699102677977,5.33278868058857,1.10686968830512,0.271961475373276,0.500597303882283,-6.04942230020974,"ACAN"
"U47334_at",0.122906092504181,8.187141487973,1.10619649613374,0.272250759669696,0.50100042996522,-6.05015270971825,"GABRQ"
"M93221_at",0.195590217485544,7.07712721559803,1.10592337160608,0.272368188072812,0.50108717748931,-6.05044892571425,"MRC1"
"X72879_at",0.152948008048832,7.47895849829363,1.10544926987545,0.272572109515207,0.501220242675005,-6.05096294274046,NA
"S72024_s_at",0.220260828727039,9.59866035570661,1.1054283020042,0.272581130712722,0.501220242675005,-6.05098567100642,"EIF5A"
"M27492_at",0.181209350863345,6.68111888763523,1.10525220086917,0.272656904530278,0.501230292005248,-6.05117654057463,"IL1R1"
"X74039_at",0.153255440709632,7.16489380965032,1.10424216389113,0.273091793177765,0.501834528755225,-6.05227071478242,"PLAUR"
"U67784_at",-0.145754911171427,6.6045782990824,-1.10405627995485,0.273171881394583,0.501834528755225,-6.05247197768748,"ACKR3"
"X68733_rna1_at",0.122851424414019,9.05875082979725,1.10388616502289,0.273245189888556,0.501834528755225,-6.05265613824352,"SERPINA3"
"M89796_rna1_at",0.106069572550374,6.21088767974647,1.10383517026438,0.273267167993798,0.501834528755225,-6.05271133806466,"MS4A2"
"M13699_at",0.167776643364805,6.2099792813223,1.1034947445143,0.273413918853408,0.501974717359244,-6.05307977238787,"CP"
"Z19002_at",0.342425192726194,4.56537960706604,1.10268664934678,0.273762492975324,0.502446479996467,-6.05395391370386,"ZBTB16"
"X55005_rna1_at",0.10030863395049,8.72905707714333,1.10257231733045,0.273811835430814,0.502446479996467,-6.05407754015263,"THRA"
"M83651_at",-0.176444314517139,4.91103348323486,-1.10216963781465,0.273985669882336,0.502515296944543,-6.05451285613114,"B4GALNT1"
"U82010_rna1_at",-0.0827372166080877,9.27188671721842,-1.10208708454802,0.274021317161122,0.502515296944543,-6.05460208120231,"COX10"
"Z46629_at",0.103559038852925,6.45832105617856,1.10192018255991,0.274093396891835,0.502515296944543,-6.05478245216502,"SOX9"
"M22612_f_at",0.303289059228907,5.15231679819661,1.1018195765823,0.274136851842108,0.502515296944543,-6.05489116427538,"PRSS1"
"M24899_at",-0.297442968298175,4.17925037133496,-1.10166927197696,0.274201782173414,0.502515296944543,-6.05505356150366,"THRA"
"Z24724_at",0.166746088331672,7.11664304060461,1.10014125063257,0.274862483210951,0.503596669959103,-6.05670330245635,"ATP13A3"
"U17032_at",-0.0888909483226588,6.38042582554998,-1.09959526808386,0.27509882934138,0.503785664570292,-6.05729224009775,"ARHGAP5"
"X64878_at",0.153529120177568,6.91657770173577,1.09957646720804,0.275106970426729,0.503785664570292,-6.0573125150941,"OXTR"
"X58288_at",-0.198921343240787,5.90892747861082,-1.09898053330594,0.275365106483705,0.504033858794279,-6.05795500066168,"PTPRM"
"L17418_cds2_s_at",0.131222320290438,6.03713903275569,1.09893714329902,0.275383907982005,0.504033858794279,-6.05800176694429,"CR1"
"X60992_at",-0.327244993807573,7.12707036619333,-1.09866963486104,0.275499842885859,0.504116627292938,-6.05829005138268,"CD6"
"D00591_at",-0.26943860121409,7.57630586044085,-1.09759983924447,0.275963819021181,0.504658899691032,-6.05944225398308,"RCC1"
"M21064_at",0.123824960014797,7.80877257866295,1.09740821055364,0.276046986826179,0.504658899691032,-6.05964852929401,"S100A9"
"M21494_at",-0.398125157188717,6.02317681323887,-1.09739151515894,0.276054233536598,0.504658899691032,-6.05966649910628,"CKM"
"J05556_at",0.192588057934608,7.55897792010713,1.09724170088703,0.276119267013467,0.504658899691032,-6.05982773739069,"MMP8"
"D17400_at",-0.258283090429974,6.5201559621268,-1.0971705826302,0.276150142754203,0.504658899691032,-6.05990427128188,"PTS"
"U91931_at",0.185478608223782,7.83029996172197,1.09669926990906,0.276354822238435,0.504903518128602,-6.06041135306171,"AP3B1"
"J04156_at",0.0865541932308904,6.29607288254275,1.09549671812311,0.276877538993418,0.505590065409567,-6.06170421455362,"IL7"
"AF001620_at",-0.154675814783677,6.04269325316228,-1.09546286457792,0.276892264159142,0.505590065409567,-6.06174059058935,"MYOC"
"U11292_at",-0.135221089851328,7.95688319539753,-1.0953454061832,0.276943358875629,0.505590065409567,-6.06186679259575,"PSME3"
"D16827_s_at",0.230272055196797,5.05994667709632,1.09509114016363,0.277053987734575,0.505662539313821,-6.06213994135682,"SSTR5"
"X77753_at",0.105344065413979,6.93884367664403,1.09397215919051,0.277541211467138,0.50642213886594,-6.0633412929921,"TACSTD2"
"D28915_at",0.182068759846699,8.84940480419822,1.0936283029718,0.277691051981766,0.506565892931937,-6.06371022257187,"IFI44"
"U09510_s_at",-0.117550502822107,9.23578712303518,-1.09327624455695,0.277844524964128,0.506631426608322,-6.06408783618699,"GARS1"
"U46194_at",0.158868230523899,7.80303799595548,1.09320659631203,0.277874893736637,0.506631426608322,-6.06416252611911,"MOK"
"Z70723_at",0.0769768998195222,6.32610787612219,1.09305689647771,0.277940175265135,0.506631426608322,-6.06432304682268,"PON1"
"X91247_at",-0.0975968183608895,9.95294753055663,-1.09185456194482,0.278464879199524,0.507458109359255,-6.0656115192513,"TXNRD1"
"M10051_s_at",-0.196408959598545,7.08326689675874,-1.09160197265028,0.278575197629229,0.507529410656471,-6.06588203020467,"INSR"
"L12168_at",0.128612251629088,11.2422041219014,1.09137453981146,0.278674554932597,0.507580710811059,-6.06612554799699,"CAP1"
"S77835_s_at",-0.106253707822225,5.67259791299487,-1.0908049887602,0.278923479442737,0.507904338428422,-6.06673516453509,"IL2"
"HG2380-HT2476_s_at",0.277016747018468,6.61069348177038,1.09041004433304,0.279096182042863,0.508089040292025,-6.06715771083145,NA
"X96381_rna1_at",0.184002064641496,7.82162004687182,1.08967844042698,0.279416296251656,0.508541939233611,-6.06794005387747,"ETV5"
"X52638_at",0.365876840798451,6.84828166787955,1.08928691343315,0.279587713986987,0.508708784775243,-6.06835852583769,"PFKFB1"
"AFFX-PheX-M_at",-0.115312740649046,5.52764254905828,-1.08901716002958,0.279705859438332,0.508708784775243,-6.06864675905217,NA
"D50495_at",-0.404570026377973,6.45142056982233,-1.08888943961089,0.279761809963634,0.508708784775243,-6.06878320502843,"TCEA2"
"HG1604-HT1604_at",-0.208471959981313,4.50907728603158,-1.08874243408067,0.279826218333048,0.508708784775243,-6.06894023445869,NA
"Z22970_at",-0.107499726007065,6.92991646347806,-1.08865448433267,0.279864757173306,0.508708784775243,-6.06903417144732,"CD163"
"X04571_at",0.198088734717985,6.3583377699625,1.08846285178178,0.279948741694405,0.508731730700844,-6.06923882408524,"EGF"
"X69636_at",0.11779699967631,8.3364540847897,1.08798141629254,0.280159811811796,0.508985550052572,-6.0697528159133,"HERC2P3"
"M13982_at",-0.116340847046275,4.13673839870522,-1.08740739102781,0.280411619157045,0.509179355586398,-6.07036537114041,"IL4"
"S83325_s_at",0.216032392106864,6.71765051668412,1.08731777695069,0.280450944268267,0.509179355586398,-6.07046097209721,"ASPH"
"L35269_at",-0.161480299525549,7.59385097317768,-1.08724984142151,0.280480758786335,0.509179355586398,-6.07053344113818,"ZNF35"
"M88468_at",0.129062492985636,10.8600347698474,1.08606776509069,0.280999882280171,0.509991894291073,-6.07179369892069,"MVK"
"X75346_s_at",0.299546588220777,7.70888463775736,1.08577787162913,0.281127294169616,0.510093275677065,-6.07210256307011,"MAPKAPK2"
"D17461_at",0.253611644877811,4.95475784053274,1.08444841181899,0.281712121355486,0.51102435448938,-6.07351800075043,NA
"L36151_at",-0.120387170370922,10.7158248293211,-1.08418661607466,0.281827384068614,0.511103388711561,-6.07379652934177,"PI4KA"
"X15673_s_at",0.123596229932893,9.44204782651364,1.08276430920024,0.282454163913201,0.512109800238354,-6.07530860635291,"ERV9-1"
"D16105_at",0.130491237571821,10.0594373956814,1.08197782340935,0.282801164966372,0.512462181610816,-6.0761439068235,"LTK"
"D28124_at",0.126753693538282,9.56812954924096,1.08190720513299,0.282832336485653,0.512462181610816,-6.07621887940375,"NBL1"
"L11285_at",0.189229869571966,9.85175383280591,1.08183508737007,0.282864172343745,0.512462181610816,-6.07629543903909,"MAP2K2"
"V00542_f_at",0.112972605047249,5.70421091539495,1.08082606755685,0.283309856665436,0.513139219554851,-6.07736608816026,"IFNA14"
"X14894_at",0.0836520646879535,6.21731312834322,1.08055377474395,0.283430211608411,0.51322681700695,-6.0776548464498,"MYF5"
"X99133_at",0.501351772467727,5.37993722092903,1.080062765343,0.283647329818802,0.513365763124645,-6.07817536902216,"LCN2"
"U66619_at",0.0967819352492669,3.04465037110543,1.08005454301418,0.283650966607936,0.513365763124645,-6.07818408362164,"SMARCD3"
"AF005887_at",0.187505617366797,7.03153983417795,1.07961218261442,0.283846672973626,0.513589576555578,-6.07865283343833,"ATF6"
"D86966_at",0.155238318192694,9.81733980291059,1.07860379392118,0.284293146784211,0.514266897595697,-6.07972068347024,"ZNF592"
"U20499_at",-0.175090486368896,9.77178043118523,-1.07842807963093,0.284370995576768,0.514277226653166,-6.07990666019604,"SULT1A3"
"HG3936-HT4206_at",-0.186117670189967,8.05693506160238,-1.07772560228414,0.284682369546236,0.514556431133718,-6.08064987198447,NA
"X16105_at",0.266051683942122,7.72885751282744,1.07751952481568,0.284773758283509,0.514556431133718,-6.08086781026976,"NELFE"
"U51478_at",-0.136477733737419,11.1206938399997,-1.07740103953603,0.284826311867962,0.514556431133718,-6.08099309671279,"ATP1B3"
"HG3286-HT3463_at",0.520784119717987,7.88484319382472,1.07736097820601,0.284844082395554,0.514556431133718,-6.08103545458167,NA
"U77968_at",0.453415471350668,7.14486395982402,1.07726587398249,0.284886272083713,0.514556431133718,-6.08113600460138,"NPAS1"
"AB002318_at",-0.158349910728752,9.72780372144707,-1.07657422952617,0.285193225897078,0.514980371686998,-6.08186699497831,"TLN2"
"S79267_at",-0.0953819322912226,7.95044338077564,-1.07569215808421,0.285585022793342,0.515474377091098,-6.08279858559819,"CD4"
"M65291_at",0.111251129090405,6.77650074919336,1.0755796590512,0.285635019095373,0.515474377091098,-6.08291734711366,"IL12A"
"HG2157-HT2227_at",-0.333271921395778,5.68576351434923,-1.07537331120282,0.285726738948354,0.515474377091098,-6.08313515045697,NA
"U95740_rna2_at",0.186786588723282,6.54663614635307,1.07525558207877,0.28577907763701,0.515474377091098,-6.08325939723432,"BMERB1"
"HG3115-HT3291_at",-0.162352133895171,6.59979550310985,-1.07514479366187,0.285828336743037,0.515474377091098,-6.08337630702468,NA
"L34820_at",0.128722596496191,7.65746558793967,1.07478864796569,0.285986727067666,0.515629584538541,-6.08375205174168,"ALDH5A1"
"Y08223_at",0.165523020130263,6.8873354421145,1.07286041492441,0.286845329923419,0.516920628469828,-6.08578430355523,"FOXC2"
"U41804_at",0.366680242915853,5.3376599681765,1.07285486082202,0.286847805614622,0.516920628469828,-6.08579015216901,"TMED1"
"M16364_s_at",0.187127283276601,3.9688185948018,1.07211892829051,0.287175971142149,0.517381222712252,-6.0865648487935,"CKB"
"U07681_at",-0.128149739117745,8.23990705626867,-1.07168483274147,0.287369663351659,0.517599375956032,-6.08702156819099,"IDH3A"
"HG1649-HT1652_at",0.204669865562485,10.5222659552736,1.07101212866397,0.287669999717933,0.518009453899759,-6.08772897775447,NA
"D31762_at",-0.227736766116645,7.22212736099945,-1.07019132375935,0.288036749994955,0.518538886543947,-6.08859154597664,"TRAM2"
"Y00067_rna1_at",0.102890256176678,6.68023609132999,1.0692313837489,0.288466076408687,0.519180676273044,-6.08959951583697,"NEFM"
"U60060_at",0.154192219276934,6.93534554378726,1.06833070217649,0.288869300032876,0.519775174137903,-6.09054446542221,"FEZ1"
"Z78285_f_at",0.0882698851522452,6.16771948862471,1.06778939646071,0.289111822074602,0.520037494078266,-6.09111200482635,NA
"M73047_at",-0.167835494776376,7.52018477185424,-1.06756480811106,0.289212485821342,0.520037494078266,-6.0913473957586,"TPP2"
"D13897_rna2_at",0.171072809576364,8.54282222043444,1.06751697866922,0.2892339267808,0.520037494078266,-6.09139751957496,"PYY"
"U46752_at",0.118742687592936,6.24768364801806,1.06698995442822,0.289470253315687,0.520214192995663,-6.09194968103883,NA
"M14123_xpt2_at",0.135731811884871,7.61985681492204,1.06697235806611,0.289478146109383,0.520214192995663,-6.09196811212831,NA
"L06633_at",0.242915670029313,7.08851537268183,1.06644455469089,0.289714959436327,0.52041465606478,-6.09252081625984,"CYTIP"
"U10550_at",0.104556302520782,7.15778527640053,1.06639835384181,0.289735695037328,0.52041465606478,-6.09256918416338,"GEM"
"D50925_at",-0.138307973503287,7.95301466612803,-1.06608208077391,0.289877670292829,0.520538516755058,-6.09290023751647,"PASK"
"M86934_at",-0.140730602200486,7.88335418105962,-1.06486165029148,0.290425970633802,0.5213109351809,-6.09417680989512,"PUDP"
"U37547_at",-0.244634611022986,7.69152714637947,-1.06477589893196,0.290464522734324,0.5213109351809,-6.09426645268411,"BIRC2"
"J05272_at",0.153506260485162,9.81020971370327,1.0645464466631,0.290567697177639,0.5213109351809,-6.09450628317939,"IMPDH1"
"U00921_at",0.353284533043443,8.4197332325369,1.06435638987073,0.290653176284523,0.5213109351809,-6.09470489839449,"LST1"
"Z35093_at",-0.168259977878661,9.26202579259617,-1.0643113363131,0.290673441905468,0.5213109351809,-6.09475197571392,"SURF1"
"D63878_at",0.157152777215876,10.242271065792,1.06395642569282,0.290833118803032,0.521466122723042,-6.09512276104189,"SEPTIN2"
"Z49995_at",0.132882338520753,5.42363583926693,1.06354441083552,0.291018562825374,0.521556081790716,-6.09555305448089,NA
"X60036_at",-0.114590765937505,12.0131446483319,-1.06351987104435,0.291029610515285,0.521556081790716,-6.09557867785592,"SLC25A3"
"L38969_at",0.319908820002345,6.01651199532958,1.06303844445368,0.291246404545297,0.521813424982011,-6.09608124652471,"THBS3"
"X62691_at",-0.112280332896873,14.0142844289064,-1.06260335179462,0.291442428975093,0.522033436221969,-6.09653525675867,"RPS15A"
"L05500_at",-0.168616485705376,4.74604662725547,-1.06197539683768,0.291725504154114,0.522409223590725,-6.09719019721228,"ADCY1"
"HG1827-HT1856_s_at",0.136979655663137,6.78692439360607,1.06153337917094,0.291924873899216,0.522634963844176,-6.09765098493956,NA
"U29943_s_at",0.119121474070766,6.67362090218071,1.06100735447346,0.292162256301269,0.522928627961775,-6.09819910470832,"ELAVL2"
"M15881_at",0.183745299008491,7.12889114089115,1.06052291533734,0.292380989156031,0.522988123624461,-6.09870365922231,"UMOD"
"D37931_at",0.10794549583153,7.73621326515375,1.06045932714313,0.292409708683997,0.522988123624461,-6.0987698712072,"RNASE4"
"X12556_at",0.122699843534696,5.88681490036543,1.06044633074214,0.292415578730131,0.522988123624461,-6.09878340339501,"MCF2"
"X96584_at",0.148086194205667,6.57401525641473,1.06022815646779,0.292514132920204,0.523033171203444,-6.09901054807315,"CCN3"
"D49394_at",-0.189693589156946,5.85072762227365,-1.05936960258163,0.292902181908109,0.523595700808152,-6.09990396212463,"HTR3A"
"J04162_at",0.181606127018092,7.79302370806472,1.05905049024698,0.29304650408966,0.523622688718508,-6.10023585263339,"FCGR3B"
"M75099_at",0.161653938558315,9.55100970987116,1.05885089648531,0.29313679739519,0.523622688718508,-6.10044338942762,"FKBP2"
"Y10508_s_at",0.0951219096683777,5.71341830738143,1.05859750944595,0.293251453443141,0.523622688718508,-6.10070680562683,"CARMIL1"
"M22490_at",0.118607760657634,9.71268125843527,1.05859159596585,0.293254129622541,0.523622688718508,-6.100712952435,"BMP4"
"M30269_at",0.162892968802179,7.44316794954319,1.05841166023307,0.293335568569791,0.523622688718508,-6.10089997197178,"NID1"
"HG2261-HT2352_at",-0.190422124730614,4.79261740390427,-1.05836215558501,0.293357977099414,0.523622688718508,-6.10095142013847,NA
"D88213_at",0.0952509177912226,8.45994038318284,1.05704720709729,0.293953624308203,0.524554540098418,-6.10231713858691,"AOC2"
"U79115_s_at",-0.248901529642162,6.36174847993052,-1.05558379308331,0.294617496210056,0.525607640260632,-6.10383511930122,"CRADD"
"HG3995-HT4265_at",-0.274616455351614,9.58989968801559,-1.05496550024628,0.294898290203199,0.525976960434977,-6.1044758538225,NA
"D38522_at",-0.148931313976505,6.6921668446711,-1.05385880924185,0.295401344081044,0.526497379913415,-6.10562180458302,"SYT11"
"L04569_at",-0.188215553406021,4.43025052596319,-1.0536631739313,0.295490332401556,0.526497379913415,-6.10582425872359,"CACNA1C"
"Y00285_s_at",-0.181550273159365,9.07502021312639,-1.05360458515511,0.295516986148798,0.526497379913415,-6.10588488250761,"IGF2R"
"X67734_at",-0.310123603882528,4.35729288750739,-1.05346557405295,0.295580232936999,0.526497379913415,-6.10602870890667,"CNTN2"
"M55682_s_at",0.248461091982387,4.59840001319443,1.05344918539925,0.295587689999194,0.526497379913415,-6.106045664045,"MATN1"
"X51823_at",-0.148014491660882,3.50610858897438,-1.05334919444468,0.295633190039753,0.526497379913415,-6.10614910571158,"F13B"
"M74509_s_at",0.196826735107422,9.7058873934157,1.05278029190077,0.295892155415573,0.526748082476382,-6.10673746001319,NA
"K03207_f_at",-0.413345965498242,7.70663386225655,-1.05259155276982,0.295978104002947,0.526748082476382,-6.10693258436493,"PRB4"
"D13168_at",0.0835284378301466,6.51204477613133,1.05255307966832,0.29599562609067,0.526748082476382,-6.1069723548845,"EDNRB"
"U03187_at",-0.139251308775211,4.06014780674297,-1.05205229151895,0.296223768360137,0.526980968084642,-6.10748990237172,"IL12RB1"
"J02960_cds1_s_at",0.195593285553495,6.78759223584361,1.05194133424171,0.296274333017709,0.526980968084642,-6.10760454061128,"ADRB2"
"M28439_at",0.128904006398773,7.3478257082003,1.05085183990632,0.296771142663898,0.527651909347607,-6.10872955559003,"KRT16"
"X52479_at",0.129789355954673,8.25959767448047,1.05068296950844,0.296848198470692,0.527651909347607,-6.1089038304394,"PRKCA"
"X02530_at",0.244887657970997,6.68754767342366,1.05062733419334,0.29687358793565,0.527651909347607,-6.10896124033274,"CXCL10"
"U79289_at",0.107960449221337,6.56500820299295,1.05029702219335,0.297024358052304,0.527701737845427,-6.10930202744758,"PGBD5"
"M22403_s_at",0.217605207909674,6.64037317131616,1.04991931432274,0.297196825924926,0.527701737845427,-6.10969158611137,"GP1BA"
"J00209_f_at",0.0833566110412933,6.22245526403337,1.04991864140837,0.297197133250096,0.527701737845427,-6.10969228001752,"IFNA10"
"X60188_at",0.0870862547837952,9.7720267847549,1.04991737768888,0.297197710401093,0.527701737845427,-6.10969358315797,"MAPK3"
"L19297_at",-0.17162390855949,5.43067372794708,-1.04902048016203,0.297607523693904,0.528297817832132,-6.11061807514782,"CA5A"
"Y13618_at",0.0866944249246666,7.00412387729861,1.04796349486632,0.298090979325713,0.529024294650985,-6.11170659645986,"USP9Y"
"U78313_at",-0.153009646523561,6.27456990071929,-1.04757661024488,0.298268070668658,0.529206838177417,-6.11210475797866,"MDFI"
"U42390_at",-0.241604300292466,5.12562054658279,-1.04718032345667,0.29844954005869,0.529397056750037,-6.11251244785585,"TRIO"
"X52213_s_at",0.310197645314641,5.69934171832363,1.04694261357899,0.298558429306718,0.529458468290447,-6.11275692599499,"LTK"
"U89717_at",-0.193504987554393,4.01521571582603,-1.04660351204312,0.298713810512623,0.52960227683275,-6.11310558950261,"RDH5"
"M76729_at",-0.0736290185457098,3.71803029438682,-1.0462286689522,0.298885633113428,0.529775156256994,-6.11349087489485,NA
"V01514_at",0.112894318275991,6.17869296725259,1.04601845265064,0.298982022656713,0.529814277782676,-6.11370688875754,"AFP"
"U72206_at",0.139871833217434,10.4433546303009,1.04569065753476,0.299132367333642,0.529901870588575,-6.11404364011179,"ARHGEF2"
"X07384_at",-0.269788060035613,6.04778719897094,-1.0455865804896,0.299180113496846,0.529901870588575,-6.11415053940237,"GLI1"
"Z38026_at",-0.400572515292777,5.90854193821639,-1.04476394621632,0.299557686064695,0.530438833570594,-6.11499511768873,"CAMP"
"X57351_at",-0.300903988604414,11.0323684157408,-1.04440408759899,0.299722955867385,0.530599690185892,-6.11536437286308,"IFITM2"
"M96980_at",0.235743013653271,7.43786517243739,1.04423220393745,0.299801917596503,0.530607713640881,-6.1155407011612,"MYT1"
"U03399_at",0.281148670446681,5.49456615057568,1.04392631638548,0.299942474460279,0.530724720880449,-6.11585442882944,"TCP10L3"
"U27330_at",-0.121001892107337,7.98912235184764,-1.04299079090963,0.300372631371679,0.531347157829713,-6.11681337900323,"FUT5"
"L36642_at",0.0796636851191348,6.37129572533426,1.04283715185875,0.300443315080877,0.531347157829713,-6.11697078528143,"EPHA7"
"J03824_at",0.247955727060293,7.23824036752151,1.04250681336622,0.300595330052159,0.531484153755418,-6.11730914746896,"UROS"
"Z48510_at",0.0921843283316504,6.29190338337578,1.04206077352947,0.300800671383163,0.531715344976586,-6.11776585625142,"RPS4Y1"
"L20859_at",0.198758186457065,6.6305893537989,1.04142074390638,0.301095485491283,0.532104540423242,-6.11842086358568,"SLC20A1"
"X80915_rna1_at",0.126205496094929,8.65191062664004,1.04073408496743,0.301411996588468,0.532531876996081,-6.11912315719316,"GDF5"
"M14158_cds4_at",0.133239526605429,8.14533970458408,1.04028731651417,0.301618053049743,0.532763899948369,-6.1195798568118,NA
"X03473_at",-0.222708096904136,7.17530521059118,-1.03986190217239,0.301814349601408,0.532978572778904,-6.12001455075883,"H1-0"
"U60805_at",0.0992210720787163,6.05181754449118,1.03870623241672,0.302348041803207,0.533788803867029,-6.12119455813355,"OSMR"
"U72508_at",0.0953971743317457,8.59268175514504,1.03815271273722,0.302603885858844,0.534108220422802,-6.12175928349609,"LRRC23"
"U28727_at",-0.0889670160301925,3.76639871292125,-1.0379572325312,0.302694274475294,0.53413551552831,-6.12195865127382,"PAPPA"
"AB002409_at",0.185802305994711,6.5620568109071,1.03773641686454,0.302796400061994,0.534183503103677,-6.12218381453465,"CCL21"
"X92762_at",-0.219758099322558,8.21710145103133,-1.03709770449128,0.303091931359451,0.534572582548621,-6.12283484060814,"TAFAZZIN"
"U07794_cds2_at",0.149422870118046,5.92577089069523,1.03672987130827,0.303262216015819,0.534740622799103,-6.12320958867798,"TXK"
"X51417_at",-0.201414805558765,4.41527028260769,-1.0360795749904,0.303563422881338,0.535139377280183,-6.12387179417093,"ESRRB"
"J03634_at",0.188361675413293,6.88083570439735,1.03572701382489,0.303726808362887,0.535295035060327,-6.12423064333791,"INHBA"
"X83543_at",0.163318692711638,6.89926440959758,1.03532366925687,0.303913801230228,0.535492211806796,-6.12464103623513,"SHROOM2"
"L25444_at",-0.289948435289596,7.89107910979694,-1.03485979224509,0.304128953759277,0.535706269015214,-6.12511282750365,"TAF6"
"Z84483_at",0.149560960038034,7.43264845046112,1.03455891207062,0.304268561298957,0.535706269015214,-6.12541873128368,"KL"
"K03021_at",0.269599769241292,7.12896758237608,1.03451308592231,0.30428982831099,0.535706269015214,-6.12546531498423,"PLAT"
"L09749_at",-0.160972584111885,5.82555121985887,-1.03441389112297,0.304335866111883,0.535706269015214,-6.12556614271199,"PHF20"
"U80987_s_at",-0.0851842172573538,4.00760586199762,-1.03411321613101,0.304475442740971,0.535788957657268,-6.1258717100203,"TBX5"
"U82613_at",-0.329926111020924,7.26484068204827,-1.0339889217615,0.304533154219,0.535788957657268,-6.12599800160313,"TRPV6"
"M99701_at",-0.159262353171693,9.33409504256308,-1.03351368828492,0.304753879583285,0.535997671213625,-6.1264807354277,"TCEAL1"
"U39317_at",-0.214607317279922,9.48677455585464,-1.0334097809911,0.304802154453645,0.535997671213625,-6.12658625392907,"UBE2D2"
"M27878_at",-0.132281790950665,6.17124759865538,-1.03313236691155,0.304931065184,0.53609212421621,-6.12686791918817,"ZNF84"
"M30625_s_at",0.197568043499079,5.57516038027786,1.03292172632451,0.305028971795521,0.536132036471961,-6.12708173865816,"DRD2"
"U04840_at",-0.102673100419863,7.32049341597644,-1.03230010687093,0.305318027169929,0.536507817523891,-6.12771249249351,"NOVA1"
"V00551_f_at",-0.0846808451403911,6.12304749822687,-1.03184213307097,0.305531105303213,0.536749938320997,-6.12817696012236,"IFNA10"
"AFFX-M27830_3_at",-0.331589725712593,8.90487107770633,-1.03140242487803,0.305735779818324,0.536975495797918,-6.12862271484093,NA
"L35594_at",0.22585703920234,6.32325065180882,1.03124271658458,0.305810143489907,0.536975495797918,-6.12878457364709,"ENPP2"
"HG3495-HT3689_at",0.268145717906774,6.19792672806348,1.03082554232798,0.306004446675282,0.537184363542992,-6.12920725044328,NA
"AF001787_s_at",-0.0808388244343998,5.6766802455966,-1.0302583122128,0.306268773876323,0.537516023871074,-6.12978169592868,"UCP3"
"D88532_at",0.166928575498936,6.36600440297173,1.02980510117743,0.30648007955167,0.537754488585738,-6.1302404513105,"PIK3R3"
"M68840_at",0.210872345303838,6.26286481821433,1.02947252495066,0.306635203005856,0.537894282044476,-6.13057697140579,"MAOA"
"X93017_at",-0.138516073905522,6.13336438512922,-1.02918737289877,0.306768248676828,0.537946574261253,-6.13086542089437,"SLC8A3"
"U82979_at",0.311732692650856,7.38774417084854,1.0290851977708,0.306815930838302,0.537946574261253,-6.13096875866928,"LILRB4"
"U15172_at",0.0882869206728571,9.39346466976525,1.02879119373829,0.30695316192055,0.538054854027932,-6.13126605258143,"BNIP1"
"U68111_at",-0.112134010690322,7.07112209639723,-1.02857683485116,0.307053243505802,0.538097977618698,-6.13148275812567,"PPP1R2"
"D78156_at",-0.143411720395346,7.24330146511202,-1.02835571408394,0.307156505237612,0.538146651717605,-6.1317062536233,"RASA2"
"X52425_at",0.205588192698565,8.8731823722373,1.02812781397515,0.307262957426325,0.53820089029294,-6.13193655243582,"IL4R"
"M31932_at",0.113704112954673,9.9765144678171,1.02728705560331,0.307655891445491,0.538635910576303,-6.13278573121369,"FCGR2A"
"M34181_at",-0.202141563351564,7.92546158412479,-1.02725685955863,0.307670010079078,0.538635910576303,-6.13281621712822,"PRKACB"
"HG2325-HT2421_at",-0.110593971674488,9.5464337622416,-1.02711150156093,0.307737980611205,0.538635910576303,-6.1329629583254,NA
"HG1428-HT1428_s_at",-0.418924137241325,13.7111889014293,-1.02570658116323,0.308395455039867,0.53965419709848,-6.13438020816888,NA
"D00654_at",-0.162442098252247,6.26367788469273,-1.02477979678967,0.308829690098766,0.540123863615109,-6.13531409445481,"ACTG2"
"X90828_at",0.113873178133664,5.92208816300852,1.02476193884266,0.308838061300804,0.540123863615109,-6.13533208119414,"LBX1"
"U30872_at",-0.135856282070712,8.00668742734653,-1.02464869937237,0.308891147700772,0.540123863615109,-6.13544613026607,"CENPF"
"S80050_at",0.160512826500349,7.39817888722294,1.02440057486868,0.309007489412197,0.54019479941627,-6.13569598592562,"MGAT5"
"D87685_at",-0.128203677586604,7.29616022156798,-1.02370437420729,0.309334084857961,0.540633167676491,-6.13639673010975,"PHF3"
"D26155_s_at",-0.154866161065769,6.91969829277909,-1.02351913725511,0.309421020758122,0.540652562986434,-6.13658309800385,"SMARCA2"
"U17163_at",0.161144916057255,8.16170964636658,1.02333879819867,0.309505673790709,0.540667960905161,-6.13676450662464,"ETV1"
"M31328_at",0.102661863174065,9.26795543594492,1.02311535236629,0.309610583251738,0.540718728074875,-6.13698923460728,"GNB3"
"X89894_at",-0.111508775658259,7.2608248261606,-1.02265323624751,0.309827626219533,0.540965257731827,-6.13745385113376,"NR4A3"
"U28811_at",-0.32948307901693,7.92893661112006,-1.02248437602869,0.309906960701778,0.540971283751953,-6.13762357414862,"GLG1"
"D26535_s_at",-0.171890933957478,8.47612459615855,-1.02142600755174,0.310404518799639,0.54170717613773,-6.13868673023887,"DLST"
"S90469_at",0.160810047003277,8.65520866767124,1.02109889251086,0.31055841028443,0.541843100077754,-6.13901510861139,"POR"
"X62744_at",0.440787455921935,10.2980579859559,1.02038640190276,0.310893779795848,0.542295511662491,-6.13972999719397,"HLA-DMA"
"U82320_at",-0.0899233066692782,4.14776936642446,-1.02018430863942,0.310988949524518,0.542297944714968,-6.1399326823658,NA
"M64358_at",0.101330989729497,6.23127464022516,1.02005146801549,0.311051517493796,0.542297944714968,-6.14006589081804,"LMO3"
"X63380_at",0.248652874030338,4.74604080980847,1.01974870743996,0.311194149471806,0.542297944714968,-6.14036942674069,"BORCS8-MEF2B"
"L22650_at",0.0922007815516714,6.4793030851062,1.0194771598548,0.311322114304446,0.542297944714968,-6.14064159526317,"DIAPH2-AS1"
"Y00815_at",0.133929302507765,6.82941519320351,1.01928864174893,0.311410972921849,0.542297944714968,-6.14083050302649,"PTPRF"
"L37042_at",0.186585717944711,8.86151016366789,1.01926089749161,0.31142405170777,0.542297944714968,-6.14085830176435,"CSNK1A1"
"M16405_at",0.153251841972704,8.76777843614524,1.01925324403322,0.311427659652557,0.542297944714968,-6.14086597012221,"CHRM4"
"L10678_at",-0.128602135952189,5.85029132672519,-1.01895697864655,0.311567344821977,0.542408693830494,-6.14116276926608,"PFN2"
"U20938_at",0.169480183961819,7.23614244170116,1.01755923999511,0.312226928487075,0.543424261031337,-6.14256189525491,"DPYD"
"M63175_at",0.143762969130124,8.87891728587602,1.01720234951748,0.312395493132082,0.543584933009181,-6.14291884087054,"AMFR"
"X85106_at",0.35338534564208,6.04195844956393,1.0167357079444,0.31261598712992,0.543835864384871,-6.14338537097592,"RPS6KA2"
"M97287_at",-0.164820570405958,10.1067044948558,-1.01578719364484,0.31306449440317,0.544453940086351,-6.1443330175098,"SATB1"
"M21056_at",-0.172708655990152,5.15960048319229,-1.01566137141505,0.313124022212658,0.544453940086351,-6.14445866005502,"PLA2G1B"
"Y14140_at",0.140230277951682,9.8630813222022,1.01522607284158,0.313330025172749,0.544595731580099,-6.14489322029953,"GNB3"
"U79271_at",-0.132143459140329,6.02157788384615,-1.01515655122309,0.3133629343742,0.544595731580099,-6.14496260723292,"AKT3"
"X83492_at",0.185539107024868,8.43354847537788,1.01448275423325,0.313682007555221,0.544595731580099,-6.14563485958914,"FAS"
"X51730_at",0.0872405753272609,6.3730286502605,1.01438256335318,0.313729471069033,0.544595731580099,-6.14573478373986,"PGR"
"U02019_at",0.242514010289197,6.52517671960935,1.01435155199682,0.313744163083457,0.544595731580099,-6.1457657105935,NA
"S69115_at",-0.352294127843306,8.91654234335257,-1.01429240026089,0.313772188232486,0.544595731580099,-6.14582469859897,"NKG7"
"X64707_at",-0.134778313359734,13.0970220422002,-1.01427955215972,0.313778275680091,0.544595731580099,-6.14583751069497,"RPL13"
"S83362_s_at",0.182603386031325,7.64441586780018,1.01411359924018,0.313856911523546,0.544595731580099,-6.1460029843756,"LIFR"
"HG3033-HT3194_at",-0.269729028514045,3.44862861210877,-1.01403433692947,0.313894474185439,0.544595731580099,-6.14608200850627,NA
"D63851_at",0.109066889422708,8.79602405248981,1.01387607351536,0.313969484751607,0.544595731580099,-6.14623977838447,"STXBP1"
"L12052_at",0.119955156352215,5.68863928557824,1.01335277542133,0.314217592912665,0.544613519364343,-6.14676127419091,"PDE7A"
"X61079_at",0.137768269422085,6.36952683899638,1.01330201809259,0.314241665176921,0.544613519364343,-6.14681184278458,"YME1L1"
"D42053_at",-0.323037711331554,7.69721773957967,-1.01318041295295,0.314299342889272,0.544613519364343,-6.14693298573493,"MBTPS1"
"HG3733-HT4003_at",0.161993781399536,5.34399209760931,1.01302928465893,0.314371033430326,0.544613519364343,-6.14708351993524,NA
"HG3543-HT3739_at",0.190775148639622,8.56509711807173,1.01296195301307,0.314402976992796,0.544613519364343,-6.14715057986822,NA
"U79294_at",0.10722411355475,9.96092746361187,1.01288791582531,0.314438104320892,0.544613519364343,-6.14722431328207,"PLPP3"
"AB002332_at",0.152412895600697,7.14514140900724,1.0125652282389,0.314591235872895,0.544746397993166,-6.1475456157128,"CLOCK"
"AF005361_at",-0.0922334153376259,6.32470334992194,-1.01236472002615,0.314686412342994,0.544778881397088,-6.14774521310403,"KPNA5"
"X90840_at",0.334272270394052,5.934677229311,1.01159714366718,0.315050941049543,0.545247832935976,-6.14850894761054,"KIF1A"
"M37457_s_at",-0.36377582465337,5.16219784336341,-1.01147228571047,0.315110263949533,0.545247832935976,-6.14863312738328,"ATP1A3"
"Z46632_r_at",0.228709945097269,5.92051988513157,1.01087559602511,0.315393868433564,0.545476848300914,-6.14922637031018,"PDE4C"
"U88898_at",0.143960924366132,6.76479851176624,1.01084403404216,0.315408874495278,0.545476848300914,-6.14925774050008,"ERVH-6"
"M23668_at",0.202422392501333,6.80107003000984,1.01059864824268,0.315525558853935,0.545476848300914,-6.14950160268224,"FDX1"
"J03778_s_at",0.116816971439625,5.96369733827931,1.01055003708288,0.3155486775695,0.545476848300914,-6.1495499051818,"MAPT"
"U96191_at",0.102486774946435,5.93440282679527,1.00979969132412,0.315905674427285,0.545941618896818,-6.15029520004491,NA
"M64925_at",-0.197614667776882,9.98444527760025,-1.00952165617271,0.316038025703028,0.545941618896818,-6.15057122696596,"MPP1"
"S69369_at",0.15676098514257,5.73996159714484,1.00950221764284,0.316047280289966,0.545941618896818,-6.15059052232876,"PAX3"
"HG3362-HT3539_s_at",0.190093157283054,7.43910629530676,1.00869494860549,0.316431777383887,0.546432266451837,-6.15139152674447,NA
"X76228_at",-0.112164061113548,9.32697365916693,-1.00851209926671,0.316518910854454,0.546432266451837,-6.15157287058741,"ATP6V1E1"
"D29992_at",0.125542537074619,6.84032898041412,1.00842323072251,0.316561265317167,0.546432266451837,-6.15166099588717,"TFPI2"
"X90846_at",0.191631483161823,8.71347343170294,1.00815558305112,0.316688848263667,0.546520164432749,-6.15192635949802,"MAP3K10"
"X93036_at",-0.164716910954419,4.00219379583489,-1.00787718644955,0.316821591560768,0.546601270158718,-6.15220230764236,"FXYD3"
"U78027_rna4_at",-0.238205556446454,8.8584204075032,-1.00773544112917,0.316889191971662,0.546601270158718,-6.15234277786534,"BTK"
"M85247_at",0.14918839835193,8.72141929596221,1.00695755251916,0.317260350280002,0.547109104292727,-6.1531133268476,"DRD1"
"X61123_at",-0.330002801770592,9.72308836509762,-1.00654833986922,0.317455716902294,0.547158839266075,-6.15351844621354,"BTG1"
"D13900_at",-0.124063500125455,10.6692866879311,-1.00648159536825,0.317487589747059,0.547158839266075,-6.15358450789331,"ECHS1"
"U66616_at",0.252129597365467,8.60815853966,1.00641489375965,0.317519444247967,0.547158839266075,-6.15365052286403,"SMARCC2"
"L09753_at",-0.144592436314999,5.44348321790264,-1.00598646373239,0.317724099350462,0.547279396770717,-6.15407444114088,"TNFSF8"
"X68194_at",-0.181730549033072,7.5297615024908,-1.00594703036649,0.317742940557441,0.547279396770717,-6.15411345041755,"SYPL1"
"X74874_rna1_s_at",0.165445674783674,9.39613501914778,1.00529898057797,0.318052684892451,0.547505153188064,-6.1547543176922,"POLR2A"
"U70136_at",0.092495332744102,6.75197865360761,1.00523658059827,0.318082520476004,0.547505153188064,-6.15481600487948,"PRG4"
"AFFX-BioDn-5_st",0.234793941098581,7.09365952982342,1.00494843794661,0.318220315691957,0.547505153188064,-6.15510080779435,NA
"M73239_s_at",0.079216961741575,6.45177337995403,1.0049418400829,0.318223471381324,0.547505153188064,-6.15510732825525,"HGF"
"U79272_at",-0.112138452074293,6.66130383440589,-1.00486962971675,0.318258010213401,0.547505153188064,-6.15517868876476,"YIPF6"
"M55067_at",0.263599461330021,9.5397241062458,1.00452955494032,0.318420704561866,0.547652883672267,-6.1555146940998,"NCF1C"
"J00287_at",-0.14834508699257,3.89060229482954,-1.00323070497675,0.319042595755182,0.548590126661528,-6.15679698371406,"PGA5"
"X86809_at",0.378077850435099,8.15821576329346,1.00278488883444,0.319256240063749,0.548670093518374,-6.15723674374878,"PEA15"
"M18728_at",-0.350395015360263,6.56321668225323,-1.00252294338409,0.319381814289672,0.548670093518374,-6.15749504218763,"CEACAM6"
"D14822_at",0.0849234719454195,6.47226520919514,1.00249199533662,0.31939665267569,0.548670093518374,-6.15752555501693,"RUNX1T1"
"V00535_rna2_s_at",-0.16400034194139,6.5587264819422,-1.00249136599406,0.319396954425761,0.548670093518374,-6.15752617549962,"IFNB1"
"X95632_s_at",-0.176267253856369,6.54010898472828,-1.00188354576317,0.319688474093039,0.549038576682552,-6.15812526198701,"ABI2"
"M97496_at",0.290544920765084,7.17641896906208,1.0002759554657,0.320460354329006,0.550044414959011,-6.15970804949729,"GUCA2A"
"L20861_at",-0.102867318358391,7.25792996390444,-1.00026136048763,0.320467367759125,0.550044414959011,-6.15972240797161,"WNT5A"
"U77180_at",-0.13977403236971,4.70443822615569,-1.00018178020311,0.320505610848609,0.550044414959011,-6.1598006951157,"CCL19"
"U64197_at",0.284954477876711,6.4954549187827,0.999253954607809,0.320951711215543,0.550508548705655,-6.1607129968919,"CCL20"
"X97675_rna1_at",0.0735079806388095,6.28267523270469,0.999210974897396,0.320972385972655,0.550508548705655,-6.16075523753208,"PKP2"
"U42412_at",-0.116209183737706,9.35351049069843,-0.999137524724051,0.321007720152813,0.550508548705655,-6.16082742058043,"PRKAG1"
"X55448_cds2_at",-0.19928958224875,6.5647257607937,-0.996794725380937,0.322136115382856,0.552310814469548,-6.16312709497766,"FAM3A"
"D16481_at",0.175502455518883,8.51740308593497,0.996004258585554,0.322517434248268,0.55283163951813,-6.16390182630305,"HADHB"
"Z46632_at",-0.156827565445847,6.27559791197007,-0.995760868516822,0.32263490538457,0.552900057809278,-6.16414025091049,"PDE4C"
"X76040_at",-0.146668235382943,7.61077169955146,-0.995497078374607,0.32276225468284,0.552985367371777,-6.1643985953848,"AZIN1"
"U11701_at",-0.152481689065963,5.93908454984365,-0.994362674597905,0.323310289155171,0.553791218497648,-6.16550882158901,"LHX2"
"Y10812_at",0.170018214899935,5.38164695316209,0.993879534874837,0.323543883504355,0.554058214149063,-6.16598129015207,"FBP2"
"M95740_at",0.223581654973701,6.74930759371455,0.993526069352872,0.3237148524504,0.55408826717333,-6.1663268071199,"IDUA"
"M17236_s_at",-0.190522207966106,5.00774561733519,-0.993521879665705,0.323716879334678,0.55408826717333,-6.16633090187434,"HLA-DQA1"
"HG4113-HT4383_s_at",-0.149308635739953,8.36915159013974,-0.993120149728752,0.323911267192669,0.554164058076949,-6.16672345110048,NA
"U85265_at",-0.14298318979642,6.70252415641587,-0.993109076325061,0.323916626456256,0.554164058076949,-6.16673426925652,"RCAN1"
"U73682_at",0.145920660490386,7.29715567912435,0.992927817743267,0.324004359671371,0.554181161251728,-6.16691133304946,"MIA2"
"L26584_s_at",0.210544461194797,6.44247205808498,0.992631465012068,0.324147835055625,0.554293575464512,-6.16720075967263,"RASGRF1"
"D13641_at",-0.19614193268591,9.60423700958906,-0.99229886435525,0.324308909692024,0.554416445134923,-6.16752548693949,"TOMM20"
"U04810_at",-0.236137001927849,5.33939831134216,-0.992125251678138,0.324393009420594,0.554416445134923,-6.16769494775648,"TROAP"
"U56976_at",-0.133295129774136,5.60333480704927,-0.992001435477071,0.324452996086814,0.554416445134923,-6.16781578532803,"PDE1B"
"D13634_at",0.0961232668691423,7.4918821895467,0.99130221590596,0.324791893403973,0.554862546867223,-6.16849790840476,"MTFR1"
"U01160_at",-0.113150794796192,7.30503382073453,-0.990340743718757,0.325258282962795,0.555430509162142,-6.1694351074768,"TSPAN31"
"M23323_s_at",-0.17631124910616,10.8322093289551,-0.990295632945895,0.325280176146997,0.555430509162142,-6.16947905765579,"CD3E"
"D86425_at",0.137117487361358,6.64172478318377,0.990016269390466,0.325415778804779,0.55552899595289,-6.16975119045032,"NID2"
"M16961_at",0.0982136268934397,7.27996465532035,0.989842721644331,0.325500037518569,0.555539805475193,-6.16992020863443,"AHSG"
"U46461_at",-0.245109416338111,7.76607957867263,-0.989628879053258,0.325603879590185,0.555584025274874,-6.17012843031653,"DVL1"
"X55885_at",-0.398718516512983,7.51347194126486,-0.988958372678018,0.325929620361785,0.555894069137604,-6.17078102836953,"KDELR1"
"U32499_s_at",-0.285340210452247,5.26235262633481,-0.988933854234212,0.325941535838853,0.555894069137604,-6.17080488380004,"DRD3"
"X62515_s_at",0.221822316654095,6.94631038904235,0.988518252879799,0.326143553816674,0.556048220141608,-6.17120915913126,"HSPG2"
"S79639_at",-0.161379215618078,8.22092446176901,-0.988427010674935,0.326187916486493,0.556048220141608,-6.17129789264951,"EXT1"
"M35296_at",0.190993659646205,7.13534022198201,0.988264162085622,0.326267104683828,0.556050248455896,-6.1714562439367,"ABL2"
"U33837_at",0.134267047702055,5.65254267144483,0.988081553023451,0.326355916947497,0.556068673976745,-6.17163377977754,"LRP2"
"HG3514-HT3708_at",0.131162085885418,12.0523700699323,0.987777533473244,0.326503812994566,0.556171924306636,-6.17192928225798,NA
"Z25749_rna1_at",-0.131056670777745,13.0398518171717,-0.987560990147225,0.326609181677943,0.556171924306636,-6.17213970517464,"RPS7"
"L77563_at",-0.155742469039684,6.09760968344956,-0.987475964774373,0.326650560677779,0.556171924306636,-6.17222231510135,NA
"M55409_s_at",-0.11362582942443,13.4812158443204,-0.987032806645899,0.326866287153614,0.556365668523758,-6.1726527716756,"EEF1G"
"X04366_at",-0.204295923903439,8.58394994103766,-0.986921602119869,0.326920435607522,0.556365668523758,-6.17276075939882,"CAPN1"
"D85939_at",0.390643194766959,6.1829923447128,0.986756383487841,0.327000895950361,0.55636978215516,-6.1729211768975,"CFDP1"
"X78678_at",-0.140949344464024,4.75023178515804,-0.986572191067998,0.327090611868335,0.556389637797508,-6.17309998600034,"KHK"
"L78833_cds4_at",-0.111694742310802,7.99593865631207,-0.985426225309014,0.327649152007734,0.55720677592155,-6.17421172911315,"IFI35"
"U18991_at",0.0672664325028016,6.02083677150996,0.984900651639847,0.327905526150549,0.557387913155827,-6.17472118653911,"RPE65"
"U39400_at",-0.137893323767509,8.87999111562642,-0.984680456134105,0.328012976701201,0.557387913155827,-6.17493455130002,"MRPL49"
"X57206_at",-0.32112243436883,6.78678164708793,-0.98465619888657,0.328024815128399,0.557387913155827,-6.17495805321686,"ITPKB"
"J00268_s_at",-0.411827333351745,8.67231509039081,-0.984566880093302,0.328068408416587,0.557387913155827,-6.17504458591146,"INS"
"M10943_at",0.157792963869666,7.64322182968942,0.984316828862261,0.328190469820705,0.557456216089416,-6.17528679671352,"MT1F"
"X78578_at",0.0825125715717405,6.22664248347386,0.984164175990202,0.328265001422832,0.557456216089416,-6.17543463366697,"PPP1R3A"
"M58600_rna1_at",-0.171008932492253,4.49471857476378,-0.983567493751565,0.328556434456398,0.557818247496943,-6.17601227751827,"SERPIND1"
"M58286_s_at",0.477268207542977,5.51386157703097,0.983347997574827,0.328663684391399,0.557847428159137,-6.17622468440411,"TNFRSF1A"
"U02082_at",0.109521125197963,7.15215982029483,0.983212049380412,0.328730122835816,0.557847428159137,-6.17635621859559,"ARHGEF5"
"HG1800-HT1823_at",-0.0902724003973479,14.1987128353774,-0.982372602559129,0.329140560781952,0.558411008523212,-6.17716801781807,NA
"U50527_s_at",-0.131463706931361,6.92013260649877,-0.98183824180638,0.329402006834804,0.558612170830689,-6.17768442747233,"N4BP2L1"
"U87269_at",-0.14994387245882,5.30351040087083,-0.981809964209721,0.329415846005361,0.558612170830689,-6.17771174750116,"E4F1"
"HG4517-HT4920_s_at",0.12258593880971,6.50126982284561,0.981431421331262,0.329601143443007,0.55879347243881,-6.1780773979593,NA
"X07695_at",0.396174511549267,6.96392679723244,0.981086128570115,0.329770224963709,0.558947202512192,-6.17841081099639,"KRT4"
"D31889_at",0.172489681045136,7.54593214241602,0.980460179086881,0.330076883430473,0.559333991437091,-6.17901493355919,"PSMD5"
"D90282_at",0.106793659799279,6.5761254672755,0.979967714704675,0.33031827869533,0.559436219562359,-6.17948996177704,"CPS1"
"U30245_at",0.0793068704899484,6.32456178218191,0.979944741897034,0.330329542309165,0.559436219562359,-6.17951211553752,"MNDA"
"X66839_at",-0.199823942666479,7.59176776370125,-0.97985686531912,0.330372630713639,0.559436219562359,-6.17959685439356,"CA9"
"X79984_at",-0.108140148653202,7.01282090587851,-0.979466358018502,0.330564152537199,0.559627604710921,-6.17997332872823,"MAF"
"L39064_rna1_at",-0.167504770888363,7.08468228109665,-0.97898266119596,0.330801480207161,0.559775277908485,-6.18043944119057,NA
"X92720_at",-0.119172385425122,8.70244572438205,-0.978968515057453,0.33080842275613,0.559775277908485,-6.1804530696845,"PCK2"
"X86163_at",0.100128433488121,5.55519506080792,0.978614657314623,0.330982118035735,0.559841499825709,-6.1807939164394,"BDKRB2"
"M86707_at",0.153139369247171,7.98392686472558,0.978568828603544,0.331004618006082,0.559841499825709,-6.18083805129841,"NMT1"
"M18700_s_at",-0.148895966974377,8.35074660484956,-0.97786429467048,0.331350641613704,0.560270445743662,-6.18151629197772,"CELA3A"
"D87743_at",-0.134454588981556,7.55865095402037,-0.977584105267716,0.331488319681362,0.560270445743662,-6.18178589247614,"SLC9A6"
"S59049_at",-0.286964251246838,7.94979788736205,-0.977477553743438,0.331540686341126,0.560270445743662,-6.18188839746279,"RGS1"
"X05610_at",0.126704770314873,8.22891022383052,0.977185427905643,0.331684284822043,0.560270445743662,-6.18216937334157,"COL4A2"
"M77016_at",0.115104809170315,6.65949230267089,0.977182459921179,0.331685743986215,0.560270445743662,-6.18217222762325,"TMOD1"
"D13789_at",-0.175051769680222,3.61637959293193,-0.97709290768032,0.331729772967316,0.560270445743662,-6.18225834516848,"MGAT3"
"Z67743_at",0.105508684400879,9.04367929182527,0.976665332121099,0.331940046605081,0.560492797784846,-6.1826694154854,"CLCN7"
"U62801_at",0.402764772984035,6.03865337335917,0.974997338186759,0.332761174844728,0.561746250406836,-6.18427134638366,"KLK6"
"L02326_f_at",-0.182511900183689,10.1705369970316,-0.974620226208572,0.332947006742565,0.561918784596326,-6.18463315270284,"GUSBP11"
"X76538_at",-0.102179947906894,8.9661427147588,-0.974470064607153,0.333021021871157,0.561918784596326,-6.18477718181716,"MPV17"
"M58459_at",-0.55789713572711,8.98211269690474,-0.974193783342698,0.333157230097208,0.562015592371745,-6.18504212348677,"RPS4Y1"
"U09366_at",0.17987951280577,7.19408867199881,0.973600668240247,0.333449763128047,0.562376002209569,-6.18561064779221,"ZNF133"
"HG25930-HT26386_at",-0.328914148090632,5.75095095310962,-0.97343454006422,0.333531730284651,0.562381198013075,-6.18576982776174,NA
"D43968_at",-0.339792737729518,7.95784833575943,-0.973005685434561,0.333743387229382,0.562579778310852,-6.1861806234957,"RUNX1"
"X80909_at",-0.118155117634101,12.8551881414207,-0.972876159323037,0.333807330937706,0.562579778310852,-6.18630466064271,"NACA"
"U00930_at",0.168253167582286,8.03571792117916,0.972128874940881,0.334176403477835,0.563016455173895,-6.18701996302095,"CHD8"
"M74002_at",-0.174105471605236,10.1344297644138,-0.971914533807961,0.334282312881257,0.563016455173895,-6.18722503204321,"SRSF11"
"M24349_s_at",0.094891066129116,6.72455301229134,0.971871943264817,0.33430336018391,0.563016455173895,-6.18726577493001,"PTHLH"
"X16416_at",-0.185711319818557,8.81513466296589,-0.971658394690547,0.334408904302457,0.56306119007374,-6.18747003314841,"ABL1"
"M94172_s_at",0.140426740067991,8.44183218547209,0.97147660148996,0.334498770936265,0.563079513106171,-6.18764388304127,"CACNA1B"
"D13720_s_at",-0.142937415118788,7.58426393767079,-0.971242498120459,0.334614519684544,0.563141385937468,-6.18786771077089,"ITK"
"J05158_at",-0.245415747299672,5.72792463536079,-0.970417635949858,0.335022569795726,0.563695043680371,-6.18865594794985,"CPN2"
"U41737_at",-0.131497348951861,6.34773947563886,-0.970235741983114,0.335112594718197,0.563713470445028,-6.18882967777387,NA
"D13644_at",-0.0798341758068482,6.71079475018418,-0.968409457469343,0.336017360455726,0.56510209074991,-6.19057223252921,"USP6NL"
"X82207_at",0.175441902788295,8.35163720631712,0.967496570407354,0.336470217773921,0.565730231724124,-6.19144206723722,"ACTR1B"
"M74447_at",-0.188638068431129,5.94139178959501,-0.967242942384755,0.336596106517235,0.565808451629655,-6.19168359210009,"TAP2"
"U88871_at",0.0859225263671712,6.25322690511081,0.966443944464753,0.336992892717256,0.566011748016748,-6.19244405835494,"PEX7"
"L35035_at",-0.154624015116085,7.70919825337372,-0.966431771414357,0.336998940285092,0.566011748016748,-6.19245563962395,"RPIA"
"X97544_at",-0.0994911699404089,8.78367799547158,-0.966401764280122,0.337013848124624,0.566011748016748,-6.1924841873825,"TIMM17A"
"X57985_rna2_at",0.333737966678457,8.1893694746734,0.966359937048725,0.337034629026665,0.566011748016748,-6.192523978935,"H2BC21"
"X96754_at",-0.218466458987288,5.36003772073767,-0.966066848250676,0.33718026706936,0.566122968426159,-6.19280275638559,"IGKC"
"D87460_at",-0.149413771821015,9.65535232913798,-0.965866801321012,0.337279695606203,0.56615656933756,-6.19299298782656,"PALM"
"M59371_at",0.261868223407949,5.45905520480689,0.965685492119363,0.337369827617053,0.566174552985398,-6.1931653677574,"EPHA2"
"U84573_at",0.156072444673444,6.26986704060635,0.965111001437639,0.337655521419541,0.566505636157831,-6.19371135715098,"PLOD2"
"U43965_at",0.0906314074046843,8.0352688080798,0.964911878085161,0.337754582330715,0.566505636157831,-6.19390052782002,NA
"D64108_at",-0.0838892228251922,6.21041462471617,-0.964809528814441,0.337805506986526,0.566505636157831,-6.19399774661645,"DMC1"
"X84746_at",0.180326843231568,5.82733159712069,0.963664159888924,0.338375737329584,0.56732846458669,-6.1950850159189,"ABO"
"M24194_at",-0.113280350255872,14.3171355918986,-0.963050679898322,0.338681422087179,0.567707467213613,-6.1956668590573,"RACK1"
"U31929_s_at",0.139171515128284,8.35943389850396,0.962741650153449,0.338835473890683,0.567750436265293,-6.19595981551871,"NR0B1"
"X99687_at",0.100068719231547,8.68876094214166,0.962679752314844,0.338866335574249,0.567750436265293,-6.19601848290548,NA
"Y07683_at",0.122363258267326,7.80949373947847,0.962399366814943,0.339006156218397,0.567851242406239,-6.19628418902282,"P2RX3"
"D29810_at",0.110563363653648,6.64757739624557,0.962076093573313,0.339167410696531,0.567970893997433,-6.19659044389226,"DCBLD2"
"D14838_at",-0.207156155062218,6.18351023766779,-0.961936758574537,0.339236928971955,0.567970893997433,-6.19672241282215,"FGF9"
"S75174_at",-0.234720525928418,4.19693635679923,-0.961682050197059,0.339364034485528,0.568050293929873,-6.19696360765609,"E2F4"
"U38291_rna1_at",0.155935398308398,7.69260939317689,0.960785754051602,0.339811555313544,0.568454894857965,-6.1978118558191,"MAP1A"
"U68727_at",0.0797482056935639,6.28891923504666,0.960775686449328,0.33981658426113,0.568454894857965,-6.19782137934613,"PKNOX1"
"U26648_at",-0.143277441265795,8.98094529787685,-0.960718870220096,0.339844965897692,0.568454894857965,-6.1978751232786,"STX5"
"S73205_at",0.0886831245534152,6.48727197904545,0.96011167623396,0.340148376768281,0.56882894158599,-6.19844929020814,NA
"X55544_at",0.118409599146125,7.04379010596127,0.959515881007275,0.340446263915164,0.569193577732459,-6.19901233443416,"ATF1"
"M29550_at",0.136374272807797,7.37447801391842,0.959098015793045,0.340655290922144,0.569409512071269,-6.19940702622296,"PPP3CB"
"S66541_s_at",0.131317011115443,4.41964261532858,0.958927814606595,0.340740454006068,0.569418353635551,-6.19956774057761,"GAP43"
"M80482_at",0.0974313886934759,7.98207434764145,0.958256698338473,0.341076394159312,0.569846171540131,-6.20020117855695,"PCSK6"
"U22662_at",-0.204873876783679,5.50716612843627,-0.957954532139007,0.34122771989609,0.569965420604318,-6.20048623917333,"NR1H3"
"U35637_s_at",0.0990724812045283,6.53851835975127,0.957262178696867,0.341574617943831,0.570294456841646,-6.20113906809684,"NEB"
"Z14978_at",0.428830458001507,8.31107529634049,0.957242062147358,0.341584700619137,0.570294456841646,-6.20115802936941,"ACTR1A"
"AFFX-BioB-M_st",-0.258107929814571,6.38823770433455,-0.956957794655388,0.341727199950339,0.570398784464052,-6.20142593007946,NA
"X77737_at",0.530879671534469,8.1369791446099,0.956497161198517,0.34195819148592,0.570650736681443,-6.20185987772791,"SLC4A1"
"U58516_at",-0.138660483196412,9.24313938401041,-0.955566412134672,0.342425240523941,0.571296405264492,-6.20273608418662,"MFGE8"
"X04729_s_at",0.187434046434677,7.57560337932494,0.954986814174335,0.342716292473068,0.571648209883131,-6.20328129702167,"SERPINE1"
"U13737_at",-0.213876234590268,7.16838805893032,-0.954406394203969,0.343007918882603,0.572000807886334,-6.20382695985853,"CASP3"
"L08187_at",-0.0978997632293357,9.51459990091711,-0.954190145187058,0.343116612480971,0.572048253128354,-6.20403017658158,"EBI3"
"HG2229-HT2306_at",-0.076738548567926,4.51886888141488,-0.953937431120158,0.343243663024318,0.572126273953791,-6.20426760387994,NA
"D86971_at",-0.338359942881342,6.82016956554465,-0.952728954860909,0.343851641496309,0.573005692432723,-6.20540213112094,"LARP4B"
"U38175_at",-0.23897840287735,7.41734972824983,-0.951251905298894,0.344595690235787,0.574111398852753,-6.20678689244633,"ELAVL1"
"U36448_at",-0.118445818828292,5.17743942998415,-0.950915072711108,0.344765512915297,0.574158992654172,-6.20710238583797,"CADPS"
"U27333_at",0.383753564707466,5.37821007795133,0.950875765469985,0.34478533420571,0.574158992654172,-6.20713919576565,"FUT6"
"U89326_at",0.102423868363899,5.50015875447943,0.950621718058302,0.344913459472549,0.574238218724848,-6.20737706695035,"BMPR1B"
"HG2271-HT2367_s_at",-0.162108770683838,4.67835255348253,-0.950008631737755,0.345222788621915,0.574619019398933,-6.20795086026521,NA
"X82125_at",0.107607827788249,6.54198046294399,0.949783777659112,0.345336282672285,0.574673753307824,-6.20816121284474,"ZNF239"
"X16064_at",-0.0804946551495078,14.4058662316349,-0.949328300244543,0.345566257161136,0.574922251412308,-6.20858716635542,"TPT1"
"AFFX-CreX-3_st",-0.13494667056693,4.71337368902675,-0.949080522666601,0.34569140403085,0.574996271426955,-6.20881879937558,NA
"U96922_at",0.0862182873062309,5.90516023587823,0.948578949785069,0.345944827402613,0.575281186853239,-6.20928751051392,"INPP4B"
"HG4115-HT4385_at",-0.226161991359493,6.23084080614845,-0.948422125460183,0.346024088824055,0.575281186853239,-6.20943401052435,NA
"U79725_at",0.18026974100931,8.43727720269997,0.947088152733283,0.346698776419375,0.57624169893555,-6.21067920772061,"GPA33"
"X68277_at",-0.281768758799664,11.8836654962175,-0.94696030041922,0.346763485542644,0.57624169893555,-6.21079846171692,"DUSP1"
"M81780_cds5_at",0.217764338299789,8.54606648749145,0.946520325513365,0.346986227352678,0.576477467908935,-6.21120872743441,"SMPD1"
"D42055_at",-0.094268960824718,6.58109476032392,-0.946170345583999,0.347163474629111,0.576637560724821,-6.21153494224514,"NEDD4"
"J05682_at",0.11516956182671,7.27735210747455,0.945588862712253,0.34745809650652,0.576739580818982,-6.21207667975692,"ATP6V1C1"
"U66581_at",0.133841209441699,6.18739683555595,0.945397679043162,0.347554999625023,0.576739580818982,-6.21225472472077,"GPR22"
"Z25884_at",0.138823487539407,9.0764764419891,0.945251545018523,0.347629080764637,0.576739580818982,-6.21239079230146,"CLCN1"
"M73482_at",-0.108030794453542,5.87345186308675,-0.945221425560027,0.347644350787929,0.576739580818982,-6.21241883443015,"NMBR"
"Y09912_rna1_at",0.162626310220083,4.2125816251819,0.945197366961953,0.34765654837685,0.576739580818982,-6.21244123308785,"TFAP2B"
"Y10505_at",0.0955632522873335,7.66307798138747,0.945091356322479,0.347710298549584,0.576739580818982,-6.21253992282168,"SLC17A2"
"HG2167-HT2237_at",0.200792459957043,8.90336088777089,0.944325494574788,0.348098770747898,0.577249624717787,-6.21325257469779,NA
"U81523_at",0.259829792829885,6.39431566835871,0.943455803391232,0.348540250198946,0.577717060912148,-6.21406115877611,"LEFTY2"
"L40371_at",0.22237249867628,6.64582115541722,0.943450932261455,0.348542723942088,0.577717060912148,-6.2140656855987,"TRIP4"
"M98343_at",-0.141264364290715,5.01449553539442,-0.943221542655772,0.34865922951462,0.577775836171485,-6.21427883538413,"CTTN"
"M75106_at",0.130997871367162,6.03139782172083,0.942613764178085,0.348968038540049,0.578153183070418,-6.21484334119651,"CPB2"
"Y07909_at",0.195356076327545,6.8635937107715,0.940352718420635,0.350118419932479,0.579911350300944,-6.21694028755181,"EMP1"
"V01515_cds1_at",0.142535120277397,7.2935634653264,0.94020837397777,0.35019194319618,0.579911350300944,-6.21707398907013,"GCG"
"D50926_at",-0.153448324508709,8.24964210400734,-0.939570803385627,0.350516815622706,0.580314532878372,-6.21766431016034,"MORC3"
"U49379_at",0.0779407724053529,6.30752017931026,0.938234886313973,0.351198160939873,0.581111230636212,-6.21889995694523,"DGKE"
"X59373_at",-0.179046406518165,7.38827045613141,-0.938211127136236,0.351210286358451,0.581111230636212,-6.21892191729502,"HOXD10"
"L20348_at",-0.116000450173106,6.67967360346381,-0.938147868370436,0.351242571582471,0.581111230636212,-6.21898038403862,"OCM"
"J00207_rna2_at",0.103562946501683,6.82596717463863,0.937791095217291,0.351424692971923,0.581277641809011,-6.2193100586232,"IFNA2"
"Y08417_s_at",0.117696959662241,6.55772862515118,0.937628262927456,0.351507833984105,0.581280294240939,-6.21946048237462,"CHRNB3"
"U46901_at",0.202422485184896,7.84680951296614,0.936858934392917,0.351900819629029,0.581795209446974,-6.22017083992034,"SNCA"
"U25034_s_at",0.161168630542052,8.85857952766421,0.936689344976845,0.351987486864944,0.581803569176951,-6.2203273533244,"NNAT"
"HG3044-HT3742_s_at",0.0977397819769044,5.61880949578869,0.936126496179125,0.352275224818962,0.582144199752985,-6.22084660606013,NA
"D88797_at",0.102062131538116,7.29250075834657,0.935559679803496,0.352565144577456,0.582488277101433,-6.22136921120067,"PCDHB17P"
"M28983_at",0.0949066671018306,7.52466429586396,0.935004380428617,0.352849322906144,0.582771135124735,-6.22188089805539,"IL1A"
"M60891_s_at",0.438524155803263,5.24229136178966,0.934746559094901,0.352981315026426,0.582771135124735,-6.22211836962112,"UROD"
"Y12394_at",-0.124787426237778,6.88622362564105,-0.934612729127389,0.353049842096128,0.582771135124735,-6.22224161122218,"KPNA3"
"X59932_s_at",-0.136989016911139,10.4032747131446,-0.934495467842969,0.353109892299312,0.582771135124735,-6.22234958086421,"CSK"
"M60922_at",0.169479017977093,9.72885828105616,0.934361392205425,0.353178561310515,0.582771135124735,-6.22247301630637,"FLOT2"
"D78367_at",0.101038583728648,7.76952717127457,0.934116512297572,0.353304002768488,0.582771135124735,-6.22269841800748,"KRT12"
"X80878_at",0.248005122448056,7.36285046197424,0.934107583637279,0.353308577080811,0.582771135124735,-6.22270663537567,"NFRKB"
"J04102_at",-0.518271857188861,8.61343618844976,-0.933267251486856,0.353739265320768,0.583286845450757,-6.22347968018434,"ETS2"
"AFFX-HUMGAPDH/M33197_5_at",0.209469651020907,13.7241096811398,0.933178314180992,0.353784867404836,0.583286845450757,-6.22356145632987,"GAPDH"
"Z22951_rna1_s_at",0.11766049193044,9.92448096902559,0.932679857815282,0.354040518165624,0.583573376648031,-6.22401963658386,"RELA"
"M55265_at",0.133911807377153,8.87275959924009,0.932327598605293,0.354221258425516,0.583736327164933,-6.22434328853867,"CSNK2A1"
"D13413_rna1_s_at",-0.108447155560636,14.0564291985713,-0.931624130915313,0.354582377801181,0.584196388108302,-6.22498926986794,"RPL24"
"U67733_at",-0.187921451926431,5.56583082663374,-0.931200032897538,0.354800199633483,0.584420199442491,-6.2253784812156,"PDE2A"
"D14878_at",-0.127661326881467,8.92802819027587,-0.930963118643301,0.354921919162478,0.584485646040496,-6.22559583137562,"CDC123"
"D50370_at",0.0819988661681137,6.94121263866872,0.930444327085039,0.355188552841546,0.584735308052499,-6.22607159317626,"NAP1L3"
"HG4533-HT4938_at",0.106026829461966,8.82943388206883,0.93034898598955,0.35523756756563,0.584735308052499,-6.2261589982997,NA
"U11877_at",-0.216751873116277,6.59702360719163,-0.92952186889166,0.355662970107303,0.585300395635956,-6.22691690107634,"CXCR2"
"L76465_at",-0.133133178308412,6.88865282257695,-0.929100974603483,0.355879570133738,0.585461894767363,-6.22730232165967,"HPGD"
"U18383_s_at",-0.0991612363282446,5.85852794843678,-0.929012028226401,0.355925354456691,0.585461894767363,-6.22738374966591,"NRF1"
"S62904_s_at",-0.18238485019229,5.32090482448399,-0.928359214192366,0.356261500423591,0.58548180301566,-6.22798115033698,"TPMT"
"D38500_at",0.151549966035218,5.29968868069445,0.928271851993115,0.356306500317943,0.58548180301566,-6.22806106578903,"PMS2P4"
"L42601_f_at",0.10134733667473,8.8274127912447,0.92822770128181,0.356329243550883,0.58548180301566,-6.2281014503037,"KRT6A"
"M22760_at",-0.158819074458973,9.98969050456198,-0.928105641729278,0.356392124607618,0.58548180301566,-6.22821308802655,"COX5A"
"U42408_at",0.372742308101371,5.25998618075135,0.928035083856011,0.356428476952688,0.58548180301566,-6.22827761490761,"LAD1"
"U78107_at",0.114951523951431,7.75052828125091,0.9280317044335,0.356430218135498,0.58548180301566,-6.228280705351,"NAPG"
"X66113_s_at",-0.120104529624482,8.2907931535436,-0.927172492184093,0.356873088328,0.58607423328503,-6.2290660885921,"EXOSC10"
"AFFX-DapX-M_at",0.168326322979038,7.36195932855486,0.926489098128042,0.35722558771579,0.586518013548105,-6.22969025385579,NA
"L43575_s_at",-0.127103929197082,8.49414416320573,-0.92622144330106,0.357363706889873,0.586609686027608,-6.22993458894134,"EOLA2"
"AB000409_at",0.243271358470559,6.54422956267047,0.925235426766661,0.357872821627677,0.58729498761958,-6.23083410282956,"MKNK1"
"M31667_f_at",0.228693199588104,9.37618230085945,0.92509385920055,0.357945956123871,0.58729498761958,-6.23096317394507,"CYP1A2"
"L10665_at",0.114899245184868,7.00233909005438,0.924675374669461,0.358162203392953,0.587400951167435,-6.23134460523202,"GNAL"
"HG2271-HT2367_at",0.146989839869051,4.87600997597326,0.924558294641588,0.35822271821974,0.587400951167435,-6.23145128864556,NA
"L35592_at",0.129770218384563,7.12567157203288,0.92449056782846,0.358257726984992,0.587400951167435,-6.2315129953478,"TMEM151B"
"X91196_s_at",-0.0979264653204064,6.9955902857025,-0.923269892657145,0.358889084472328,0.588300823914285,-6.23262441010768,"ATM"
"M59815_at",0.263467677588212,8.95276906096143,0.922338180974067,0.359371464345586,0.588956130878088,-6.23347176083713,"C4A"
"D42087_at",-0.154812817262315,7.84429819628624,-0.920463906313906,0.360343100900838,0.590305607974434,-6.23517379972858,"RAB21"
"U32849_at",-0.133472970689688,9.00671593673749,-0.92043037282308,0.360360500197045,0.590305607974434,-6.23520422087706,"NMI"
"U79667_s_at",-0.111392435626515,5.08445427733837,-0.920221751950976,0.360468757989976,0.590347295132216,-6.23539345471123,"CACNA1A"
"M64231_rna1_at",0.260141314376728,7.38720425802957,0.91949986638013,0.360843520438153,0.590825323197885,-6.23604793244196,"SRM"
"U22029_f_at",0.219727685262178,6.43410880074654,0.919074823206358,0.361064295619774,0.590850323944224,-6.2364330514813,"CYP2A7"
"U22377_at",0.152309936213407,7.66910634930104,0.918978038734575,0.361114579323612,0.590850323944224,-6.23652072071243,"RLF"
"Z70218_s_at",-0.151614288481442,6.05345405404887,-0.9189450326808,0.361131728415736,0.590850323944224,-6.23655061616671,"MN1"
"D63487_at",-0.256470721459291,8.57865234446618,-0.918832293241971,0.361190308844007,0.590850323944224,-6.23665272275802,"TTLL12"
"M26665_s_at",0.167533983912747,7.8221623169174,0.918478758739485,0.361374047992157,0.590898921740767,-6.23697283483321,"HTN3"
"K02574_at",0.15952001212478,10.4996161211112,0.91845616921738,0.361385790263676,0.590898921740767,-6.23699328469763,"PNP"
"D83597_at",0.152064437185714,7.77150167996978,0.917946149780223,0.361650968718501,0.591163680143235,-6.23745486480412,"CD180"
"X74987_s_at",0.119235258489394,6.93973395983204,0.917814041661386,0.361719677033174,0.591163680143235,-6.23757438505099,"ABCE1"
"AB000464_at",0.137947043465205,9.3804292365385,0.917666380404705,0.361796484284603,0.591163680143235,-6.23770795657072,"NOP14-AS1"
"U26398_at",0.169392202539315,7.22347840364043,0.917315610438127,0.361978982067351,0.591326343528448,-6.23802517212565,"INPP4A"
"X15376_at",0.165066356109824,7.07188798022213,0.917095836961968,0.362093355291285,0.59137767007367,-6.23822386184952,"GABRG2"
"X59710_at",-0.0636883059034004,6.68271428169337,-0.916779979167912,0.362257772615877,0.591510687351943,-6.23850933667509,"NFYB"
"X74794_at",-0.310983429975602,8.75322243904428,-0.916018691482831,0.362654251124751,0.592022476818949,-6.23919699978306,"MCM4"
"D26350_at",0.0939241904654775,5.93846641242514,0.914436110410663,0.363479346091046,0.593233575614256,-6.24062474227988,"ITPR2"
"M10942_at",0.254128644206759,9.42314492385825,0.914134255839153,0.363636857085877,0.593354807545254,-6.24089678968588,"MT1E"
"S75463_at",-0.213667485076611,10.6305957047389,-0.913672639656736,0.36387781767744,0.593612119501709,-6.24131265302547,"TUFM"
"AC002486_at",0.099981175467641,7.59389314381081,0.913257586590676,0.364094559611091,0.593829813650759,-6.24168639308202,"ABCB5"
"HG1496-HT1496_s_at",0.207548835978701,6.33283201021816,0.912829486672806,0.364318200928233,0.594058658375429,-6.24207170750072,NA
"U28749_s_at",-0.0808978692345734,6.59545226317922,-0.911255639152687,0.365141138965325,0.595264390506243,-6.24348674269294,"HMGA2"
"U28055_at",-0.130265925436784,7.03441149766467,-0.911002294703434,0.365273719081228,0.59534438576362,-6.24371429991743,"MST1L"
"M10058_at",-0.228198043442672,3.97406497004175,-0.910653326390346,0.365456391262665,0.595505968756924,-6.24402764646729,"ASGR1"
"M31661_at",0.10324358997477,5.87543644527448,0.910013657685386,0.365791385593078,0.59591562794631,-6.24460171483101,"PRLR"
"U39318_at",0.12529974899345,10.4702578688349,0.909834180588758,0.365885412825395,0.595932626920776,-6.24476271507574,"UBE2D3"
"X99961_at",-0.134160919680944,6.45468305701445,-0.909582389278157,0.366017351086649,0.596011351278373,-6.24498853259857,"SLC35F2"
"U33838_at",0.124328680005376,6.53625107649948,0.909235254964915,0.36619929860235,0.596132950787539,-6.24529975775573,"RELA"
"X63679_at",-0.156051318114727,9.1332952973792,-0.909120863747268,0.366259268403622,0.596132950787539,-6.24540229038887,"TRAM1"
"D14694_at",-0.106257116026391,10.6651936375851,-0.908258772576559,0.366711422327132,0.596660860180782,-6.24617460564315,"PTDSS1"
"HG2841-HT2970_at",0.0721820143970682,6.59399353355289,0.908050781166445,0.366820563870367,0.596660860180782,-6.24636083013672,NA
"U68488_at",-0.127689788186978,6.57946638952366,-0.908023851759866,0.366834696335022,0.596660860180782,-6.24638493825305,"HTR7"
"U65416_rna1_s_at",-0.0924925991785948,9.57998615796689,-0.907801755381537,0.366951264998267,0.596714317557628,-6.24658373979997,"MICB"
"D14686_at",0.201454225415581,8.20300623875936,0.907309117134356,0.367209913330181,0.596998739368498,-6.2470245374655,"AMT"
"Y09836_at",-0.219027501471393,5.53551974740082,-0.906932942201197,0.367407493336205,0.597171441033662,-6.24736096983088,"MAP1B"
"HG2730-HT2828_s_at",-0.13495577811466,6.27485255923211,-0.906787935319548,0.367483673981579,0.597171441033662,-6.24749062043957,NA
"HG2706-HT2802_at",-0.0960064391579252,5.71019249347255,-0.906584912474563,0.367590350697117,0.597208662288001,-6.24767210905519,NA
"U08438_at",0.196160087574341,3.21707133217163,0.905843710619774,0.367979976332425,0.597592254676593,-6.2483343558496,"GRK2"
"X56088_s_at",0.0598051592110256,6.27250956109663,0.905816836146907,0.367994108294325,0.597592254676593,-6.24835835762527,"CYP7A1"
"D13635_at",-0.111068437759639,6.39715170762641,-0.905172053979787,0.368333270873259,0.59768186699259,-6.24893400828785,"UBE3C"
"U34380_rna1_s_at",0.127691155724918,8.10451707622322,0.905103815853794,0.368369176500241,0.59768186699259,-6.24899490668969,"TEC"
"X97261_at",0.116469106781644,6.43900879185244,0.905061377727242,0.36839150777075,0.59768186699259,-6.24903277788829,"MT1L"
"J04742_at",0.0940468021999532,6.1218181356292,0.904847483887561,0.368504073451747,0.59768186699259,-6.24922362737603,"RPEL1"
"Z70220_at",-0.310910653151415,5.93786552995465,-0.904764907108688,0.368547536888182,0.59768186699259,-6.24929729575425,"GRIA1"
"X72304_at",-0.103648155188108,6.18731303588016,-0.904755820514518,0.368552319722181,0.59768186699259,-6.24930540168327,"CRHR1"
"M99564_at",0.11391244737055,5.5812421460222,0.904350961234989,0.368765462091566,0.597891512224421,-6.24966648600124,"OCA2"
"D30756_at",0.0995325613631417,7.30729718017362,0.903841684771304,0.369033687087483,0.598092469123549,-6.25012047313442,"NBR1"
"L14754_at",0.18598160347055,8.90298741301489,0.903797054109318,0.36905719900049,0.598092469123549,-6.25016024657716,"IGHMBP2"
"X84707_rna1_at",-0.12782664270294,4.23623428035523,-0.903252327938345,0.369344243224863,0.598421615897738,-6.25064553467787,"MIA"
"X15722_at",-0.1373917570954,5.77428352282384,-0.903002202924144,0.369476094398143,0.598499222214125,-6.25086827134841,"GSR"
"U13395_at",0.215336126975775,8.71702215411215,0.902173468704264,0.36991316760305,0.599071097647012,-6.25160582935063,"WWOX"
"Z12830_at",0.141268523938635,7.98609653998141,0.901882024732591,0.370066952617827,0.599184034797295,-6.25186505168194,"SSR1"
"L10123_at",0.103793873940409,6.96649177967865,0.901486756421076,0.370275586942789,0.599385708291359,-6.25221648883257,NA
"M89914_s_at",-0.132000863033267,4.94988283076853,-0.901031170023125,0.370516151414636,0.599535108467737,-6.25262136855215,"NF1"
"M27093_s_at",0.0948738502660094,6.52016298137094,0.900905202149488,0.370582684033921,0.599535108467737,-6.25273328091015,"DBT"
"U82279_at",0.105161272913288,5.63443782778816,0.900824645553513,0.370625235686776,0.599535108467737,-6.25280484096777,"LILRB1"
"U89335_cds2_at",0.121212706241703,8.13942371341667,0.900664652306861,0.370709756594406,0.599535108467737,-6.25294694765906,"NOTCH4"
"U35100_at",0.1215026116955,2.85633739181978,0.900515861437687,0.370788370491549,0.599535108467737,-6.25307908220096,"CPLX2"
"M27826_at",-0.389437579150531,6.66813121783086,-0.899811674282645,0.371160572178756,0.600000843324796,-6.25370414986028,"TPTEP1"
"M14219_at",-0.142910160622204,7.78202100344647,-0.899609271616569,0.371267596895465,0.600037791491219,-6.25388372295045,"SSR1"
"U41815_at",-0.140323017368476,7.33338494441491,-0.899135615063393,0.371518129240659,0.600250494093078,-6.25430380003642,"NUP98"
"X57351_s_at",-0.193664162995528,13.4566736021382,-0.898912538743202,0.371636158618952,0.600250494093078,-6.2545015672907,"IFITM2"
"HG4036-HT4306_at",-0.166015085561639,10.2483396753601,-0.898882980130557,0.371651799821412,0.600250494093078,-6.25452776873813,NA
"U45448_s_at",0.171583961643275,9.92933925442476,0.898654163472776,0.371772894285292,0.600310070976183,-6.25473056868401,"P2RX1"
"U01157_at",0.133116835706733,7.32926289596684,0.898236708574344,0.371993884297523,0.600437017143233,-6.2551004284062,"GLP1R"
"M26657_s_at",-0.164825316914911,3.61473713803072,-0.898187458743744,0.372019961386122,0.600437017143233,-6.25514405204584,"ACE"
"U13021_s_at",-0.129785392623742,4.8054019932381,-0.897491283809858,0.372388699883637,0.600896116222374,-6.25576044727515,"CASP2"
"U16812_s_at",-0.0955105382404362,8.46962164016744,-0.897034076068662,0.372630991874747,0.601029534387124,-6.25616500600155,"BAK1"
"X92896_at",-0.321060885618429,8.89415533826423,-0.897015626975902,0.372640770851331,0.601029534387124,-6.25618132638732,"LAGE3"
"D31766_at",0.114830190746071,8.7601192706755,0.896668521260482,0.372824785137591,0.601029534387124,-6.25648832090392,"GNPDA1"
"M97676_at",-0.107754617718147,8.53018979377444,-0.896549862305245,0.372887704053452,0.601029534387124,-6.25659324109401,"MSX1"
"U56814_at",0.0982521089092234,7.67315691108881,0.896465118899204,0.372932643356217,0.601029534387124,-6.25666816428808,"DNASE1L3"
"U20860_at",0.0638140724525655,6.10409834503422,0.89630549087783,0.373017303156666,0.601029534387124,-6.2568092755275,"AGTR2"
"HG2460-HT2556_at",-0.112811608814681,6.38602025580637,-0.896222098057989,0.373061535932533,0.601029534387124,-6.25688298504268,NA
"J03161_at",-0.114225083986659,9.42455701439012,-0.895959163562055,0.373201021950917,0.60103589656497,-6.25711534452013,"SRF"
"Z48570_at",0.085431588838258,6.71999450390681,0.89579912752484,0.373285936754826,0.60103589656497,-6.25725673831663,"SPA17"
"AB000114_at",-0.117217975145481,6.65063735342492,-0.895647821258224,0.373366230785806,0.60103589656497,-6.25739039653532,"OMD"
"U79255_at",0.422608174730724,5.95820103371154,0.895579069008442,0.373402719299517,0.60103589656497,-6.25745112236928,"APBA2"
"X14085_s_at",0.0854868081041023,9.97294851968371,0.895001004648571,0.373709601400114,0.601274672500738,-6.25796152083082,"B4GALT1"
"U32989_at",0.0816939122308327,5.89823571367334,0.894981899479121,0.373719746647604,0.601274672500738,-6.2579783841232,"TDO2"
"X63629_at",0.199532993568605,6.12978615172697,0.894602332612209,0.373921340704924,0.601384328894912,-6.25831333811139,"CDH3"
"U37146_at",0.148697168940483,9.69292557804562,0.894500475951793,0.373975450095672,0.601384328894912,-6.258403199268,"NCOR2"
"M60314_at",0.131927797007102,5.97423834445842,0.894377142007094,0.37404097549727,0.601384328894912,-6.2585119949662,"BMP5"
"U25433_at",0.123697069374971,6.70342052237512,0.89383227480285,0.3743305416818,0.601714189774419,-6.25899245920506,NA
"D10667_s_at",0.0934023511264863,5.80277562841513,0.893374664417543,0.374573845067948,0.601969553987691,-6.25939575905744,"MYH11"
"V01516_f_at",0.101248363561533,8.87390511755543,0.891905235933886,0.375355788749864,0.603021166864689,-6.2606894255988,"KRT6A"
"U68030_at",0.089483239447719,6.00043364167406,0.891714608924119,0.375457304627267,0.603021166864689,-6.26085709859116,"CCR6"
"X16281_at",0.080899021190457,6.0726965921739,0.891668298236753,0.375481969380327,0.603021166864689,-6.26089782756485,"ZNF44"
"M37271_s_at",-0.240597861902415,9.35996456781374,-0.891048524297557,0.375812155003295,0.603415507436596,-6.26144270251543,"CD7"
"D63998_at",0.156678967434398,7.51217953519988,0.890123653207508,0.37630522176456,0.604071138473214,-6.26225511475268,"MAN2A1"
"U52426_at",-0.191239170075308,9.1268999502416,-0.889948608671651,0.37639858724204,0.604077547740131,-6.26240878201823,"STIM1"
"U17989_at",-0.0927991213058466,7.05369857915772,-0.889725934578591,0.376517378513159,0.604077547740131,-6.26260421936425,"STRN3"
"U30998_at",-0.0996348346994331,6.92656100326245,-0.889639641506037,0.376563420137066,0.604077547740131,-6.26267994449421,NA
"X00540_at",0.0812310542962607,6.66136687432008,0.888902003218764,0.376957131307608,0.604573090909322,-6.26332695414042,"PRL"
"U34587_at",-0.152208236375178,8.00982840911905,-0.88784115265762,0.377523809622464,0.605345757714472,-6.26425654453977,"CRHR2"
"Y00764_at",0.138346539409179,10.6758247079941,0.887506137976996,0.377702876870283,0.60547125080724,-6.26454988184563,"UQCRH"
"AB003177_at",-0.111159325657956,9.25689471639912,-0.887376964940363,0.377771934856305,0.60547125080724,-6.26466295622483,"PSMD9"
"Z49825_s_at",0.127799602748905,9.87847720996029,0.887096842254568,0.377921720231343,0.605575172742019,-6.26490811227853,"HNF4A"
"U01317_cds6_at",0.309018565893254,7.33804997911226,0.886895233179086,0.37802954642443,0.605611828417924,-6.26508450840384,"HBB"
"M62397_at",0.0879810387833544,6.68427651775668,0.885753323058548,0.378640636924602,0.606454527215341,-6.26608287244692,"MCC"
"M25077_at",0.252619924331876,6.63212710643701,0.884887360252164,0.379104468375695,0.607061041116426,-6.26683913852467,"RO60"
"L41680_at",-0.121058455246883,4.49109571874701,-0.884598486966791,0.379259275493178,0.60717255220994,-6.26709125747731,"ST8SIA4"
"U25750_at",0.0930625939308953,8.92801373902508,0.884351217080365,0.379391818879608,0.607248378265093,-6.2673070023853,"TMEM106A"
"M60828_at",-0.070692423775383,6.76211598934598,-0.88419206741292,0.379477142808719,0.607248608548452,-6.26744583049358,"FGF7"
"X70944_s_at",-0.176539549954532,9.93896661212206,-0.882929648312179,0.380154382373029,0.608195824043385,-6.26854618712749,"SFPQ"
"D87438_at",-0.150075431568052,8.93287979709392,-0.882555740926775,0.38035511480586,0.608380438288305,-6.26887179898415,"PDXDC1"
"U70862_at",0.0786502177015995,6.75132426438131,0.881745498025191,0.380790322256789,0.608752486038895,-6.26957692416746,"NFIB"
"X73460_at",-0.095098704747814,14.0998054833376,-0.881537279691675,0.380902213390976,0.608752486038895,-6.26975802670051,"RPL3"
"D14695_at",0.205880291554777,7.94363121139023,0.88153405590517,0.380903945932218,0.608752486038895,-6.26976083033154,"HERPUD1"
"HG4322-HT4592_at",0.331241023357434,7.7043897036562,0.881486916358356,0.380929280434775,0.608752486038895,-6.26980182504421,NA
"L25085_at",0.263700667248189,9.6804671898938,0.880663839093646,0.381371802179594,0.60927622878583,-6.2705172649987,"SEC61B"
"L77566_at",0.17520403484516,6.07215816343855,0.88055946072015,0.381427943480314,0.60927622878583,-6.27060794663116,"ESS2"
"AF015910_at",-0.197255712481645,9.61157445257704,-0.880238926731565,0.381600379314227,0.609394374210721,-6.27088635374393,"AKAP1"
"L76528_s_at",0.247230465893396,5.29917257449217,0.880104206256527,0.381672868684369,0.609394374210721,-6.27100333867562,"PSEN1"
"D63506_at",-0.129705129115001,8.4825033351309,-0.879399429739668,0.382052230000737,0.609863490298982,-6.27161504782345,"STXBP3"
"U13896_at",-0.0805163541508156,6.4361047589935,-0.878787486391565,0.38238181318953,0.61025295415898,-6.27214579357835,"DLG1"
"D49818_at",0.382598400467233,6.84798030012664,0.878118429343836,0.382742360430957,0.610691648950826,-6.27272566087424,"PFKFB4"
"U70426_at",-0.167670517589929,8.8109229583786,-0.877700314579171,0.382967785644042,0.610817953566126,-6.27308781865714,"RGS16"
"X83703_at",-0.0767901999121792,5.70173126944793,-0.877653776683985,0.382992881531853,0.610817953566126,-6.2731281178675,"ANKRD1"
"U70732_rna1_at",0.283930892530612,6.11493596536824,0.876805501226586,0.383450500217585,0.61141100783967,-6.27386231033705,"GPT"
"D17525_at",-0.218553345963857,8.74112583415993,-0.876634255992149,0.383542923225471,0.611421623361892,-6.27401044080431,"MASP1"
"M11437_cds1_at",0.0953309819641879,6.31162242776689,0.876235662711989,0.383758102471452,0.611577186295458,-6.27435512207061,"KNG1"
"X69878_at",0.136172164295839,8.62388947612811,0.876135694418546,0.383812081846806,0.611577186295458,-6.27444154501163,"FLT4"
"U52077_s_at",-0.101600133163366,7.86615085205347,-0.875952922017275,0.383910784801267,0.611597761977259,-6.27459952743661,"SETMAR"
"Y08836_at",-0.226986548491532,7.75457070571122,-0.874671406167111,0.384603289654643,0.612564086672911,-6.27570632107522,"KMT2C"
"S80343_at",-0.202575567087202,6.58832275366902,-0.874360970742585,0.384771159821415,0.612685760586449,-6.27597419295197,"RARS1"
"U21051_rna1_at",0.14519774073732,6.52700477575427,0.874212303148982,0.384851569070854,0.612685760586449,-6.27610244388491,"GPR4"
"U93553_at",0.130194238164052,6.62823997591889,0.873475185023467,0.385250406072255,0.613183778720497,-6.27673801749459,"NR5A2"
"L49380_at",-0.107526002495959,11.1844034753955,-0.872975662633474,0.385520832190368,0.61347723497436,-6.27716842787772,"SF1"
"X82676_at",0.105723826396673,5.97930443927827,0.872428285358027,0.3858173013527,0.613811993158536,-6.27763979530183,"PTPN14"
"M13755_at",-0.3126975289413,8.87637599222601,-0.871195726912601,0.386485396781759,0.614737704965899,-6.27870013846936,"ISG15"
"M89470_s_at",0.193677950521562,7.09158364483214,0.870725319336501,0.386740566168572,0.615006356505856,-6.27910443282704,"PAX2"
"M60751_at",-0.108558454311209,6.31911478780569,-0.869813987715263,0.387235210198156,0.615655622993455,-6.27988707335757,"H2BC5"
"U67191_at",-0.144300833322761,6.344720386979,-0.869295574999189,0.387516765002448,0.615774646273495,-6.28033192177156,"EXTL1"
"X95406_at",0.256121612460295,6.79242399597743,0.86922099586705,0.387557280104912,0.615774646273495,-6.28039589653431,"CCNE1"
"U96629_rna1_at",-0.254498284039236,6.81050743814007,-0.869110176866482,0.387617487377509,0.615774646273495,-6.28049094830903,"INTS9"
"L27213_s_at",-0.0801700846941378,3.25625904061876,-0.869040072648174,0.387655577567042,0.615774646273495,-6.28055107203463,"SLC4A3"
"L25119_at",0.0993205261927628,7.28580373306903,0.868845160701648,0.387761492602367,0.615805676266935,-6.28071821008783,"OPRM1"
"U75309_s_at",0.079707596530409,6.33240249885898,0.868579561661787,0.387905847933036,0.61589772603889,-6.28094590360452,"TAF5"
"AFFX-ThrX-3_at",-0.088194611708599,4.76712401037155,-0.8683757193401,0.388016660628267,0.615936489338436,-6.28112060790147,NA
"U66048_at",-0.197855113210386,8.03894721578567,-0.868207952382442,0.388107876811386,0.615944134859387,-6.28126436346246,"EOLA2-DT"
"X80910_at",-0.142564944301961,8.61518299716964,-0.867478846274925,0.388504452257401,0.61634891179596,-6.2818888013385,"PPP1CB"
"M32313_at",-0.1186649174713,8.36431603244889,-0.867421157887919,0.388535840876847,0.61634891179596,-6.28193818622345,"SRD5A1"
"X55715_at",0.0885491534351104,14.0205963690117,0.866483651862448,0.389046164784087,0.617021158786598,-6.2827402994045,"RPS3"
"Y07701_at",0.102057004253235,7.03935309067916,0.865865528138731,0.389382863119271,0.617417800528756,-6.28326869014673,"NPEPPS"
"D78335_at",-0.218968673143758,6.76004905350669,-0.865664913141891,0.389492179043358,0.61745380128977,-6.28344010249192,"UCK2"
"L41390_at",0.177154721952941,6.73281926731672,0.86416857867561,0.3903081386358,0.6186097644141,-6.2847173947572,"GCNT1"
"U66669_at",-0.0818316266284969,6.73339063530257,-0.863462315344657,0.390693636044499,0.619053777199471,-6.2853195191873,"HIBCH"
"M19154_at",0.072125530405037,6.26926055760123,0.863255875010317,0.390806361267209,0.619053777199471,-6.28549542870394,"TGFB2"
"U17760_rna1_at",0.0814226677732757,5.6002123943002,0.86317817533395,0.390848793824494,0.619053777199471,-6.28556162656841,"LAMB3"
"X59766_at",-0.169668272218393,6.44533535354322,-0.862127517643903,0.391422848685472,0.619825297263156,-6.28645618325367,"AZGP1"
"L02840_at",-0.115969485230153,7.01912935866395,-0.861712897008845,0.391649531388772,0.620046526597947,-6.28680890810139,"KCNB1"
"U24186_at",0.138000868070044,7.11068134348194,0.861351778186694,0.391847029641216,0.620221464101295,-6.28711598260925,"RPA4"
"L14812_at",0.10787062097957,8.15415144368979,0.860957712877673,0.392062616892598,0.620424949129263,-6.28745092902016,"RBL1"
"X71661_at",0.0750264569272501,6.39923126451668,0.860546262841882,0.39228779340845,0.620643515137336,-6.2878004918041,"LMAN1"
"Y09561_at",0.125029037879136,4.86962817882726,0.859715532970446,0.392742675374618,0.621225323440349,-6.28850577052992,"P2RX7"
"U79245_at",-0.0798032662268202,5.36304942844002,-0.859409766662694,0.392910185656096,0.621352420927753,-6.28876519407336,"SLC12A5"
"AB002382_at",0.143396891015449,8.67470528405189,0.859128468976269,0.393064330124177,0.621423846733308,-6.28900377767321,"TMX2-CTNND1"
"J04040_at",0.100425052246157,7.24391098199327,0.858853738666745,0.393214911914412,0.621423846733308,-6.28923671726317,"GCG"
"D82344_at",0.0971817430138042,7.29310109171267,0.858850190603622,0.393216856868278,0.621423846733308,-6.2892397251337,"PHOX2B"
"L16782_at",-0.101504618546968,7.38501961937661,-0.85846668597019,0.39342711897574,0.621618335810739,-6.28956476940913,"KIF20B"
"U09178_s_at",0.160083549316226,7.22569158291223,0.8581287700117,0.39361244399814,0.621716134414803,-6.28985105653189,"DPYD"
"D86958_at",-0.126771368911412,7.21114276276885,-0.85803581115975,0.393663435369395,0.621716134414803,-6.2899297932011,"RB1CC1"
"U33880_at",0.0799591553409087,6.33056415866154,0.857262483850518,0.394087792235018,0.622088759596095,-6.29058448179708,"ITGB1"
"D79996_at",0.154676809445293,9.60155013749544,0.857147016231468,0.394151178355624,0.622088759596095,-6.29068218551332,"IST1"
"U88902_cds1_f_at",-0.153364339214249,8.26108789349625,-0.857128829708084,0.394161162448529,0.622088759596095,-6.29069757298903,"ERVH-4"
"L19778_at",0.0668366531720821,6.55494318384753,0.856478787039348,0.394518127407448,0.62237147280457,-6.29124735894742,"H2AC11"
"M82882_at",-0.189435713304096,8.91954990940389,-0.856378307056479,0.394573322870697,0.62237147280457,-6.29133230533281,"ELF1"
"D78132_s_at",0.144938982974763,8.90028627903544,0.856322447609115,0.394604009532209,0.62237147280457,-6.29137952502383,"RHEB"
"X82279_s_at",0.172540895822638,6.2345350492725,0.856166846336139,0.394689497622312,0.62237147280457,-6.29151104360199,"FAS"
"U33203_s_at",-0.0818036250424434,6.64744569620496,-0.855629301979348,0.394984915034804,0.622699570827758,-6.29196521102125,"MDM2"
"AFFX-HUMRGE/M10098_3_at",-0.663621627840163,7.66954978865517,-0.855179245091214,0.395232357000665,0.622951906490768,-6.29234524591654,NA
"U28049_at",0.127079649974923,7.90656733741074,0.854791347603809,0.395445700338407,0.623075938588926,-6.29267263524814,"TBX2"
"U09584_at",-0.129576307042853,7.96754141267175,-0.854718363201145,0.395485849644395,0.623075938588926,-6.29273421853852,"TMEM115"
"U90916_at",-0.204421396310229,7.990980919445,-0.854355953277444,0.395685251484234,0.623252354801393,-6.29303993899687,"SORL1"
"U07151_at",-0.120365609018652,7.08911172263875,-0.853650240461294,0.396073720105083,0.623726430446021,-6.29363489704944,"ARL3"
"HG2160-HT2230_at",-0.0648746171083499,6.38595153677647,-0.853426527837007,0.396196914620339,0.623782642298674,-6.29382339957242,NA
"U15306_at",-0.105406825934749,7.02882127801462,-0.853187468377155,0.396328586455551,0.62380135592068,-6.29402477997723,"NFX1"
"U63090_at",-0.178445876664767,7.38593298386109,-0.853087230694558,0.396383804505636,0.62380135592068,-6.29410920237128,"ST3GAL2"
"HG2147-HT2217_at",0.13911814438598,10.8886316959695,0.852532005780228,0.396689747733398,0.624145047802117,-6.29457664902188,NA
"X52075_rna1_at",-0.126050074025587,6.30149125776695,-0.85171639881355,0.397139431814989,0.624688622194305,-6.29526277173481,"SPN"
"U81262_at",0.086962050314602,6.00149931178168,0.851587585202699,0.397210481751548,0.624688622194305,-6.2953710762787,"EFNB2"
"L23808_at",0.0966471215265425,5.70543079995203,0.851290396816644,0.39737443228626,0.624808629856363,-6.29562088654536,"MMP12"
"M93405_at",-0.150034465438623,9.1799365325157,-0.850987941625632,0.397541331121234,0.62493321930833,-6.29587503622818,"ALDH6A1"
"D83195_at",-0.0793438800371922,2.96866690046656,-0.850515949690497,0.397801868761109,0.625204921163569,-6.29627146886588,"DNASE1"
"U01212_at",0.151770715508365,9.89458400694545,0.850343945672024,0.397896840389066,0.625216348938429,-6.29641588385483,"OMP"
"M62800_at",-0.162534820570372,4.22068468421555,-0.849849100528881,0.398170145769796,0.625432911394406,-6.29683119736408,"TRIM21"
"U33838_s_at",0.135295327099789,8.00662619869304,0.849776730939952,0.398210125518195,0.625432911394406,-6.29689191583247,"RELA"
"U46024_at",-0.0929544517706598,6.73664697927211,-0.849247402728164,0.398502621848315,0.625754447391331,-6.29733587089218,"MTM1"
"HG1071-HT1071_at",0.102733340590047,7.58412990603742,0.848529640386652,0.398899454023446,0.62623964054903,-6.29793743518163,NA
"HG162-HT3165_at",0.157401465496071,7.11971386699334,0.84836612768659,0.398989889893303,0.626243708729493,-6.29807440719181,NA
"U21858_at",0.10158182982174,8.78598029394365,0.84723180598658,0.39961760905792,0.626969598420367,-6.29902389816362,"TAF9"
"M25322_at",0.140791484535365,7.27829381309065,0.847174609817759,0.399649276734726,0.626969598420367,-6.29907174158814,"SELP"
"Z48199_at",0.141758715438529,8.35728601574492,0.847053737498903,0.39971620491241,0.626969598420367,-6.29917283839222,"SDC1"
"M57230_at",0.0735601247012472,5.58602581978765,0.84680393416277,0.399854545245717,0.627048625837377,-6.29938172742866,"IL6ST"
"U72761_at",-0.175151973992731,7.83177193933969,-0.846560843358127,0.399989196404299,0.627121834432867,-6.29958494536367,"IPO5"
"U50360_s_at",0.128895521708815,6.34652612285885,0.845885645808508,0.400363343044807,0.627570420529118,-6.30014909382662,"CAMK2G"
"L40636_at",0.133508905019299,6.61422090659798,0.845480184559906,0.400588124056428,0.627703998512336,-6.30048765718325,"EPHB1"
"L42025_rna1_at",0.0996435011843637,7.83974772716292,0.845414296003302,0.400624658890606,0.627703998512336,-6.30054265961845,"AGFG1"
"U39905_at",0.0988895654679709,8.4970877247846,0.844441735425589,0.401164175879333,0.628411208491269,-6.30135404467879,"SLC18A1"
"L36720_at",-0.335819645129869,6.33817122656494,-0.84378203783494,0.401530388959913,0.62884669220018,-6.30190389407502,"BYSL"
"U52191_s_at",-0.226711047840875,7.75417053073858,-0.843231946157777,0.401835913824877,0.629186960170778,-6.30236206621196,"KDM5D"
"U33147_at",-0.170496704824032,8.23955858593445,-0.841952212704193,0.402547237539973,0.630025742156687,-6.30342682439683,"SCGB2A2"
"L38932_at",-0.0719799095435327,10.4652686511835,-0.841587997306512,0.402749822823652,0.630025742156687,-6.30372956741311,"BECN1"
"HG172-HT3924_at",0.143455070703216,7.64041396292796,0.841575378838862,0.402756842633607,0.630025742156687,-6.30374005382995,NA
"HG2755-HT2862_at",0.12077850532173,5.32152193002831,0.841554516067006,0.402768449016334,0.630025742156687,-6.3037573912326,NA
"U96131_at",-0.0746932726050886,8.18560008750949,-0.841459636915081,0.402821234791832,0.630025742156687,-6.30383623248873,"TRIP13"
"L13738_at",0.21551018343963,8.90467432174514,0.841314733154062,0.402901859796933,0.630025742156687,-6.3039566256228,"TNK2"
"AC002073_cds1_at",0.20122132221351,7.25120640696218,0.840940585325645,0.403110082709922,0.630213109569964,-6.30426739191834,"PIK3IP1"
"M81181_s_at",0.194226955615324,8.09147000145527,0.840269590807722,0.403483673230124,0.630646742936168,-6.30482437882183,"ATP1B2"
"U50648_s_at",-0.143833005481689,10.4760770612059,-0.840124691709823,0.40356437666921,0.630646742936168,-6.30494460110178,"EIF2AK2"
"U90716_at",-0.104290605682216,7.69588493074853,-0.839897047294268,0.403691186111486,0.630706654786059,-6.30513343582145,"CXADR"
"X05299_at",-0.128381943689533,2.91355645201249,-0.839649691838356,0.403829003196613,0.630783734397164,-6.30533856427596,"CENPB"
"U06698_at",0.100098540671436,5.9662936370828,0.839303762885678,0.404021789900035,0.630925677781286,-6.30562533898833,"KIF5A"
"M97347_s_at",-0.114448956400508,6.65992533604209,-0.839169054632565,0.404096878208634,0.630925677781286,-6.30573698062692,"GCNT1"
"D29642_at",-0.241415758505729,8.28475198740295,-0.838556231035663,0.404438582424504,0.631093542369369,-6.30624464624016,"ARHGAP25"
"U52111_rna4_at",-0.0793078371842362,2.81598374595162,-0.838409541599032,0.404520401124012,0.631093542369369,-6.30636611042746,"PLXNB3"
"M30773_at",0.0703870572602154,6.52592702615705,0.838300617796153,0.404581161891449,0.631093542369369,-6.30645628981393,"PPP3R1"
"M21539_at",0.0962382977543452,8.21409370766763,0.83829150768761,0.40458624401922,0.631093542369369,-6.30646383166666,"SPRR2C"
"U78735_at",0.133098502580737,6.91398184166306,0.838009624875239,0.4047435132642,0.631093542369369,-6.30669715015809,"ABCA3"
"Y12812_at",0.0781374050683725,6.22081679151107,0.837981557058498,0.404759175020842,0.631093542369369,-6.30672037808406,"RFXAP"
"X97324_at",0.29931444860466,8.07788614437825,0.837865270721805,0.404824066384504,0.631093542369369,-6.3068166043875,"PLIN2"
"M11591_at",-0.0991441335177692,6.43162492754412,-0.836775616149021,0.405432435668753,0.631903767792422,-6.30771765116521,NA
"U15128_at",-0.120455089117862,7.57149336957411,-0.836584470146116,0.40553921258845,0.63193203203127,-6.30787559322974,"MGAT2"
"L08010_at",0.177305956498044,7.53268081378176,0.835665937190528,0.406052557504274,0.632593680604889,-6.30863407432388,"REG1B"
"X52773_at",0.283181562371384,5.92571136352957,0.835386286736023,0.406208925693329,0.632699023654739,-6.30886483415952,"RXRA"
"X54380_at",-0.115898745011934,6.10103125362892,-0.835062990643855,0.406389744313895,0.632739974501108,-6.30913151475409,"PZP"
"D21255_at",-0.141453218751199,6.18845927946413,-0.834835622698982,0.406516939945552,0.632739974501108,-6.30931900545997,"CDH11"
"X92493_s_at",-0.114077390398434,7.46814204267665,-0.834721861615085,0.406580589999629,0.632739974501108,-6.30941279560276,"PIP5K1B"
"M64098_at",0.135135735913495,9.23352828931528,0.834670827709571,0.406609145768225,0.632739974501108,-6.30945486635042,"HDLBP"
"HG909-HT909_at",-0.213888550922478,7.39287443569783,-0.834546002761951,0.406678996095396,0.632739974501108,-6.30955775748089,NA
"HG4094-HT4364_s_at",-0.0989501824771821,7.49753010192667,-0.834324340546827,0.406803053235832,0.63279488686848,-6.30974043275951,NA
"M36118_s_at",0.123987638706796,6.96444864750426,0.834019408648259,0.406973751359459,0.632922310960205,-6.3099916540971,"GZMH"
"HG1980-HT2023_at",-0.193923886204249,11.7738055824624,-0.83296977682023,0.407561659057567,0.633698378935964,-6.31085571553298,NA
"X13227_at",0.15375496308481,8.00440098168345,0.832493068886531,0.40782883774153,0.633923573235977,-6.31124779107133,"DAO"
"L05597_at",0.0693789036635382,6.2281286269885,0.83231357343548,0.407929466473451,0.633923573235977,-6.31139536271619,"HTR1F"
"AB000584_at",0.29323158577816,5.60848483663886,0.832235469734297,0.407973257680833,0.633923573235977,-6.31145956569196,"GDF15"
"M90356_f_at",-0.15998367779263,8.28745530136045,-0.830977245396062,0.408679113164161,0.634881978153694,-6.3124930394203,NA
"X87211_at",0.221641797191206,6.89320502885,0.829662070312879,0.409417710213418,0.635890818324936,-6.31357165125128,"SLC4A3"
"X07173_at",0.0815444765447211,6.83910244897486,0.829370215713992,0.40958172438364,0.636006994800908,-6.3138107821038,"ITIH2"
"X05246_at",0.0781253820030221,6.63816400061896,0.828860641113829,0.40986818672252,0.636313219325968,-6.31422810379068,"PGK2"
"U92314_s_at",0.130598106707243,4.48400769464272,0.82786616209117,0.410427592817984,0.637042958676118,-6.31504181843797,"SULT2B1"
"M96789_at",0.164837808476507,4.75821556565803,0.827670644524039,0.410537628170771,0.637055927908344,-6.31520168443519,"GJA4"
"X56807_at",0.0817805942537033,6.71173146938274,0.827533769211416,0.410614670884955,0.637055927908344,-6.31531357922724,"DSC2"
"J03241_s_at",0.106672532865508,8.11820361018528,0.827010798977161,0.410909114731299,0.637374038059058,-6.31574093719424,"TGFB3"
"U52960_at",-0.0786526754380326,5.85741146595666,-0.826626023594377,0.411125833491869,0.637395610270226,-6.31605519657206,"MED21"
"X78924_at",0.158416636062872,8.03479572280674,0.826606254869165,0.411136969789472,0.637395610270226,-6.31607133849854,"ZNF266"
"X87237_at",0.178589558755409,7.90554357112182,0.826509905775227,0.41119124865097,0.637395610270226,-6.31615000582705,"MOGS"
"U52112_rna1_at",0.0845918008438105,10.0896578401581,0.825781559198975,0.411601707659199,0.637893168239659,-6.3167443967853,"L1CAM"
"X95289_at",0.150329557651477,5.51514327693785,0.825183243735713,0.411939073306757,0.638140854323517,-6.31723228689699,"HCG9"
"M30838_at",0.100601657652691,9.15649947499665,0.825150125661303,0.411957752123479,0.638140854323517,-6.31725928254993,"SFTPA1"
"U90268_at",-0.114587404612304,5.82950806264732,-0.825021916698649,0.412030067674449,0.638140854323517,-6.317363779949,"KRIT1"
"X15943_at",0.0677400848242398,6.16788000208827,0.824227637844953,0.412478247449081,0.638646612842986,-6.31801080601178,"CALCA"
"M76558_at",0.105170755604216,5.44396519938605,0.823935883745506,0.412642946641697,0.638646612842986,-6.31824831770435,"CACNA1D"
"D42046_at",0.0832257617332584,8.98830606771129,0.823859043077476,0.412686330869572,0.638646612842986,-6.31831085856181,"DNA2"
"S78774_at",-0.101262995283348,5.03917488092579,-0.823808339922591,0.412714959372652,0.638646612842986,-6.31835212288168,NA
"U40391_rna1_at",0.10656199968847,10.2275900154663,0.823555032739986,0.412858002098498,0.638676458969143,-6.31855823739097,"AANAT"
"HG4390-HT4660_at",0.152778717693554,7.0211507487493,0.823427611386221,0.412929968348448,0.638676458969143,-6.31866189585248,NA
"Z83806_at",0.0631446245300706,6.26946362729211,0.823207282321885,0.41305442579767,0.638676458969143,-6.31884109846241,"DNAH8"
"X13916_at",0.196447497112556,7.05021995285488,0.822989456475022,0.413177491541423,0.638676458969143,-6.31901821883685,"LRP1"
"M64676_at",-0.121242026210022,5.86980194897265,-0.822981141929991,0.413182189474777,0.638676458969143,-6.31902497871776,"KCNC4"
"U07664_at",0.182595714833456,9.40339058413011,0.822721688900541,0.413328803380846,0.638764586885335,-6.31923588521341,"MNX1"
"M29580_at",0.119890426677154,5.53670153914681,0.822196486903252,0.413625685174998,0.639018327747422,-6.31966261632268,"ZNF7"
"U61276_s_at",0.1434531852203,7.83354572938183,0.822114103693025,0.41367226575317,0.639018327747422,-6.3197295291185,"JAG1"
"L19783_at",-0.105723447202908,7.04824546185163,-0.821340048745713,0.4141100816022,0.639481124932041,-6.32035790598068,"PIGH"
"X54131_at",0.120054365306982,6.36679826593182,0.821267265823059,0.414151262983761,0.639481124932041,-6.32041696118655,"PTPRB"
"S69965_at",-0.114481590779477,4.97800851424642,-0.820745594644222,0.414446502664552,0.639798423017668,-6.32084008868274,"SNCB"
"U79257_at",0.085678374079933,7.00270917953935,0.820176430239763,0.414768765986364,0.640057068401617,-6.32130143691026,"FBXO21"
"X92972_at",-0.300654361561062,6.88198530111249,-0.820132560581907,0.414793611448376,0.640057068401617,-6.32133698334826,"PPP6C"
"X83425_at",0.104950039715572,8.84090814211174,0.81994546266583,0.414899583927076,0.640082045837724,-6.32148856295027,"BCAM"
"D31815_at",0.116109045078623,6.20996525858695,0.818836805803569,0.415527863512749,0.640912622021287,-6.32238605793643,"RGN"
"U31116_at",0.0810721382079729,6.36084501733928,0.818354814479786,0.415801188392733,0.640989965130312,-6.32277587434613,"SGCB"
"X03350_at",0.10907164363945,6.85324836501478,0.818279117639726,0.415844123964813,0.640989965130312,-6.32283707462526,"ADH1B"
"M33318_r_at",0.119195443535469,5.61536354621427,0.818272730233608,0.415847747051156,0.640989965130312,-6.32284223853687,"CYP2A6"
"Z33905_at",-0.150721357093802,4.79123938447826,-0.817888421416806,0.416065771011437,0.641061796396407,-6.32315286097875,"RAPSN"
"Y07829_xpt4_at",0.141720557241474,8.60468222972184,0.817873576010302,0.416074194406814,0.641061796396407,-6.323164857092,"TRIM15"
"L11239_at",0.216646429732657,6.55509832566616,0.816736764852222,0.416719534711172,0.64189523146856,-6.32408284407536,"GBX1"
"M80478_at",0.19637533096755,2.36740784702226,0.816603533429082,0.416795206405942,0.64189523146856,-6.32419034779172,"GP9"
"HG2161-HT2231_at",0.133706340150299,2.57697264785117,0.815788221634868,0.417258460680021,0.642405188983072,-6.3248478434077,NA
"L18983_at",0.077619668984303,10.7908976114001,0.815703608579628,0.417306554941872,0.642405188983072,-6.3249160413699,"PTPRN"
"L08044_s_at",0.194098352400714,7.02786820446132,0.814778993736562,0.417832325504315,0.643042047200437,-6.32566082658554,"TFF3"
"S73149_at",0.0869750153211211,10.1857455210125,0.81465887287246,0.417900659935422,0.643042047200437,-6.32575752410659,"MIR483"
"M60746_at",0.159905598477283,7.9584427387678,0.814331846807487,0.418086732763439,0.643189537736417,-6.32602070977469,"H3C6"
"J03890_rna1_at",-0.259513071201732,7.18345918652093,-0.813864199342975,0.418352903513044,0.643460161627722,-6.3263968851735,"SFTPC"
"U83171_at",0.12921247576068,9.98141349895456,0.813515026789436,0.418551708310846,0.643620226057101,-6.3266776210625,"CCL22"
"X03689_s_at",-0.175291132160087,14.2137830018582,-0.813364314820761,0.418637535169979,0.643620226057101,-6.32679875743893,"EEF1A1"
"S82024_at",-0.0870998382730033,7.45472733340453,-0.813011596416747,0.418838441172847,0.643663606185109,-6.32708217253754,"STMN2"
"D78334_at",-0.102977445211371,6.5461628218624,-0.812997752861251,0.418846327548425,0.643663606185109,-6.32709329360278,"ANKRD7"
"S75313_at",0.0625116987738421,6.33813885899023,0.81262662596026,0.419057783790826,0.643722312637556,-6.32739136493338,"ATXN3"
"M36200_at",0.117189778080889,7.65730557335329,0.8126137491263,0.41906512174932,0.643722312637556,-6.32740170459021,"VAMP1"
"U61166_at",0.107073114953668,8.2210768087268,0.812211767711447,0.419294232601138,0.643935498538025,-6.32772440100361,"ITSN1"
"U18914_at",-0.0903516711261503,7.14730279020933,-0.810274565489972,0.420399402087265,0.64549371903513,-6.32927731978485,"TPD52"
"U58658_at",-0.143747939508517,7.14142851846132,-0.809961751176517,0.420578025541449,0.645628928528206,-6.3295277395385,NA
"Z24459_xpt5_at",-0.0990516770203955,6.32999293073624,-0.809697474022182,0.420728968709337,0.645635152708826,-6.32973922945183,NA
"M13903_at",-0.230468411003135,7.49314195331893,-0.809518074307836,0.420831452211795,0.645635152708826,-6.32988275689244,"IVL"
"U87972_at",-0.309978778910583,6.33423894389125,-0.809479003029672,0.420853773970812,0.645635152708826,-6.3299140114435,"IDH3B"
"M31169_s_at",0.149241828037951,8.10372408244698,0.807376698534799,0.422055884236352,0.647340016936521,-6.33159353760323,"PCCB"
"X05232_at",-0.100899149953767,6.23050230156311,-0.807135613394687,0.422193869326269,0.647412367052478,-6.33178586580709,"MMP3"
"M13143_at",-0.110301318631384,7.84537001575819,-0.806649625926734,0.422472106279843,0.647699708746022,-6.33217339593878,"KLKB1"
"X68486_at",0.090307830289861,9.41785386350297,0.806310477851267,0.42266633986068,0.647858167462221,-6.33244369940414,"ADORA2A"
"HG4668-HT5083_s_at",0.198360222336023,7.6492931310279,0.806103323604498,0.422785005479314,0.647900753237753,-6.33260874791211,NA
"U58090_at",-0.105102681406824,7.23748992452229,-0.804630718106513,0.423629142169656,0.648943373324905,-6.33378083415356,"CUL4A"
"U06863_at",-0.216487101810197,7.82583939526315,-0.804598851074586,0.423647420318994,0.648943373324905,-6.33380617471011,"FSTL1"
"D90359_at",0.200183348166753,6.58549259422608,0.80368519301348,0.424171672482256,0.6496068427768,-6.33453229321001,"TAF1"
"M98447_rna1_at",0.154623764216214,7.58787205742791,0.803281023120272,0.424403706480799,0.649691418108385,-6.33485324372323,"TGM1"
"Y00083_s_at",0.086082714593573,6.37208824962075,0.803271517521892,0.424409164557547,0.649691418108385,-6.33486079019136,"TGFB2"
"D82326_at",0.156782394402878,6.97118365284283,0.802816513326681,0.424670475127507,0.649951871443538,-6.33522191416155,NA
"S67798_at",-0.0798956258247907,6.9682017197154,-0.802437737768379,0.424888080481501,0.650145337143726,-6.33552238431078,"SPAM1"
"L47726_at",0.0705231414640863,6.73306153574602,0.802152993810216,0.425051708745582,0.650256144130313,-6.33574817057895,"PAH"
"X53961_at",-0.393251471092427,4.84758870560881,-0.801933319746539,0.425177970225703,0.650258519139162,-6.33592230621473,"LTF"
"U09002_at",0.108478161797013,7.86321481971433,0.80183291418855,0.425235687505509,0.650258519139162,-6.33600188210153,"GRIN2A"
"D38549_at",-0.17130632708292,8.83274718204075,-0.801476921080131,0.425440364736794,0.6504319880353,-6.33628394365558,"CYFIP1"
"U96769_rna1_at",0.303033817878902,6.20136358017234,0.800690508948429,0.425892718179664,0.650983959670417,-6.33690659997869,"CHAD"
"U73704_at",0.0874890294094488,6.54404618394679,0.800305885986113,0.426114062062095,0.651182668476029,-6.33721091363923,"GLMN"
"M15353_at",-0.0689285904417893,6.72513922703158,-0.799941013722814,0.42632410304828,0.651364022852805,-6.33749946777526,"EIF4E"
"X99141_at",0.0984480174650653,8.60721883641758,0.799683784751245,0.426472215534022,0.651450701637463,-6.33770281602219,"KRT83"
"X07732_at",-0.141727476964245,4.70369153609859,-0.798432498809794,0.427193142866863,0.652412149849586,-6.33869108359664,"HPN"
"M87313_s_at",-0.168715310382074,5.1703059957251,-0.7982431607377,0.427302292922642,0.652439076085996,-6.3388404906553,"DMPK"
"X78706_at",-0.359046521357586,5.89951623306251,-0.79744475131841,0.427762744195652,0.65300227052908,-6.33947013421068,"CRAT"
"L10102_rna1_at",0.117406954572,6.70379470263687,0.796867900916605,0.428095603390152,0.653370489524383,-6.33992466612434,"SRY"
"M36803_at",0.240715779660231,6.60624502481981,0.796218128354368,0.428470724944351,0.653676178239857,-6.34043627033399,"HPX"
"HG2383-HT4824_s_at",-0.110665363377753,6.4398581901617,-0.796185071703795,0.428489814163547,0.653676178239857,-6.34046228682021,NA
"U04325_cds3_at",-0.103913909368509,6.76540663964593,-0.79591269793754,0.428647121021318,0.653676178239857,-6.34067661200662,NA
"U22028_r_at",0.178000682475014,6.78701557552325,0.795885788401061,0.428662664226586,0.653676178239857,-6.34069778264353,"CYP2A13"
"X76092_at",0.0730907283870863,5.92420243944306,0.794968033916014,0.429192968222036,0.654301935920967,-6.341419389892,"RFX3"
"HG3477-HT3670_at",0.105531775851391,3.870248690753,0.794857992424079,0.429256579366301,0.654301935920967,-6.34150585781711,NA
"U53445_at",-0.0789730456101081,6.16219801762306,-0.794050291697964,0.429723654087801,0.654817152248836,-6.34214016935618,"FILIP1L"
"X98330_at",0.0683593413030037,6.32819291744337,0.793866408244028,0.429830031741525,0.654817152248836,-6.34228448997106,"RYR2"
"L26339_at",-0.287230807672065,4.66799603919565,-0.79379707369255,0.429870146237138,0.654817152248836,-6.3423388985478,"EDC4"
"S68134_s_at",0.0850681786917962,6.22105067447565,0.79356314353904,0.430005506242589,0.654883412519422,-6.34252243499933,"CREM"
"Y08409_at",0.148210653127153,9.16452972486813,0.79335072454646,0.430128441032117,0.654930725356249,-6.34268904821397,"THRSP"
"D31897_at",0.200020104610681,7.09526907261832,0.792800469734095,0.430446990832421,0.655168805035206,-6.34312044288835,"DOC2A"
"U26726_at",-0.112547733144654,4.59410691875168,-0.792763143259254,0.430468604682972,0.655168805035206,-6.34314969584521,"HSD11B2"
"L20433_at",-0.167338544267797,4.81860525160556,-0.7920627095981,0.43087430914751,0.655646307345272,-6.34369837841315,"POU4F1"
"U45878_s_at",-0.155849008204914,8.9795619059958,-0.791535756159425,0.43117967973085,0.655970963892707,-6.34411085159223,"BIRC3"
"HG1205-HT1205_at",-0.11970827648153,8.08149325730076,-0.791131189464444,0.431414213836855,0.656170915506098,-6.34442734338439,NA
"D87470_at",-0.0991994671294343,7.15891010599527,-0.790971010246563,0.431507093271881,0.656170915506098,-6.34455260735021,"FAM168A"
"U36759_s_at",0.233047036739583,9.07436292531348,0.790823957108547,0.431592372002839,0.656170915506098,-6.3446675844601,"PTCRA"
"X59618_at",-0.154266593471683,6.91023166611015,-0.790598572184489,0.431723096076772,0.656170915506098,-6.34484376642164,"RRM2"
"HG3576-HT3779_f_at",0.442424358383478,11.4834509224032,0.790489607224572,0.4317863045452,0.656170915506098,-6.34492892593808,NA
"U50196_at",0.0941817594551049,7.97338739181125,0.790287725342911,0.43190342678631,0.656170915506098,-6.34508667244062,"ADK"
"L76627_at",0.0591880069451394,6.21036125442225,0.790040586085294,0.432046830769002,0.656170915506098,-6.34527972824686,"GRM1"
"U32376_at",0.159115750739424,5.87380900197081,0.790039517489996,0.432047450888712,0.656170915506098,-6.34528056286408,"DLG2"
"U27326_s_at",0.119228350022135,7.61310135730376,0.789344148661098,0.432451094003898,0.656644057327751,-6.34582343945572,"FUT3"
"J04988_at",-0.0979314633139481,12.6822627716293,-0.788876710719493,0.432722554495292,0.656881838794194,-6.34618810561575,"HSP90AB1"
"M23294_at",0.257369683237424,8.03423832116543,0.788757199079765,0.432791975987702,0.656881838794194,-6.34628130711978,"HEXB"
"Z50749_at",-0.121531038277404,8.12379800189776,-0.788484435468426,0.432950442572797,0.656964838118899,-6.3464939706363,"PPP1R7"
"U49516_at",0.0550952176232773,6.12277577353967,0.788345851310769,0.433030968483757,0.656964838118899,-6.34660199178681,"HTR2C"
"AC002450_at",0.128473549270398,6.28348089660762,0.787661027019209,0.433429023285336,0.657428831276842,-6.34713551263003,"SLC25A13"
"M24439_at",0.214927479126999,8.63704250071522,0.78736305722776,0.433602285925074,0.657505964854215,-6.34736750738954,"ALPL"
"L04483_s_at",-0.0817427955067576,14.365792964335,-0.787256364318252,0.433664335354821,0.657505964854215,-6.34745055589084,"RPS21"
"U49114_at",0.103276698627385,5.46466559632996,0.786932859392057,0.433852508242146,0.657651399374497,-6.34770230067903,"PCSK5"
"U30246_at",-0.0972302039545205,7.29152915375823,-0.78669199113676,0.43399264519052,0.657723972696262,-6.34788967327482,"SLC12A2"
"U67369_at",0.124090720522751,8.96443717600409,0.78615946041414,0.43430256585997,0.657832624597026,-6.34830373139034,"GFI1"
"U25789_at",-0.105297031448659,12.7577572842149,-0.786123529271112,0.434323481659339,0.657832624597026,-6.34833165897251,"RPL21"
"HG2148-HT2218_f_at",0.142497433581154,8.52561581951585,0.786093152262818,0.434341164816692,0.657832624597026,-6.34835526860895,NA
"U68162_cds1_s_at",0.162284846434994,7.07140590701834,0.785056233678999,0.434945033530808,0.658607294826068,-6.34916064525835,"MPL"
"M93425_at",0.162029095218286,7.78958108678819,0.784076637594248,0.43551597351764,0.659286820461286,-6.34992053938856,"PTPN12"
"Z84721_cds2_at",-0.37426857843637,12.9179192941668,-0.783968970602333,0.435578752191423,0.659286820461286,-6.35000400213684,"HBA1"
"M77144_rna1_at",0.106966956330824,6.37552225376369,0.783390782318849,0.435915974416624,0.659657181408643,-6.3504520171747,"HSD3B2"
"X81637_at",-0.136016421460953,6.68445202199399,-0.783063341698874,0.436107018825267,0.659806226062252,-6.35070559371756,NA
"U18004_at",0.0767427382892807,5.89102623076962,0.782277276065477,0.436565847852933,0.660360265084566,-6.35131391316455,NA
"U44755_at",0.098759727354583,8.86116160953109,0.781927384343206,0.436770172025701,0.660529180392707,-6.35158449371541,"SNAPC2"
"U75272_s_at",-0.125640913766658,8.09121681884374,-0.781409279780733,0.437072829666389,0.660846702585723,-6.35198493911333,"PGC"
"X15218_at",-0.180232177751908,5.55673574470297,-0.780750525890428,0.437457827378452,0.661154990761127,-6.35249371615821,"SKI"
"X51698_s_at",-0.240883708023218,4.94228097791333,-0.780596283520886,0.437548000525943,0.661154990761127,-6.35261278159473,"TFF2"
"U47025_s_at",0.0763754792445006,9.5223321879892,0.780584395241796,0.437554951102679,0.661154990761127,-6.35262195764053,"PYGB"
"M37981_at",-0.0720035901086851,6.60216294398109,-0.779965304613865,0.437916996951965,0.661561829046527,-6.35309961687761,"CHRNA3"
"HG3299-HT3476_at",-0.0635788925194056,4.20622355397713,-0.779168330713043,0.43838332821386,0.662126005685722,-6.35371397325057,NA
"U71364_at",0.305039356128018,4.89854894446113,0.778706965517555,0.438653418720094,0.662393607721997,-6.35406933959208,"SERPINB9"
"D49493_at",-0.121123291014976,6.05127018499077,-0.777729298144104,0.439226083128291,0.663102394129903,-6.35482170342515,"GDF10"
"Z29074_at",-0.0947652158603347,4.51168811292116,-0.777588102314175,0.439308824165455,0.663102394129903,-6.35493028385008,"KRT9"
"M64269_s_at",0.0987597130249522,7.60932555563447,0.776869219210793,0.439730232709317,0.663597973959509,-6.35548280855148,"CMA1"
"M34276_at",0.0607018367861709,8.1569400123419,0.776351819907305,0.440033678128839,0.663709540776712,-6.35588016425258,"PLG"
"U59057_at",0.154959354665934,6.60894928020566,0.776296607916576,0.440066066210008,0.663709540776712,-6.35592255094501,"CRYBA4"
"X97064_at",0.0675799040472,6.45388459857354,0.776266954601959,0.440083461811126,0.663709540776712,-6.35594531481106,"SEC23A"
"AFFX-HUMGAPDH/M33197_3_at",0.0980868147582221,14.1389836386701,0.77565987239366,0.440439684506143,0.664106284019521,-6.35641116371405,"GAPDH"
"X56465_at",-0.119688569757645,6.2639462709296,-0.775456415930391,0.440559106095163,0.664145880176024,-6.35656720730227,"ZNF711"
"S77410_at",-0.102311805792859,7.01366995062478,-0.774091992816001,0.441360462562206,0.665210665429282,-6.35761262906376,"AGTR1"
"K03008_cds2_at",0.107447923576798,7.88545788077401,0.773936145976625,0.441452049115715,0.665210665429282,-6.3577319237745,"CRYGD"
"M96956_at",-0.10307385585098,6.45257806018565,-0.773299410374711,0.441826355081152,0.665551280218323,-6.35821907473585,"CRIPTO3"
"L38487_at",0.376077244240355,6.68964051959466,0.773234017247593,0.441864807023891,0.665551280218323,-6.35826908309996,"ESRRA"
"X60955_s_at",-0.0821314332337373,5.44966352937968,-0.772775428336818,0.442134517722806,0.665597796924127,-6.35861966487566,"TYRP1"
"X05839_rna1_s_at",0.0888970317020998,5.8715950784312,0.77271852171885,0.442167993015862,0.665597796924127,-6.35866315454488,"TGFB1"
"U48707_at",0.135588741065222,5.77435798185051,0.77270527722802,0.442175784294103,0.665597796924127,-6.35867327591266,"PPP1R1A"
"U73843_at",-0.269305463150555,6.79441539672833,-0.772523559204444,0.442282690850525,0.665618176709604,-6.35881212660485,"ELF3"
"U20760_at",0.132714748511111,7.00472328332289,0.772087901943863,0.442539053890112,0.665863426589829,-6.35914488137638,"CASR"
"M16653_at",-0.119548750345892,4.77601308495718,-0.771712879378346,0.442759805823808,0.666009131272054,-6.35943117552374,"CELA2B"
"L13720_at",0.0834058465172447,3.0549041817645,0.771605991612702,0.442822735619236,0.666009131272054,-6.3595127491362,"GAS6"
"U60415_at",0.0772465804078433,6.45168718977721,0.771407967365765,0.442939335486937,0.666043982848844,-6.35966384607215,"BMAL1"
"X59303_s_at",-0.23724649496272,8.03138779944972,-0.771215709051935,0.443052557415931,0.666073741420956,-6.35981050697302,"VARS1"
"HG3137-HT3313_at",0.0727367089476703,6.00125835073215,0.77103901764694,0.443156626796671,0.666089730641676,-6.35994526121845,NA
"X73874_at",0.091728685336613,6.30277193757382,0.770647004591259,0.443387569267944,0.666296370428156,-6.36024412273889,"PHKA1"
"Z80780_f_at",-0.306400216543748,8.45886674781403,-0.769902270451068,0.443826499795919,0.666776804914041,-6.36081147868786,"H2BC6"
"D87683_at",-0.0877850431147262,6.98780372789824,-0.769787212202442,0.443894335267505,0.666776804914041,-6.36089908463817,"TSC1"
"D50928_at",0.161795282832825,7.99046764464197,0.769616996036409,0.443994701550517,0.666787071277362,-6.36102866449189,"SAFB2"
"U16660_at",-0.329790970771532,8.33402538838451,-0.769330843862744,0.44416345815201,0.666900019622089,-6.36124643900658,"ECH1"
"D15049_at",0.189087740330072,6.65721779120432,0.769148918997172,0.44427076672366,0.666920677189508,-6.36138485048325,"PTPRH"
"D80002_at",0.0668032268379495,10.6178749609214,0.768024302351919,0.444934458144545,0.667776368865782,-6.36223976276233,"POFUT1"
"S77812_at",-0.12661222920886,8.7951929567493,-0.767432129372389,0.445284160245435,0.668160551123913,-6.36268942682954,"FLT1"
"M28219_at",-0.140973452917163,5.23638720933428,-0.767267146713095,0.445381617652148,0.668166151566112,-6.36281464494167,"LDLR"
"D85759_s_at",0.125020445259077,5.49591796463417,0.766318680605455,0.445942129577087,0.668866282717242,-6.36353399545266,"DYRK1A"
"D17357_at",0.116508666529534,6.65920491538434,0.765986803674239,0.446138354603223,0.669019842231043,-6.36378549599502,"INHBA"
"U02632_at",0.0713810492239357,8.08960614247349,0.765523480280807,0.446412382361216,0.669289983985933,-6.36413642905296,"KCNMA1"
"X69908_rna1_at",-0.116080203377551,11.4318959846822,-0.765208702238671,0.446598610298846,0.669428404714145,-6.36437473085615,"ATP5MC2"
"U06643_s_at",-0.138482907397642,4.88998935075182,-0.765015339162372,0.44671302948683,0.669459152241246,-6.36452106799902,"LGALS7B"
"U09607_at",0.263674246586337,8.54545886742437,0.764659245831812,0.446923785966661,0.669634230802087,-6.36479046415835,"JAK3"
"U07223_at",0.161587587203734,8.26403896156831,0.764090259155423,0.447260664739599,0.669998167457156,-6.36522066489674,"CHN2"
"U73379_at",-0.127682319296673,10.3181392892327,-0.763337362883724,0.447706656916562,0.670322098040973,-6.36578943208188,"UBE2C"
"Z47038_s_at",0.0638897210922273,9.66014350389249,0.763276472477568,0.447742737757439,0.670322098040973,-6.3658354069524,"MAP1A"
"U19261_at",0.137910874164998,9.13229988826308,0.763249048044207,0.44775898876015,0.670322098040973,-6.36585611239813,"TRAF1"
"U77970_at",0.107544773708903,4.95127234880809,0.762242191091076,0.448355862671813,0.67106196720449,-6.3666157825204,"NPAS2"
"Y07566_at",-0.0739529793006923,7.21155654695285,-0.761997399933019,0.448501046736842,0.67106196720449,-6.36680032748919,"RIT1"
"L05628_s_at",-0.294322077697198,6.17207761145399,-0.761939151735076,0.448535597381035,0.67106196720449,-6.36684423148023,"ABCC1"
"U33632_at",0.0658550735305568,6.72389364640391,0.761720450159513,0.448665336709616,0.671115229836939,-6.36700904610422,"KCNK1"
"M96859_at",0.132701759360083,8.2777132827606,0.760628643564856,0.449313349192276,0.671866043848481,-6.36783114069938,"DPP6"
"U53786_at",0.247648220751856,7.76102156880524,0.760557199481057,0.449355771787005,0.671866043848481,-6.36788489530143,"EVPL"
"X97301_at",-0.079646781855117,5.49347176560831,-0.760179338306809,0.449580179533667,0.672060620653285,-6.36816911579687,"SRRM2"
"L32977_at",-0.141319754217337,10.1798892929676,-0.759678859007497,0.449877508692687,0.672287948207907,-6.36854535349706,"UQCRFS1"
"M54951_at",0.160444910422074,7.04152322799904,0.759605906276175,0.449920858591657,0.672287948207907,-6.36860017569696,"NPPA"
"U49260_at",0.243483498579575,6.60390407187998,0.759436385704216,0.45002160026596,0.67229756670076,-6.36872754626682,"MVD"
"L04510_at",-0.0721899733465001,6.83785867956456,-0.759259534028636,0.450126712527633,0.672313709115754,-6.36886039529773,"TRIM23"
"M81882_at",-0.0618075911928884,6.65691696864253,-0.758484368774986,0.450587601505875,0.672787775164642,-6.36944233165017,"GAD2"
"U66726_at",-0.117426573661883,3.45744255047724,-0.758408281287507,0.450632855437111,0.672787775164642,-6.36949942093919,"DAZL"
"X82634_at",0.0934274673117486,7.82154838593334,0.758200128453097,0.450756670212775,0.672831721513164,-6.36965557152512,"KRT33B"
"D63480_at",0.110665359267675,7.57008468276387,0.757993081079328,0.450879846929506,0.672874697249413,-6.36981085097348,"SPIDR"
"U11287_at",-0.0766172176489821,5.94985410955223,-0.757514489518961,0.451164645250138,0.673158802006747,-6.37016962083251,"GRIN2B"
"S72043_rna1_at",0.326426356337821,7.71948103840205,0.757014044420257,0.451462559171429,0.673415769207557,-6.37054453437266,"MT3"
"M28210_at",0.112515477818223,4.07803323629022,0.756907847144141,0.451525792791713,0.673415769207557,-6.37062406177746,"RAB3A"
"U45983_at",0.0690668364232936,6.09655797722482,0.756547378716667,0.451740466588767,0.673595019098791,-6.37089392200284,"CCR8"
"U58837_s_at",-0.125045489576986,5.99586772153348,-0.7557775383137,0.45219913543184,0.674062865762385,-6.37146982982075,"CNGB1"
"M29610_at",0.112117823817067,7.68234424411871,0.755703387896801,0.452243328228572,0.674062865762385,-6.37152527033363,"GYPE"
"L18877_f_at",0.0891327496822036,7.93378739582835,0.754021295769013,0.453246504756296,0.675224341699328,-6.37278149237624,"MAGEA12"
"U63139_at",-0.0829962683325265,6.0482405720876,-0.754009688589482,0.453253431568134,0.675224341699328,-6.37279015129102,"RAD50"
"X82895_at",0.0705028137267174,9.81137179251433,0.75392037544968,0.453306732974188,0.675224341699328,-6.37285677418734,"MPP2"
"U09303_at",-0.0925168607444302,8.553108815606,-0.753469172844202,0.453576062458655,0.67548438463918,-6.37319322879437,"EFNB1"
"M31682_at",-0.0737071836236556,3.56846593792179,-0.753151834916927,0.453765541319942,0.675509946107952,-6.37342974387282,"INHBB"
"HG1804-HT1829_at",-0.123800271658315,9.06057665539742,-0.753123039521193,0.453782736977273,0.675509946107952,-6.3734512005107,NA
"M11433_at",-0.0766916188468727,6.37434849714822,-0.752577970786724,0.454108304729719,0.675750017798683,-6.37385720139314,"RBP1"
"U82310_at",0.100881050054074,7.53223439240885,0.752535653886459,0.454133586095313,0.675750017798683,-6.37388870953092,NA
"M17863_s_at",0.11785650181509,7.64664164541589,0.752288976403787,0.454280974625142,0.67581406379321,-6.37407234488481,"IGF2"
"U80669_at",0.25928875863333,6.84442372978883,0.752023594945095,0.454439569407205,0.67581406379321,-6.37426983795262,"NKX3-1"
"HG3729-HT3999_f_at",0.138209826486873,6.70132485010707,0.751987702703385,0.454461021437038,0.67581406379321,-6.37429654317679,NA
"M14218_at",0.120133950276542,4.08260453755352,0.750572007733492,0.455307616630543,0.676825209242801,-6.3753488744488,"ASL"
"AFFX-BioDn-3_st",-0.154068870636737,7.53619994685154,-0.750530433332114,0.455332492092256,0.676825209242801,-6.37537974852073,NA
"D50645_at",-0.143736187036747,6.52223134386542,-0.750374499167148,0.455425800075426,0.676825209242801,-6.37549553368691,"SDF2"
"D14663_at",-0.115051778006947,9.04378960939555,-0.749898716512907,0.455710567073045,0.677107259829874,-6.37584866826611,"PSMD6"
"L11369_at",0.23208360309524,6.83242723973947,0.74932961251951,0.456051323324674,0.67747236590573,-6.37627077800304,"PCDH1"
"Z80787_at",-0.173416919349163,8.10087736996558,-0.748473389074942,0.45656427043208,0.678093059147979,-6.37690525245075,"H4C5"
"U79260_at",-0.0709987016640241,9.56258845165609,-0.747925825783847,0.456892478560837,0.678439175101064,-6.37731063064876,"FTO"
"U22680_at",0.0649896764117637,5.67622918536626,0.747110397443593,0.457381495010068,0.67902388128421,-6.37791377627841,NA
"X81851_s_at",-0.115046778635405,5.31237518374029,-0.746907013678576,0.457503511986514,0.679063613773028,-6.37806411164149,"IL4"
"X87767_at",-0.117897392107076,6.74966981172143,-0.746593110235689,0.457691870151675,0.679201778166381,-6.37829606082879,"FCAR"
"U68385_at",0.0787950237923623,6.3441450287083,0.746406010614254,0.457804160645939,0.679227026273652,-6.37843426660824,"MEIS3P1"
"U90915_at",0.0992541502329871,11.8360249453841,0.745824143828532,0.458153477076033,0.679527189064684,-6.37886385896388,"COX4I1"
"M81780_cds4_at",-0.113863268005456,5.04545201604413,-0.74560691403265,0.458283927366442,0.679527189064684,-6.37902415518977,NA
"U56102_at",0.0698796241432538,6.200159373135,0.745592758389992,0.458292428815121,0.679527189064684,-6.37903459919642,"CD226"
"M11973_cds1_at",-0.15368293395704,6.79657881840089,-0.744913649356393,0.458700387084791,0.679545142340796,-6.37953541518497,"CRYGB"
"S72370_at",-0.131940206157196,5.80805044817056,-0.744596132848467,0.458891198672283,0.679545142340796,-6.37976941683931,"PC"
"X90392_at",0.156463111777337,7.00013822900928,0.744381945047312,0.459019940496383,0.679545142340796,-6.37992721235453,"DNASE1L1"
"L10844_at",0.162735202681989,5.59505416592162,0.744332869616825,0.459049441164835,0.679545142340796,-6.37996336069936,NA
"Y08639_at",-0.145005233626371,7.3345652019843,-0.744304755406113,0.459066341922933,0.679545142340796,-6.37998406821594,"RORB"
"U33849_at",-0.21893340052932,5.15006151897381,-0.744079734405467,0.459201625319311,0.679545142340796,-6.38014977963704,"PCSK7"
"Z78289_at",0.108624689131235,7.4802115910503,0.743945230170329,0.459282500608776,0.679545142340796,-6.38024880855333,NA
"HG3238-HT4861_s_at",0.215428159524851,5.39931383851137,0.743722358297687,0.459416527896807,0.679545142340796,-6.38041285944626,NA
"D49387_at",0.113396885858325,7.33300494288609,0.743613345961825,0.459482092213247,0.679545142340796,-6.38049308330663,"PTGR1"
"X15875_at",0.213235282945888,7.28721413831261,0.743546031860581,0.459522580237849,0.679545142340796,-6.38054261500903,"ATF2"
"U26174_at",0.0950411109112732,6.647787723666,0.743529426224475,0.459532568494311,0.679545142340796,-6.38055483324713,"GZMK"
"L39059_at",-0.176836670749513,7.60342801772785,-0.743489340537422,0.459556680465068,0.679545142340796,-6.38058432673222,"TAF1C"
"U92971_at",-0.171860514993334,8.0717611860789,-0.743463955664543,0.459571950112287,0.679545142340796,-6.38060300312177,"F2RL2"
"M94345_at",-0.322279745846425,9.74461179718226,-0.743352437738108,0.459639034418196,0.679545142340796,-6.38068504266552,"CAPG"
"L21993_at",0.197575079464714,4.51257986504878,0.743135970811123,0.459769267421876,0.679596746309466,-6.38084425464523,"ADCY2"
"M60459_at",-0.176398433876594,6.71137490989174,-0.742372905180982,0.460228518715417,0.679948739056439,-6.38140512714541,"EPOR"
"J04177_at",0.0785165155433063,8.27746422366014,0.742318010666111,0.460261567092782,0.679948739056439,-6.38144545411882,"COL11A1"
"D83767_at",-0.0944820801290165,6.58372772070233,-0.742264912135945,0.460293535514991,0.679948739056439,-6.38148445891961,"UBXN8"
"L17075_s_at",0.0986218191723127,6.19251161445385,0.741722868508749,0.46061995000931,0.680289957243914,-6.3818824728803,"ACVRL1"
"M33882_at",-0.404578795479482,7.70816389775782,-0.741153822474798,0.460962767233857,0.680495395996554,-6.38230000615539,"MX1"
"M59216_s_at",0.104406636375721,6.95504628544182,0.741081284870017,0.461006477389125,0.680495395996554,-6.38235320740041,"GABRB1"
"U66615_at",-0.0805213185746716,9.47006375179877,-0.741016670875096,0.461045414877733,0.680495395996554,-6.38240059291453,"SMARCC1"
"U92459_at",-0.0575643101776793,5.99113386888651,-0.740370940449517,0.46143464600671,0.680911165475987,-6.38287392417952,"GRM8"
"M21188_at",0.0767125904524137,6.54607158297578,0.74016711318812,0.46155754717896,0.680911165475987,-6.38302324859711,"IDE"
"AB001325_at",0.0855761622407751,9.74645752257518,0.739979501043083,0.461670687655534,0.680911165475987,-6.38316065798302,"AQP3"
"U43944_at",0.0880030352362215,6.67637175015188,0.739915717734482,0.461709156110383,0.680911165475987,-6.3832073658284,"ME1"
"M28249_at",-0.0836132858151579,6.59475168581215,-0.739507840381753,0.461955194868534,0.681063544060849,-6.38350595635596,"ITGA2"
"X14445_at",0.184403572920037,6.90293809163069,0.739427694981982,0.462003548755543,0.681063544060849,-6.3835646085011,"FGF3"
"S83198_at",-0.0849211377261172,4.04469674000291,-0.73860819545131,0.462498140423379,0.681651693834663,-6.38416397672066,"OPRPN"
"Z68193_at",0.139779650872007,6.77079696910011,0.738276415236444,0.462698465071754,0.681805985427147,-6.38440644902775,"OPN1MW"
"U14910_at",-0.245892951038524,6.15946545044788,-0.737304946210078,0.463285309555005,0.682379011393001,-6.38511580291136,"RGR"
"U68019_at",0.282650131068227,6.44578912074052,0.737257712802766,0.463313853073435,0.682379011393001,-6.38515026866835,"SMAD3"
"X68742_at",0.104436824732662,6.67708229212823,0.737127868714467,0.463392324027715,0.682379011393001,-6.38524500342611,"ITGA1"
"U03735_f_at",0.144282418199921,6.54611158299814,0.736889503796229,0.463536398948393,0.682379011393001,-6.38541887262419,"MAGEA3"
"S77393_at",0.0889981904727817,6.10228835579428,0.736789303663253,0.463596970522728,0.682379011393001,-6.38549194451331,"KLF3"
"D50550_at",-0.233212481302397,5.18218890156995,-0.736493943716953,0.463775543539969,0.682379011393001,-6.38570728157776,"LLGL1"
"M32402_at",-0.0914447333896353,5.58736744236645,-0.736314892438757,0.463883816000391,0.682379011393001,-6.38583778047094,"ENDOU"
"X16660_cds1_s_at",-0.0941998036227263,3.08724008438809,-0.736260127285605,0.463916935403756,0.682379011393001,-6.38587768900578,NA
"U85193_at",-0.0635427988687489,8.15820710763547,-0.736207422200865,0.463948810242934,0.682379011393001,-6.38591609356356,"NFIB"
"M90359_at",0.102465250149923,5.15361834587841,0.735593607768879,0.464320122915326,0.682784273156633,-6.38636316162376,"AKAP5"
"L25441_at",0.0593928015909313,6.73909090920063,0.735267974722294,0.464517175509038,0.682807962678225,-6.38660018536323,"PGGT1B"
"U83117_at",0.0813094027332113,6.68787893141201,0.734999237982546,0.464679833804307,0.682807962678225,-6.38679571720529,"SUMO1"
"U18919_at",-0.158121031531775,6.67815270610286,-0.734820074823058,0.464788293858621,0.682807962678225,-6.38692603652397,"COASY"
"D00761_at",-0.156050768911118,9.94441885342042,-0.734811075462995,0.464793742182869,0.682807962678225,-6.38693258163382,"PSMB1"
"M73548_at",-0.0747216686208505,6.66388510765982,-0.734775752736956,0.464815127349899,0.682807962678225,-6.38695827059968,"APC"
"U90546_r_at",-0.248131276116442,7.12161353832021,-0.734315384604087,0.465093895565934,0.682999245531861,-6.38729296875753,"BTN3A2"
"M93415_at",0.096207421818848,6.72733296220897,0.73420079055056,0.465163300819879,0.682999245531861,-6.38737624913115,"ACVR2A"
"U14603_at",-0.185534709395062,10.9177143499896,-0.733836131503518,0.465384200015269,0.682999245531861,-6.38764117716596,"PTP4A2"
"AC000064_cds2_at",0.0952674794177701,7.42688897535217,0.73383484670191,0.465384978413603,0.682999245531861,-6.3876421103565,"PEX1"
"HG2507-HT2603_at",0.145921082890935,5.91227704679995,0.733721723678888,0.465453517004704,0.682999245531861,-6.3877242687433,NA
"X94629_at",0.0567660339073273,5.74832619342701,0.733498887208363,0.465588545149267,0.682999245531861,-6.38788607272706,NA
"X14253_s_at",0.102388053749629,7.07029063337191,0.733399540629855,0.46564875153861,0.682999245531861,-6.38795819375155,"CRIPTO"
"HG4236-HT4506_f_at",-0.0995787386094253,7.02033811337268,-0.733295532907305,0.465711787421851,0.682999245531861,-6.38803368823868,NA
"X67594_at",-0.18413083841793,7.55057307023836,-0.731951381134201,0.466526871648976,0.684053901272223,-6.38900839790388,"MC1R"
"HG2702-HT2798_r_at",-0.075343486388911,0.841255469810111,-0.731633765110193,0.466719589733632,0.684195754721584,-6.38923845932926,NA
"U30894_at",0.174584191704057,8.0455133649669,0.731325677024728,0.466906569667113,0.684329139629287,-6.38946152530297,"SGSH"
"L21998_at",0.199706864594713,8.72155862394577,0.730174249586096,0.467605751011027,0.685184817441919,-6.39029437738238,"MUC2"
"M27533_s_at",0.150738493522209,6.14288788940597,0.730018702320295,0.467700249367328,0.685184817441919,-6.39040678890432,"CD80"
"U08015_at",0.114327735590224,6.8943019926066,0.729855728034048,0.467799271385112,0.685184817441919,-6.39052454249935,"NFATC1"
"D13814_s_at",0.0942031764898736,6.88122351424747,0.729731377331161,0.467874833960901,0.685184817441919,-6.39061437202342,"AGTR1"
"X68264_rna1_at",-0.182278404208247,6.72072730591966,-0.728820251494875,0.468428696430755,0.685855037349529,-6.39127209878038,"MCAM"
"L37362_at",-0.173511278842655,6.34109506583584,-0.728276358828876,0.46875949874877,0.686198453096506,-6.3916643399897,"OPRK1"
"M91196_at",0.324075154909854,6.6352235954421,0.727961719124156,0.468950926770911,0.686337745216552,-6.39189111819169,"IRF8"
"D21163_at",-0.17043078018082,6.54926902742357,-0.727790047701334,0.4690553909412,0.686349729478616,-6.3920148105425,"EFTUD2"
"U60800_at",-0.37649334338464,4.3999459124264,-0.727575809076857,0.469185776201636,0.68637563346787,-6.39216913300323,"SEMA4D"
"D86965_at",0.0921188093417431,10.2410790943432,0.727444579139561,0.469265652619217,0.68637563346787,-6.39226363972225,"TBC1D5"
"M31516_s_at",0.101238573024957,7.14126552935589,0.727270182452885,0.469371815445282,0.686390086627572,-6.39238920746506,"CD55"
"M83822_at",-0.154291278396048,6.4929325768098,-0.726488102028192,0.469848068346183,0.686945627407698,-6.39295195004637,"LRBA"
"M27396_s_at",-0.133562908901975,6.82462852631693,-0.726114201465333,0.470075853750198,0.687137740698209,-6.39322077774779,"ASNS"
"U11821_s_at",-0.0675724443879036,6.5643570913828,-0.72547245336379,0.470466960681791,0.687499078663853,-6.3936818650148,"FASLG"
"U19107_rna1_at",0.0701200877082551,6.60707781963937,0.725392137048681,0.470515921559958,0.687499078663853,-6.39373954290321,"MKRN3"
"M15517_cds3_s_at",-0.129390294657212,7.6855217998832,-0.72417453051036,0.471258526882214,0.688325265840523,-6.39461317679509,"TTR"
"U48296_at",0.136764091221837,8.99236717301281,0.724148418389134,0.471274459611108,0.688325265840523,-6.39463189642469,"PTP4A1"
"U10687_s_at",0.111942369611957,7.47757165449038,0.723100859891387,0.471913894230591,0.68910307343919,-6.3953823363763,"MAGEA4"
"K02268_at",0.18616288822572,7.08736108960918,0.72295932746042,0.472000323692462,0.68910307343919,-6.39548364392086,"PDYN"
"X87342_at",-0.133098887720532,4.40464216482847,-0.72263995455908,0.472195387512534,0.689246707120568,-6.39571217613585,"LLGL2"
"U15174_at",0.114348030069257,7.33841984509533,0.721883012843072,0.472657886789015,0.689780568048903,-6.3962534199826,"BNIP3"
"D42073_at",-0.117214554501519,6.74270688805056,-0.721385963807126,0.472961727325963,0.689855059363988,-6.39660852596931,"RCN1"
"HG662-HT662_at",-0.0886611101672052,12.4779833064987,-0.721352528729275,0.472982169753669,0.689855059363988,-6.39663240428686,NA
"X04201_at",0.205594120984175,7.28617955766826,0.721252686496328,0.473043216908567,0.689855059363988,-6.39670370208574,"TPM3"
"S79219_s_at",-0.103904870552473,7.97496040825808,-0.721166365637218,0.47309600017261,0.689855059363988,-6.39676533636821,"PCCA"
"AFFX-HUMGAPDH/M33197_M_at",0.199568941665499,13.5424100970375,0.718953138370248,0.474450467831333,0.691361043945203,-6.39834312769378,"GAPDH"
"M16474_s_at",0.0556000851839062,6.45368496636346,0.718898475213948,0.474483948491244,0.691361043945203,-6.39838203610849,"BCHE"
"U61538_at",0.116064470197423,6.97406925863777,0.718680735207156,0.474617325304251,0.691361043945203,-6.39853699123406,"CHP1"
"X77307_at",0.10709566493517,6.97590720293456,0.718447984617328,0.474759920093738,0.691361043945203,-6.39870257750315,"HTR2B"
"X82224_at",-0.191176993284548,6.21096424291325,-0.718245589152551,0.474883937308743,0.691361043945203,-6.39884652517774,"KYAT1"
"U23143_at",-0.0761980324083318,8.45556448431776,-0.718102322579291,0.474971734442122,0.691361043945203,-6.39894839504248,"SHMT2"
"X51441_s_at",-0.132475270641773,3.716925181976,-0.718094096571147,0.474976775809849,0.691361043945203,-6.39895424354704,"SAA1"
"AB000462_at",0.139654657941625,7.35132157706618,0.71805472344971,0.475000906323065,0.691361043945203,-6.39898223602558,"SH3BP2"
"J02883_at",0.0944451888072839,7.42424298877787,0.718053594623103,0.475001598154524,0.691361043945203,-6.39898303854707,"CLPS"
"X97249_at",-0.0657946654715182,8.78842083498765,-0.717675983944518,0.47523305859142,0.69155674111007,-6.39925142511254,"CENPI"
"Y10205_at",0.0742723306188369,7.04533031851655,0.716938059437122,0.475685559438182,0.692073949639755,-6.3997755027698,NA
"HG2379-HT3997_s_at",0.0834224404761619,7.00763280741487,0.716429284465848,0.475997684456665,0.692108429733018,-6.4001365277154,NA
"M13577_at",-0.0942975737247291,4.94672839862361,-0.716404174827311,0.476013091770287,0.692108429733018,-6.40015433888443,"MBP"
"L14595_at",-0.143236390377336,5.28075591111518,-0.716401627721411,0.476014654694051,0.692108429733018,-6.40015614560381,"SLC1A4"
"L40380_at",0.0708794173739928,7.05576627800888,0.715995303648172,0.47626401502195,0.692108429733018,-6.40044427930024,"TRIP11"
"X58079_at",-0.171357854112358,6.16051124111322,-0.715885092497578,0.47633166399232,0.692108429733018,-6.40052240476288,"S100A1"
"Y00064_at",-0.0626780797105058,7.04592698977277,-0.715682312276708,0.476456147042271,0.692108429733018,-6.40066611875467,"CHGB"
"L10386_at",-0.315358780030193,6.14012318972064,-0.715643468346082,0.47647999469281,0.692108429733018,-6.40069364356627,"TGM3"
"L19314_at",-0.111459228569442,8.02995099368929,-0.715633805858262,0.476485926936408,0.692108429733018,-6.40070049017694,"HES1"
"U37529_at",0.0558197926700617,6.27924698176611,0.714462228989258,0.477205517554431,0.692783561780654,-6.40152996637677,"TAC1"
"M96995_s_at",0.102465964250507,10.0775897165788,0.71441670323849,0.477233492031766,0.692783561780654,-6.40156217155302,"GRB2"
"U89942_at",-0.113522807319885,6.25598579800567,-0.714402434443439,0.47724226005117,0.692783561780654,-6.40157226496371,"LOXL2"
"U13991_at",0.180953113529156,9.32557493651195,0.713981206317713,0.477501140682375,0.692882641830855,-6.40187014230637,"TAF10"
"U24153_at",0.134901762485732,5.69032757939408,0.713824350939858,0.477597561728588,0.692882641830855,-6.40198102051125,"PAK2"
"X58723_at",-0.0510994823482172,6.82923259785886,-0.713816984358856,0.477602090329194,0.692882641830855,-6.40198622722242,"ABCB1"
"D85245_at",0.0804660911385273,9.00846315708907,0.713409907661547,0.477852377707814,0.69310470003642,-6.40227386732281,"NR4A1"
"Z37976_at",0.109991937870365,7.53535985476206,0.712574339307551,0.478366348499912,0.693709051760755,-6.40286377244681,"LTBP2"
"U24166_at",-0.0976859414181934,10.4351114054673,-0.712214451347784,0.478587816007116,0.693800739603045,-6.40311764067336,"MAPRE1"
"D25216_at",0.0940594183876531,10.0744842581942,0.712155309366341,0.478624216210937,0.693800739603045,-6.40315934786418,"LRRC14"
"U59302_at",-0.0942458018590404,8.28941158112081,-0.711828276591937,0.478825523422879,0.693951444700489,-6.40338991118892,"NCOA1"
"X52611_s_at",0.24854098336985,5.6570721551919,0.711669062074347,0.47892354606105,0.693952430867728,-6.40350212216871,"TFAP2A"
"U91521_at",0.0638977192616954,6.42966065913842,0.710866904792145,0.47941757543521,0.69452710735168,-6.40406708892865,"PEX12"
"Z26653_at",-0.087290625379751,5.93371667980234,-0.710492846222214,0.47964804610314,0.694716603959022,-6.40433032701427,"LAMA2"
"U71092_at",0.0728698193758097,4.48152562276152,0.710338309310849,0.479743279743339,0.694716603959022,-6.40443904015491,"MCHR1"
"U18297_s_at",0.056604702490942,5.98084882582537,0.709701651329351,0.480135732314558,0.695074801993858,-6.40488666836571,"STK4"
"X52947_at",0.100939806841223,6.44085602847173,0.709502633901901,0.480258448478713,0.695074801993858,-6.40502651443292,"GJA1"
"D49958_at",0.0705548206197211,6.95885367939274,0.709374263199339,0.480337612411477,0.695074801993858,-6.40511669776078,"GPM6A"
"U14972_at",-0.090440710353711,13.6453923481772,-0.709304502966666,0.480380635351906,0.695074801993858,-6.4051656991564,"RPS10"
"U79266_at",0.108204450380798,8.95659180788674,0.709139188056705,0.480482597891172,0.695081258191186,-6.4052818016588,"SAC3D1"
"L76200_at",-0.270956949630783,9.95215850584488,-0.708466600521142,0.480897558908263,0.695253747228307,-6.40575389219303,"GUK1"
"HG2815-HT2931_at",-0.0991631109112117,12.891675585713,-0.708465956210292,0.480897956519112,0.695253747228307,-6.4057543442243,NA
"U40271_s_at",-0.174419935625898,5.70649267121462,-0.708409263698685,0.48093294276622,0.695253747228307,-6.40579411658712,"PTK7"
"U01102_at",-0.0799561802946496,5.28087468647662,-0.708285331678299,0.481009428980006,0.695253747228307,-6.40588104957777,"SCGB1A1"
"S70609_at",-0.157676198892844,8.22505992383072,-0.708155673408201,0.481089456456339,0.695253747228307,-6.40597198323102,"SLC6A9"
"M97935_s_at",-0.147682231515441,8.78301684149409,-0.707366926657734,0.481576444863016,0.695624496234584,-6.40652480380231,"STAT1"
"X80695_at",0.131007394274254,9.38383731245959,0.707320796100118,0.481604935285428,0.695624496234584,-6.40655711719957,"OXA1L"
"X69391_at",-0.0643607095671221,13.3943731077085,-0.707117363969922,0.481730586970833,0.695624496234584,-6.40669959194693,"RPL6"
"X82103_at",-0.088808922696824,8.78518223686621,-0.70710810264528,0.481736307744444,0.695624496234584,-6.40670607720172,"COPB1"
"X79781_at",-0.101745817898101,8.34643935409124,-0.706544576789627,0.482084471874059,0.695986269742844,-6.40710052929552,"RAB35"
"L11370_at",-0.0902472081947465,10.0237699439418,-0.706376174306352,0.482188543357044,0.695995571085718,-6.40721834605674,"PCDH1"
"U24389_s_at",0.111676111468391,6.36424836880614,0.705641602955341,0.482642648739358,0.696285800652773,-6.40773193863683,"LOXL1"
"K01160_s_at",-0.163117676875081,6.95952357084965,-0.705602813385029,0.48266663469193,0.696285800652773,-6.40775904461309,"HLA-DQA1"
"U43519_at",-0.239978611757538,6.8555950055774,-0.705576956336332,0.48268262404629,0.696285800652773,-6.40777711258537,"DRP2"
"X77567_s_at",0.188482847246094,6.83342223608124,0.704778886376259,0.483176275013846,0.6968569015929,-6.40833445392088,"INPP5A"
"M33317_f_at",0.202973968383004,7.04686725494028,0.704237823926061,0.48351111150451,0.696892031116788,-6.40871195722745,"CYP2A7"
"L11284_at",-0.113026185501527,8.60817653046558,-0.704155736739925,0.48356192238455,0.696892031116788,-6.40876920508533,"MAP2K1"
"X76342_at",0.053089378965379,6.4363041880262,0.704144122392662,0.48356911175034,0.696892031116788,-6.40877730443555,"ADH7"
"D63882_s_at",0.0647382370983589,6.13971464411632,0.703998314126363,0.483659373168548,0.696892031116788,-6.40887897368781,"DMC1"
"HG4606-HT5011_at",-0.0727847681145928,8.69043316354608,-0.703949803666428,0.48368940524139,0.696892031116788,-6.40891279447852,NA
"X66114_rna1_at",-0.244251832576033,6.49868481286787,-0.703240619609845,0.484128567955243,0.697383827228314,-6.40940696487945,"SLC25A11"
"X78711_at",0.0578518692136241,7.12303652756574,0.702415432964831,0.484639842989188,0.697979280943419,-6.40998134922056,"GK3"
"X95654_at",0.0619875229347571,6.20559196386984,0.701652738427591,0.485112664136291,0.698373676808674,-6.41051164335236,"SYCP1"
"X15954_rna1_s_at",-0.137775193778489,4.8496913164589,-0.701559680551433,0.485170371430057,0.698373676808674,-6.41057630669226,"MBL2"
"U68536_at",-0.0968584271299289,6.86812452793763,-0.701499685590721,0.485207577673357,0.698373676808674,-6.41061799104263,"ZNF24"
"U69126_s_at",0.135505511697616,9.61266001914271,0.700675308401386,0.485718979897649,0.698847896085006,-6.41119041012326,"KHSRP"
"X64877_at",0.0972436750947168,7.10787622571952,0.700652541209434,0.485733107743191,0.698847896085006,-6.41120620945379,"CFHR2"
"U63743_at",-0.214476495987734,8.19531438114513,-0.700001383617976,0.486137270033952,0.699230184705046,-6.41165786695771,"KIF2C"
"X56199_at",0.163762873075568,8.0159121079158,0.69990842682819,0.48619498184639,0.699230184705046,-6.41172231007848,"XIST"
"HG2796-HT2904_at",0.134136199571378,7.38041159400302,0.69958459147578,0.486396063121547,0.699378284387558,-6.41194674587417,NA
"M15990_at",0.098395263827407,7.94297293925614,0.699190225423582,0.486641001449983,0.699555983639285,-6.4122199249659,"YES1"
"M19888_at",-0.107597803146838,6.63749826881486,-0.699069649659474,0.486715903892671,0.699555983639285,-6.41230341799095,"SPRR1B"
"D25278_at",-0.0767185111976083,8.70618975750086,-0.698703447402989,0.486943430070357,0.69974192964555,-6.41255690867446,"IQCB1"
"L27071_at",-0.066047421782855,6.50983475454807,-0.698332340739376,0.487174063229133,0.699804576848406,-6.41281366057564,"TXK"
"S72493_s_at",0.21466814773717,9.22438013980381,0.698317396755131,0.487183351788279,0.699804576848406,-6.41282399682312,"KRT16"
"M83738_at",-0.158658224999884,6.79286253175249,-0.69778532333376,0.487514130095515,0.700067220894795,-6.41319187176873,"PTPN9"
"Z49155_at",-0.19597822437345,6.79812779022091,-0.697491871823089,0.487696615346983,0.700067220894795,-6.41339464543656,"HTT"
"M14123_xpt3_at",0.0842464083008689,6.99623586800806,0.697334662717773,0.487794392604317,0.700067220894795,-6.41350324160047,NA
"AFFX-BioB-3_at",0.142845494488013,6.35219149333784,0.697310856575508,0.487809199935214,0.700067220894795,-6.41351968418947,NA
"U02683_s_at",0.107153848558403,6.90992824358076,0.697233694048642,0.487857196437837,0.700067220894795,-6.41357297552393,"NRF1"
"X62822_at",-0.115730900690055,5.89757179972938,-0.696478714204125,0.488326944867822,0.700600279726848,-6.41409408593142,"ST6GAL1"
"L27080_at",-0.213648328683614,4.09939813813805,-0.69628254251171,0.488449043614037,0.700634453103515,-6.41422939851756,"MC5R"
"L04953_at",0.12170941224386,8.03629673271738,0.695243332364886,0.489096135962068,0.701421515444293,-6.41494558311131,"APBA1"
"D63478_at",0.0935198902768573,9.54283242314683,0.694990622523532,0.489253563791995,0.701506165783012,-6.41511958169792,"UBAP2L"
"D32002_s_at",-0.107906130813076,4.67593431830213,-0.694511420426946,0.489552163433377,0.701545631030393,-6.41544935584736,"NCBP1"
"L07044_at",-0.138288097528549,6.92757618272615,-0.69443642387184,0.489598904225252,0.701545631030393,-6.41550094617201,"CAMK2G"
"X83127_at",0.190426017807796,7.3168450958868,0.694377671042355,0.489635523003274,0.701545631030393,-6.4155413585554,NA
"M86852_at",0.12086575561763,7.35229985754467,0.694262091485688,0.489707564471446,0.701545631030393,-6.41562084863025,"PEX2"
"D21239_at",0.119283852160721,5.86276682012291,0.694156918284823,0.48977312465118,0.701545631030393,-6.41569317036628,"RAPGEF1"
"X55777_cds2_at",0.0752643794583099,4.90260530046267,0.693326662162905,0.490290837658992,0.702135836586931,-6.41626371156802,NA
"X76717_at",0.128182316521359,10.4488599940562,0.693180278353763,0.490382147617664,0.702135836586931,-6.41636423474584,"MT1X"
"U46744_at",0.0907017247367277,5.49352860034506,0.692533948943623,0.49078542062564,0.70257214129321,-6.41680782499447,"DTNA"
"Z31357_at",0.0922044188610638,8.79702329455923,0.691199422945687,0.491618664577665,0.703510127109607,-6.41772244781863,"CDO1"
"X71129_at",-0.0993440459042478,8.89309951598464,-0.691168436031682,0.491638021217571,0.703510127109607,-6.4177436641444,"ETFB"
"U41763_at",-0.0945672503979482,3.89451837848599,-0.690220035366737,0.492230661908471,0.704147098907768,-6.41839256737416,"CLTCL1"
"L10035_at",0.103427687327136,6.31731637789467,0.690139981346042,0.492280704300227,0.704147098907768,-6.41844730072275,"CRYBB2"
"X99296_xpt1_at",-0.130157407714613,4.49910973222738,-0.689704308491293,0.492553095601477,0.704186504600483,-6.41874506267637,"NELFE"
"X74496_at",-0.0935372743150005,8.07483090130854,-0.689627460836643,0.492601150832047,0.704186504600483,-6.4187975651893,"PREP"
"X51956_rna1_at",-0.1328438320624,6.68832965092441,-0.689621966547813,0.492604586680125,0.704186504600483,-6.41880131868024,"ENO2"
"U35340_at",0.0959774766757446,5.2336740726751,0.689293554365582,0.492809982724325,0.704338886696413,-6.41902562389258,"CRYBB1"
"M35851_s_at",0.0941340719223636,6.2576477587614,0.687016076743962,0.494235654090498,0.706232138114942,-6.42057823762205,"AR"
"X52426_s_at",0.212559073318895,5.06498801079641,0.686861055292918,0.494332777275012,0.706232138114942,-6.4206837352851,"KRT13"
"U73524_at",0.0954248946594625,7.45253054000134,0.686170348444642,0.494765641696234,0.706387256640191,-6.42115350049009,"CLP1"
"AB002365_at",-0.109629621894833,6.68916145207949,-0.68602596151434,0.49485615477983,0.706387256640191,-6.42125164232332,"PRUNE2"
"L77864_at",0.150901751096603,4.01935164074854,0.685604081220584,0.495120674264044,0.706387256640191,-6.42153828350334,"APBB1"
"M21642_at",0.0992146145394015,6.31213856337206,0.685538267255215,0.495161946654519,0.706387256640191,-6.42158298426816,"SERPINC1"
"U13696_s_at",-0.0782929908372152,5.19864731884741,-0.685481180144445,0.495197747893408,0.706387256640191,-6.42162175433349,"PMS2"
"M58378_cds1_at",0.138504782186837,8.62002382327555,0.685455621650804,0.495213776937964,0.706387256640191,-6.42163911106244,"SYN1"
"L76517_at",0.0969520658191847,8.67855020103615,0.685428921112776,0.495230522519304,0.706387256640191,-6.42165724266949,"PSEN1"
"Y00503_at",0.0707627847238603,5.92687014984523,0.685388927995673,0.495255605287752,0.706387256640191,-6.42168439960022,"KRT19"
"J05037_at",0.304690238054147,5.09826880712523,0.685218654260443,0.495362404830683,0.706387256640191,-6.42180000479039,"SDS"
"J02611_at",0.0785564923271078,9.23783120933893,0.685107359590067,0.495432218151348,0.706387256640191,-6.42187555157089,"APOD"
"M60830_at",0.171496910259092,8.33872709747233,0.684752230513776,0.495655020641354,0.706441614946061,-6.42211653206188,"EVI2B"
"HG1067-HT1067_r_at",0.129922023344354,3.34630870705481,0.684603385305196,0.495748420054894,0.706441614946061,-6.42221749750729,NA
"L10338_s_at",-0.0862270672070053,9.28866725231234,-0.684572781183248,0.495767625133279,0.706441614946061,-6.42223825436686,"SCN1B"
"U96094_at",0.26395900038133,7.48870592144915,0.683541184958291,0.496415222197417,0.70722304537278,-6.4229373856758,"SLN"
"U20648_at",-0.0743858454353781,6.80361070353722,-0.682934184779575,0.49679648896996,0.707624809164205,-6.42334827423315,"ZNF154"
"L19063_at",-0.0675486862932662,5.7345339284807,-0.682584931621617,0.497015932777359,0.707795961799799,-6.42358452620701,"GDNF"
"L40411_at",0.106072183110303,7.67755543800508,0.681822639110401,0.497495081745577,0.708238270859053,-6.42409976389402,"JMJD1C"
"U13913_s_at",0.067140384190683,6.33042074865181,0.681641912774703,0.497608716456664,0.708238270859053,-6.42422183446701,"KCNMA1"
"AB003102_at",-0.0798364548898061,9.19399052062409,-0.681616714408191,0.497624561471875,0.708238270859053,-6.42423885202229,"PSMD11"
"M63623_at",0.0552532769947218,6.96800306791878,0.681286499751915,0.497832229479497,0.708392407975915,-6.4244618029756,"OMG"
"X13930_f_at",-0.0754585410226394,8.90992965266376,-0.681034051575852,0.497991022830952,0.708476951060039,-6.42463217641411,"CYP2A6"
"M85165_at",-0.104984091279086,6.97190494422515,-0.680301571495793,0.498451918448159,0.708827010757109,-6.42512616324819,"ELK4"
"M83712_s_at",-0.0998187599834717,6.51808882669144,-0.680120328390524,0.498565997065128,0.708827010757109,-6.42524831316296,"CHRNA5"
"HG4068-HT4338_at",-0.265387368442219,7.60955329777389,-0.680039225684577,0.49861704957825,0.708827010757109,-6.425302962428,NA
"U54999_at",-0.122550083814591,6.95491604982549,-0.679976883236489,0.49865629481651,0.708827010757109,-6.42534496613418,"GPSM2"
"L05779_at",0.106772869942017,8.29745389700274,0.679853097182288,0.498734224429465,0.708827010757109,-6.42542835667576,"EPHX2"
"U92015_at",0.0884579137728947,7.78485848630584,0.679602953265031,0.498891722902462,0.708909526125503,-6.42559682455123,NA
"U22028_at",0.203541682435642,6.26967761001773,0.679158998480584,0.499171317200001,0.709028713844863,-6.42589567018459,"CYP2A13"
"U57650_at",0.110314693316244,10.4777713829781,0.679153922212254,0.499174514628611,0.709028713844863,-6.42589908613078,"INPP5D"
"U20647_at",0.156499683481011,7.94447813950914,0.678668749337334,0.499480165480356,0.709227434556713,-6.42622545458417,"ZBTB17"
"X04412_at",0.336877196613797,8.09634773638023,0.67842055174095,0.499636565047453,0.709227434556713,-6.42639232431891,"GSN"
"L00205_at",-0.12497387545161,7.21950694997754,-0.678404185405501,0.499646879084497,0.709227434556713,-6.42640332571624,"KRT6B"
"U40152_s_at",-0.158999875529339,6.06466592376247,-0.678300286794928,0.499712358504471,0.709227434556713,-6.42647315991152,"ORC1"
"HG2247-HT2332_at",0.156386296948897,7.64936598191779,0.677784251586902,0.500037645258591,0.709317900848957,-6.42681985025444,NA
"X14975_at",-0.21517050899325,7.59890323034922,-0.677689258612676,0.500097537302649,0.709317900848957,-6.42688364143513,"CD1E"
"L37882_at",-0.163351349014556,6.48968923041713,-0.677581097786196,0.500165736264104,0.709317900848957,-6.42695626455104,"FZD2"
"Y00705_at",0.0586705914954706,5.23446666302171,0.677567849653376,0.500174089994067,0.709317900848957,-6.42696515904283,"SPINK1"
"U13948_at",0.0635639732974136,7.07868283491378,0.675901493166666,0.501225428160082,0.710667477596107,-6.42808254332984,"MLLT10"
"J03060_at",-0.160096226440401,5.46930094628886,-0.675649977911289,0.501384217949657,0.710751260640904,-6.4282509622545,"GBA1"
"D86982_at",0.0744120876764978,7.748963559017,0.675091364973342,0.501736985758795,0.71110993468677,-6.42862479765025,"ANKS1A"
"D55638_at",0.144751871037087,5.68007090078905,0.673835363013346,0.502530648814897,0.712093221109402,-6.42946422521168,NA
"D88613_at",0.093054884286202,8.53436965083114,0.673194618711824,0.502935793605578,0.712308588376685,-6.42989186115149,"GCM1"
"Z11685_s_at",0.0834780248653431,7.12801629964818,0.673148352165884,0.502965054916757,0.712308588376685,-6.42992272412253,"DDX6"
"S74720_at",0.0615954396934999,5.48149760266799,0.673120948885987,0.502982386574306,0.712308588376685,-6.42994100300881,"NR0B1"
"L47125_s_at",0.141372695449951,6.64326011849722,0.672712257689614,0.503240908295532,0.712533154963029,-6.4302135262319,"GPC3"
"M60450_s_at",0.0982257221322493,6.2264060846801,0.671187393707935,0.504206108190133,0.713758011375587,-6.43122889243256,"KCNA4"
"X59131_at",-0.0961957599601622,5.44428171876419,-0.670424467844804,0.504689394535185,0.714186362682524,-6.43173605028818,"USPL1"
"U23752_at",-0.0578785437971945,6.03439508179903,-0.670393430430063,0.504709060905394,0.714186362682524,-6.43175667046801,"SOX11"
"X67325_at",-0.378059468614662,4.03407957944564,-0.670173261373785,0.504848579402728,0.714242016781514,-6.43190291607226,"IFI27"
"L10378_at",-0.0928536515408478,9.19823574889161,-0.669694503608882,0.505152034054081,0.714500930958668,-6.43222076348602,"THAP11"
"X55889_at",-0.0876046803573605,6.86407155331276,-0.669534747445982,0.505253315326501,0.714500930958668,-6.43232677572672,"CNTF"
"D85815_at",0.174771578456935,8.95060929452283,0.669410233155201,0.505332261732866,0.714500930958668,-6.43240938456866,"RHOD"
"L04751_at",-0.141150571999114,6.51025981017624,-0.668884085697351,0.505665930773761,0.714830938030169,-6.43275828886257,"CYP4A11"
"D25218_at",-0.0976769882579749,8.49697352741425,-0.668085411876987,0.506172655068165,0.715405404040632,-6.43328739578374,"RRS1"
"J04449_at",0.116386516587424,5.12398934945287,0.667756308611963,0.506381536260504,0.715501923639048,-6.43350523907485,"CYP3A4"
"U51205_at",-0.095401635877999,7.02937738876954,-0.667593882673875,0.50648464473053,0.715501923639048,-6.43361271458434,"COPS8"
"Y10204_at",-0.0677816860919478,6.45063203174115,-0.667406696815977,0.506603484843116,0.715501923639048,-6.43373654143805,NA
"M37400_at",-0.123969992806752,7.21689828911752,-0.667345397369934,0.506642405741326,0.715501923639048,-6.43377708468261,"GOT1"
"U06454_at",-0.0627813570787401,6.12819298145044,-0.666853623372211,0.506954706183915,0.715801168624506,-6.43410220920202,"PRKAA2"
"M22430_at",0.12350841271633,7.67169543930294,0.666374385819111,0.507259144663822,0.716089196496711,-6.43441881778345,"PLA2G2A"
"X83928_at",-0.0888794542295663,8.21508727117171,-0.665569772075219,0.507770500591987,0.716669154369486,-6.43494988070807,"TAF11"
"X92110_at",-0.0585789610128558,7.89812502872618,-0.665221917434315,0.507991658005278,0.716746763131885,-6.43517927625522,"POLR1HASP"
"D38537_s_at",0.150957790105902,6.17039813906335,0.665049389815277,0.508101365948057,0.716746763131885,-6.4352930070363,"PPOX"
"L35475_at",0.0965366720208003,9.34888753651119,0.665008913201228,0.508127106307834,0.716746763131885,-6.43531968513468,"OR2H1"
"X53065_f_at",0.0632583028703468,7.98729942485104,0.664643065897518,0.508359791853122,0.716777887215373,-6.43556074198157,"SPRR2A"
"M86546_at",-0.0760213376883385,9.31034053238216,-0.664567031297744,0.50840815839927,0.716777887215373,-6.43561082474441,"PBX1"
"X14474_at",0.0810019552975731,6.88873202796661,0.664499994855913,0.508450803148848,0.716777887215373,-6.43565497587091,"MAPT"
"S57887_at",-0.0648977502863586,6.64221639049684,-0.664320877606271,0.50856475668616,0.716796787349868,-6.43577292338197,"PLA2G7"
"U43753_cds2_at",-0.0691424838713832,8.08139153797706,-0.663827254851274,0.508878867824732,0.717097736454342,-6.43609780810018,"FXN"
"L34035_at",0.0690032326566916,5.85460937354817,0.663016401362466,0.509395070189464,0.717675443351329,-6.43663096484622,"ME1"
"U86358_at",-0.136360895124454,3.91993566633161,-0.66278247105186,0.509544045979258,0.717675443351329,-6.43678466030953,"CCL25"
"X98172_at",0.149574020119456,8.54666768411209,0.662709000851212,0.5095908394227,0.717675443351329,-6.43683292019494,"CASP8"
"U67934_at",-0.113229830903732,7.37605197637647,-0.66216923291553,0.509934690002708,0.718017856020009,-6.43718731193935,"RPUSD2"
"M60749_at",-0.0680254049378641,6.33463291515358,-0.661734973410059,0.510211418023477,0.718265639630602,-6.43747222364777,"H4C6"
"AB002314_at",0.0973725740696825,6.48847417621797,0.661122326782186,0.510601957929271,0.71867351590874,-6.43787385867775,"FRMPD4"
"U29463_s_at",0.101461044816257,6.6872251859137,0.66016483202298,0.511212645201286,0.719391027958935,-6.43850083098184,"CYB561"
"M13934_cds2_at",0.0819407603728664,13.9091597347155,0.659836494689345,0.511422147367028,0.719458524316845,-6.43871562117279,"RPS14"
"M19828_s_at",-0.0701201402468334,3.99488232032921,-0.659773340616027,0.511462449324978,0.719458524316845,-6.43875692290469,"APOB"
"X66436_at",0.224925323799355,7.81996854469468,0.659448964659579,0.51166947746137,0.719585081283274,-6.43896899792676,"GNL1"
"L19593_at",0.0660143248612624,6.77041454441605,0.659316092505959,0.511754294025277,0.719585081283274,-6.43905583918076,"CXCR2"
"U18244_at",-0.218237645304884,5.34370961193042,-0.65872063005733,0.512134488787829,0.719977671182889,-6.43944480320735,"SLC1A6"
"Z16411_s_at",0.130376407768166,6.80746689071287,0.658396412660259,0.512341560435796,0.720113182102724,-6.43965644033135,"PLCB3"
"X55019_s_at",0.0809222918082462,8.85384169652782,0.658234273803784,0.512445132230711,0.720113182102724,-6.4397622399637,"CHRND"
"X03068_f_at",0.166726053369079,11.0113107491561,0.658095299340306,0.512533915835211,0.720113182102724,-6.43985290376173,"HLA-DQB1"
"M86868_at",0.081691702778345,4.22702938914216,0.657895724551836,0.512661428168897,0.720150408160802,-6.43998306875469,"GABRR2"
"U94586_at",-0.122627215540174,10.7522951306137,-0.657698529184275,0.512787436814246,0.72018550769282,-6.44011164354657,"COXFA4"
"U20158_at",0.12407543651603,8.46720752014187,0.657291192139325,0.513047778993149,0.720409221280709,-6.44037711375743,"LCP2"
"M63603_at",0.0791055059514347,7.09468128218715,0.657087875898054,0.513177751212523,0.720449820479337,-6.44050955847221,"PLN"
"U47011_cds1_at",0.11075981981017,5.24289921876287,0.655963320506752,0.513896952009844,0.72131745833396,-6.44124138752382,"FGF8"
"AC002115_cds3_at",0.0631758123797272,9.2601898140842,0.655612563561724,0.514121385376848,0.721488538543302,-6.44146939685444,"ETV2"
"U82987_at",0.261669231904149,5.58291272424167,0.655456521603636,0.514221246225069,0.721488538543302,-6.44157079309925,"BBC3"
"D17390_at",-0.0676360627246462,3.03939147532277,-0.654530726195461,0.514813931305898,0.722177984313213,-6.4421718854849,"ADAM11"
"D80011_at",-0.0596123079738078,5.10667001863433,-0.654302401399137,0.514960158250946,0.722240993147943,-6.44232000115529,"STARD8"
"U12139_at",-0.252550892737685,7.64936242192093,-0.653395743569699,0.515541029928039,0.722913454436859,-6.44290765151791,"COL11A1"
"X53002_s_at",0.126767408332548,7.11979676979362,0.652737412882667,0.515963022374022,0.72336290786714,-6.44333384396374,"ITGB5"
"U90909_at",-0.106716124009253,9.45049875356587,-0.652485371231354,0.516124630411355,0.723447206095665,-6.44349689918397,"MAPK1IP1L"
"X00368_xpt2_at",0.0858073871215641,6.6955238438213,0.651922851743582,0.51648541211446,0.723810596218593,-6.44386058973627,"PRL"
"U68133_at",0.0587469409750883,6.49242163597234,0.651394620247222,0.516824324030599,0.724143200867559,-6.44420182953489,NA
"X82456_at",-0.103129844434719,11.057984382776,-0.650832698234032,0.517184980719725,0.724506136284323,-6.44456453346073,"LASP1"
"Y00970_at",-0.237515046728495,6.62209016995753,-0.650664763606006,0.517292791496115,0.724514795790923,-6.44467287021727,"ACR"
"hum_alu_at",0.124888870020193,14.4935555504511,0.649728986399388,0.517893759686997,0.724990976867952,-6.44527604596425,NA
"U50708_at",-0.0548624352122404,6.12008359231968,-0.649708106573214,0.517907173183036,0.724990976867952,-6.44528949472876,"BCKDHB"
"U34301_r_at",-0.0785171360744403,8.84073192641448,-0.649656905748555,0.517940066094131,0.724990976867952,-6.44532247153971,"MYH10"
"X80692_at",-0.129725541965135,9.0699903412349,-0.649502042008536,0.518039561813066,0.724990976867952,-6.44542219867916,"MAPK6"
"M64936_at",-0.089490436012758,6.99635935682978,-0.649161277411282,0.518258529264171,0.725155064793773,-6.44564155709214,"ACSM3"
"HG4234-HT4504_at",0.122285752960094,7.4418500405527,0.648685002540195,0.518564654286659,0.72542664759557,-6.44594795609355,NA
"D86963_at",-0.0557662980852793,9.02976379040156,-0.648338079776841,0.518787698433308,0.72542664759557,-6.44617099987181,"DVL3"
"U65581_at",0.0852204728570722,10.2887193295625,0.648236598668811,0.518852952392163,0.72542664759557,-6.44623622186766,"RPL3L"
"X95586_at",-0.0698394735610748,9.50587806944244,-0.64822617630499,0.518859654382075,0.72542664759557,-6.44624291975845,"PSMB5"
"L15388_at",0.235023640512071,5.06459756383224,0.647929490622297,0.519050454083846,0.725551115130145,-6.44643353899354,"GRK5"
"X99101_at",0.0756943115698547,8.45260056531265,0.647402227984461,0.519389629936254,0.725762368811372,-6.44677209003771,"ESR2"
"Z78291_at",0.0595600827465494,5.14876099338524,0.647378042241537,0.519405190864865,0.725762368811372,-6.44678761297126,NA
"M10050_at",0.0591791951405103,5.34412914300525,0.646985879655056,0.519657539648244,0.725972682765497,-6.44703923140827,"FABP1"
"X58255_at",0.11569850783763,8.11551517504904,0.646114763603589,0.520218316283444,0.72660950609168,-6.44759761561701,NA
"K02054_at",0.082719049928274,6.73240594832907,0.645961162205994,0.520317229428816,0.72660950609168,-6.44769599677802,"GRP"
"HG3730-HT4000_s_at",0.247794145602017,7.29021632830138,0.645493999168969,0.520618124494736,0.726887310913235,-6.44799507097264,NA
"D87435_at",0.124675850571528,8.68629002051251,0.645176131569096,0.520822912147268,0.727030847992535,-6.44819844509249,"GBF1"
"U31382_at",0.0717957370771867,7.71899581988512,0.644449844047053,0.521290985050452,0.72754178395158,-6.44866275777088,"GNG4"
"AF012270_at",0.105718922012366,7.22469400127098,0.643727885233622,0.521756487116384,0.728048932599863,-6.44912379072854,"RRH"
"HG4194-HT4464_at",-0.153079189719828,6.27303947744455,-0.643071121635429,0.522180142295767,0.728497501844721,-6.44954274715546,NA
"Y08263_at",0.142633414825369,7.973061239811,0.642317287327767,0.52266663673176,0.729033545932443,-6.4500231048631,"KCNN3"
"M90366_at",0.0583347741092624,8.11521899289099,0.641604414897298,0.523126914502626,0.729532819540145,-6.45047684842239,"ZP2"
"L42324_at",0.102462261575885,8.36226273103277,0.640772036609009,0.523664621782736,0.729993490552448,-6.45100602707406,"GPR18"
"U04313_at",-0.0864532192178746,5.82868839680943,-0.64062461941734,0.523759881824615,0.729993490552448,-6.45109967572174,"SERPINB5"
"AFFX-BioC-5_st",-0.100630980286083,4.20486576167376,-0.640617563405859,0.523764441601315,0.729993490552448,-6.4511041576086,NA
"HG1034-HT1034_f_at",0.084134980797919,5.46186734851045,0.64036801862814,0.523925717235414,0.730075535217214,-6.45126263382399,NA
"X55037_s_at",0.0934801372396521,9.09114959919074,0.640130437536651,0.524079285127756,0.730146809395304,-6.45141345563802,"GATA3"
"L40366_at",0.0773690799104569,5.63814875489918,0.639587363301131,0.524430406378409,0.730414184033349,-6.45175800355069,"MED1"
"M81650_rna1_at",-0.070082488033254,6.76112812474368,-0.639392383407648,0.524556499409589,0.730414184033349,-6.45188163601614,"SEMG1"
"U33202_s_at",-0.0874707216071933,6.63257682429862,-0.639358258492741,0.524578569540012,0.730414184033349,-6.45190327004233,"MDM2"
"X91653_s_at",0.0703559275677366,7.12450228361334,0.63878689167242,0.524948170469419,0.730786078359009,-6.45226532743103,"MGAT5"
"X57830_at",0.0625485094079643,5.20395496203194,0.637758640473468,0.525613659463174,0.731042622076133,-6.45291609193911,"HTR2A"
"U94332_at",0.0619416028841417,6.91398619318335,0.637742204830047,0.525624300262906,0.731042622076133,-6.45292648539005,"TNFRSF11B"
"AFFX-HUMRGE/M10098_5_at",-0.451943019325757,8.78891683536819,-0.637731256853335,0.525631388288003,0.731042622076133,-6.45293340844381,NA
"HG2171-HT2241_r_at",-0.0986013079050587,2.34597923894383,-0.637684554661588,0.52566162514819,0.731042622076133,-6.45296293968441,NA
"M11313_s_at",0.0906099107247655,6.94654207438624,0.637621889041515,0.52570219879425,0.731042622076133,-6.45300256173467,"A2M"
"S72503_s_at",0.116215619399901,10.2100135712335,0.637482713983381,0.525792315286023,0.731042622076133,-6.45309054519595,"KCNJ4"
"U00928_at",-0.0982838813990448,6.41237935160767,-0.637393217758309,0.525850268762297,0.731042622076133,-6.45314711274066,NA
"X77777_s_at",0.095243950193086,4.80958005053149,0.636973572030818,0.526122055715557,0.731277858295224,-6.45341225190236,"VIPR1"
"U52700_at",-0.111284445770938,6.44342748474553,-0.636723783877697,0.526283867811272,0.731360174196211,-6.45356999024024,"TNXB"
"D14823_at",0.0707887101315325,6.58643529242863,0.636559692373916,0.526390179967804,0.73136312922708,-6.45367357883675,"RUNX1T1"
"U66468_at",0.159891668226303,7.75262745457589,0.636403825385831,0.526491173964564,0.73136312922708,-6.45377195096525,"CGREF1"
"S75295_at",-0.073728587475058,7.35976697028863,-0.636218785528067,0.526611083630173,0.731387183946913,-6.45388870400195,"KPNA1"
"U55209_at",0.136891882106073,6.93913890507626,0.635345818182236,0.527176976474641,0.731889979527967,-6.45443906001129,"MYO7A"
"X68285_s_at",0.0552430664811734,6.02719573338478,0.635343572783149,0.527178432441592,0.731889979527967,-6.45444047464355,"GK"
"S62028_s_at",-0.113690669111221,6.29747940097776,-0.635144708834235,0.527307388574585,0.731926474522627,-6.45456574205267,"RCVRN"
"HG3859-HT4129_at",0.067042570431477,6.63782601467591,0.634670115171857,0.527615211880589,0.73214440330912,-6.45486453906793,NA
"D29956_at",-0.0614354803016299,7.44461771960888,-0.634585980700798,0.527669791583989,0.73214440330912,-6.45491748581387,"USP8"
"U13706_at",-0.085458566801023,8.47601712655474,-0.633941295635965,0.528088109078532,0.732582239661579,-6.45532296281785,"ELAVL2"
"L00972_at",-0.092199529889915,7.7072225557524,-0.633584823329002,0.52831948766725,0.732606577893928,-6.45554699237327,"CBS"
"HG4490-HT4876_f_at",-0.144551253919783,8.93156393730981,-0.633549673626462,0.528342305445211,0.732606577893928,-6.45556907590119,NA
"M83363_at",-0.11747172180391,6.36956919981976,-0.633401875830454,0.52843825545532,0.732606577893928,-6.45566191966614,"ATP2B4"
"U58970_at",0.128654443445129,9.26295275387453,0.633281036781351,0.528516710633816,0.732606577893928,-6.45573781254136,"TOMM34"
"L41816_at",-0.116315882847046,3.6412751426374,-0.632883553401677,0.528774820814866,0.732821869671303,-6.4559873506586,"CAMK1"
"X69920_s_at",0.0609460440665224,7.75668493132108,0.632336434121489,0.529130205772144,0.733171863352694,-6.45633057603645,"CALCR"
"K03008_cds1_at",0.101981488558009,5.97562446835395,0.631916355067709,0.529403155045126,0.733407518911136,-6.45659390578888,"CRYGC"
"Z50194_at",0.16709538995686,5.78255854846059,0.631671975118072,0.529561976222485,0.733485006506721,-6.45674701759168,"PHLDA1"
"Z83735_at",-0.13181049897277,6.13183295958095,-0.631042868545453,0.529970942810557,0.733813129777958,-6.45714090336711,"H3C10"
"L13698_at",-0.0753196040990121,6.4861278404112,-0.630990887180498,0.530004741931085,0.733813129777958,-6.4571734317152,"GAS1"
"Y10571_at",0.0521273630708254,6.70726323135489,0.630360719248187,0.530414576155382,0.734237963769266,-6.4575675607169,"RNF2"
"X86570_at",0.126049749044826,8.70117832166723,0.629848080113924,0.530748095780228,0.734336804690045,-6.45788789579548,"KRT31"
"Z35085_s_at",-0.0966785318070755,8.73021020117826,-0.629795030694998,0.530782615581441,0.734336804690045,-6.45792103030235,"RB1CC1"
"X99268_at",-0.0993313223584158,4.734556359775,-0.62977599906866,0.530794999939375,0.734336804690045,-6.45793291672591,"TWIST1"
"X05997_at",-0.0690347286911983,6.73158277421187,-0.629329696339474,0.531085463247428,0.734542978680199,-6.4582115584301,"LIPF"
"U56998_at",-0.356532286086217,5.61037881103627,-0.629168342578465,0.53119049595483,0.734542978680199,-6.45831224888629,"PLK3"
"S78873_s_at",-0.185403056695467,7.02969813543044,-0.629072123126433,0.53125313481205,0.734542978680199,-6.45837228107373,"RABIF"
"J02854_at",-0.150603544307469,6.14983672664561,-0.628327962785662,0.531737712226588,0.735070418938015,-6.45883626272406,"MYL9"
"S69265_s_at",0.0934672449471563,8.91495190050391,0.627283958446894,0.532417925170363,0.735868047409756,-6.45948628051785,"ELAVL3"
"S74017_at",0.154234358640844,8.11962119087379,0.625646956738252,0.533485405311541,0.737200514531106,-6.46050335747494,"NFE2L2"
"U65579_at",-0.182430914515137,7.52752273103777,-0.625177699968684,0.533791608625702,0.737376560951368,-6.46079442410649,"NDUFS8"
"U95019_s_at",0.0821226048095935,6.50178460452902,0.625134702056421,0.533819670510592,0.737376560951368,-6.460821083684,"CACNB2"
"AF007551_at",-0.112555469099278,7.32841190431296,-0.624900788571822,0.533972343645966,0.737382302035387,-6.46096608301247,"BET1"
"D16815_at",-0.104159922846911,6.73783286408893,-0.624792549760095,0.534042997717912,0.737382302035387,-6.46103316039962,"NR1D2"
"X87160_at",0.131186610203385,6.77850720118906,0.624595470973046,0.534171655430055,0.737382302035387,-6.46115526387489,"SCNN1G"
"S79781_at",-0.117043300567201,6.79106563910691,-0.624339748152801,0.53433862116272,0.737382302035387,-6.4613136444424,"WT1-AS"
"M65217_at",-0.109759313624542,8.24129404444395,-0.624336108634423,0.534340997659533,0.737382302035387,-6.46131589809565,"HSF2"
"M84349_at",-0.167179130011837,7.13868234169813,-0.624031748242515,0.534539755170593,0.737513821291109,-6.46150431736972,"CD59"
"X13461_s_at",-0.0944394085646643,9.03824033512875,-0.623616256737222,0.534811146463585,0.737745484353502,-6.46176138744442,"CALML3"
"M36542_s_at",0.393549512729432,7.30242599572065,0.623319179846285,0.535005235019476,0.737870443113532,-6.46194508898213,"POU2F2"
"U67611_at",-0.0789544426160509,6.28502394916223,-0.62299136713445,0.535219446196821,0.738023100954959,-6.46214769593399,"TALDO1"
"M28882_s_at",-0.122927030365947,8.587537740893,-0.622269110433586,0.535691564808885,0.738531263879819,-6.46259371967388,"MCAM"
"U57341_at",0.278155809730141,9.10220358967112,0.622019704911504,0.535854643801905,0.73861325515541,-6.46274761912395,"NEFL"
"U72648_s_at",0.20790764548665,4.24839919969719,0.621442376687577,0.536232239746912,0.738990844221097,-6.46310363405637,"ADRA2C"
"U91618_at",0.0770726138567701,6.43704617958763,0.621089079399422,0.536463377813593,0.73910432926112,-6.46332133686477,"NTS"
"U60206_s_at",-0.065341892380582,6.33902945724767,-0.620999580169575,0.536521939111558,0.73910432926112,-6.46337646710364,"STK3"
"M75110_at",-0.0766250212957571,6.8585974161235,-0.620610202786254,0.536776755421103,0.739312497951515,-6.46361622648236,"ATP4B"
"M13207_at",-0.197954104101957,5.36678788499521,-0.620156675032117,0.537073631294055,0.739561128956721,-6.46389529891859,"CSF2"
"U76421_at",-0.11995903924335,6.26472856895319,-0.620017496778338,0.537164753224562,0.739561128956721,-6.46398089997924,"ADARB1"
"X51441_at",-0.0733594494042702,6.80646747027083,-0.619311921749072,0.537626824936302,0.739939604154617,-6.46441456877165,"SAA1"
"K03204_f_at",0.0890329361030036,4.42193111252854,0.619207547746787,0.537695195377224,0.739939604154617,-6.46447867886127,"PRB1"
"X17098_at",0.139721332085024,5.82848700375901,0.618987000329896,0.537839680146964,0.739939604154617,-6.46461411147945,"PSG6"
"U43374_at",-0.0796758572157206,7.40277462219665,-0.618963888372295,0.537854822377504,0.739939604154617,-6.46462830118753,"TBC1D31"
"X63522_s_at",0.0781043998681659,5.69018047180588,0.618671509494295,0.538046398716499,0.740001428569292,-6.46480776347422,"RXRB"
"X66087_at",0.0535598911061657,6.90530315992,0.618578475375322,0.538107365086718,0.740001428569292,-6.4648648502627,"MYBL1"
"X69398_at",-0.158307798989883,8.18365645612225,-0.618152506530829,0.538386552741732,0.740174977594767,-6.46512612107773,"CD47"
"D63134_at",-0.0610528406128159,4.30197486598321,-0.61768716395887,0.538691631380961,0.740174977594767,-6.46541133848946,"TTYH2"
"U46692_rna1_at",0.145615571488587,9.92286571363115,0.617623036317786,0.538733680403573,0.740174977594767,-6.4654506268914,"CSTB"
"Y08374_rna1_at",-0.13812008716515,6.37278728040736,-0.617495865860953,0.538817072087222,0.740174977594767,-6.46552852712821,"CHI3L1"
"X91868_at",0.0572849560659137,7.10059764605778,0.617491777364203,0.538819753217495,0.740174977594767,-6.46553103133697,"SIX1"
"X82835_at",0.0523204245052673,6.02902028226157,0.617435711618574,0.538856520369875,0.740174977594767,-6.4655653700129,"SCN9A"
"M76665_at",-0.0685502257779431,6.87605989205877,-0.616820356963792,0.539260145904234,0.740586703939758,-6.46594205448932,"HSD11B1"
"X03100_cds2_at",-0.169767181136381,11.4499969929635,-0.61635027787619,0.53956858589961,0.740743406278349,-6.46622955926918,"HLA-DPA1"
"U62739_at",0.043818648876341,10.2756713350423,0.616329745101399,0.539582060429719,0.740743406278349,-6.46624211236296,"BCAT2"
"X02404_at",0.069876789793212,7.1150177746047,0.616021053667406,0.539784658352849,0.740840264166325,-6.46643078673516,"CALCB"
"D50582_at",-0.0958289118250164,6.24320603223923,-0.615905582584141,0.53986045340778,0.740840264166325,-6.4665013394341,"KCNJ11"
"L05624_s_at",0.208959203436704,6.74021738225336,0.615578187061795,0.540075384917407,0.740992574879946,-6.46670130655994,"MAP2K1"
"D87017_cds3_at",0.0588883309417856,10.2946092175094,0.615117473406965,0.540377912282243,0.741264986850127,-6.46698252372746,"IGLC7"
"D00408_s_at",0.109820242483903,7.58285378056841,0.61454269283999,0.540755462847978,0.741640187503509,-6.46733307460948,"CYP3A7"
"D17532_at",0.140031920507536,6.65591120359753,0.614293264622267,0.540919344209901,0.741722255216847,-6.4674850965969,"DDX6"
"M24364_at",0.059624782938763,6.61283979296996,0.614124560128074,0.54103020216957,0.741731598320551,-6.46758788431117,"HLA-DQB1"
"X97065_at",0.159605722504075,6.97609454226148,0.61335619606472,0.541535250865649,0.742152643870878,-6.46805567720679,"SEC23B"
"X51952_xpt1_at",0.0919665973679535,4.36828651524334,0.613340567919573,0.541545525798332,0.742152643870878,-6.46806518586894,"UCP1"
"U47007_at",0.0466536764629311,6.45601627197105,0.613088596227935,0.541711201660034,0.742237008770782,-6.46821846038839,"NAB1"
"D87957_at",-0.0761918633970726,4.9333356474891,-0.612626770357227,0.542014927376898,0.742510456815893,-6.4684992275077,"CNOT9"
"D37965_at",0.0556063485275438,6.29969460069371,0.612332814390784,0.542208296437887,0.742632650394947,-6.46867782903377,"PDGFRL"
"X83929_s_at",-0.0473752647176848,6.17427396838858,-0.611962961783787,0.542451641423253,0.742823233136068,-6.4689024232617,"DSC3"
"U47926_at",-0.0915479935467509,4.34945230803366,-0.611186321289966,0.542962813780901,0.743380430083357,-6.46937360369125,"P3H3"
"L19401_at",-0.0705961815182974,7.30663718394614,-0.610822804570873,0.543202158777534,0.743565320646129,-6.46959394237668,"MYO5A"
"U62800_at",-0.0934062669424387,5.22523460316035,-0.610569425299316,0.54336901928874,0.743634683582715,-6.46974744662651,"CST6"
"M99063_at",-0.131289839252569,7.85755193860101,-0.610368277012014,0.543501502120352,0.743634683582715,-6.46986926300118,"KRT76"
"L37036_s_at",0.0648200613360945,7.22182887132098,0.610094631455427,0.543681760359743,0.743634683582715,-6.47003492028817,"CXCL5"
"Y10515_at",-0.0556632785689244,5.50789795281856,-0.610081154892395,0.543690638545708,0.743634683582715,-6.47004307671897,"SLC17A1"
"X74142_at",0.0744842521007056,6.15929753414503,0.609954035046374,0.543774387083279,0.743634683582715,-6.47012000478853,"FOXG1"
"Z18859_rna1_at",-0.0545998500131555,7.81548521989259,-0.609354471249441,0.544169477340618,0.743966876132321,-6.47048262396928,"GNAT2"
"X07767_at",-0.204965252868199,7.70761819768287,-0.609246295443636,0.544240776683306,0.743966876132321,-6.47054801164989,"PRKACA"
"U60269_cds1_at",-0.101615096513147,6.91624133066981,-0.609110370232057,0.544330372549612,0.743966876132321,-6.47063015637809,NA
"U26712_at",0.0470725782415142,6.44207893997004,0.608690215931492,0.544607366915497,0.744202782967334,-6.47088395674869,"CBLB"
"U81802_at",0.0754881986504206,9.11574709928383,0.608283608465149,0.544875498318975,0.744378751340513,-6.47112940890665,"PI4KB"
"L08904_at",0.0971340190405705,8.1000032341882,0.60817827220584,0.544944971699557,0.744378751340513,-6.47119296958541,"RBPJ"
"U85658_at",-0.062335531142172,8.03117870209566,-0.607872184131718,0.545146874220755,0.744411880519922,-6.47137760356472,"TFAP2C"
"X77744_at",-0.0595969869088648,6.4341859632047,-0.607824902840236,0.545178065394097,0.744411880519922,-6.47140611569174,"ZNF160"
"AFFX-BioC-3_at",-0.078879225407066,4.8854679036588,-0.607653275114699,0.545291294731749,0.74442390657653,-6.47150959423804,NA
"L26494_at",0.150860757176485,7.95686059602507,0.607292931078211,0.545529066148618,0.744605918547481,-6.47172676033508,"POU3F1"
"U08021_at",0.150206884857274,4.73983199918827,0.606835201448581,0.545831172691167,0.744875656607069,-6.47200243328643,"NNMT"
"M16714_at",0.0494092694924229,6.90595169430539,0.606284531273383,0.546194733172976,0.745159386888596,-6.47233380809354,"HLA-E"
"L27841_at",0.103112921518424,9.09555551696958,0.606203661021478,0.546248135205471,0.745159386888596,-6.47238244801547,"PCM1"
"J00220_cds4_at",-0.189880772965546,5.638482179546,-0.605830583402663,0.54649452825111,0.745352877731426,-6.4726067547365,"IGHE"
"Z48541_at",0.0613981612442203,6.95982294021634,0.604886373790644,0.547118367073788,0.746060986776786,-6.47317383431938,"PTPRO"
"D88667_at",0.118887273848435,3.44455983709055,0.604564219381207,0.547331296594967,0.746193531696345,-6.47336711558581,"GAL3ST1"
"X51757_at",0.167198801077093,6.3880457908108,0.604308613159811,0.547500270530843,0.746193531696345,-6.47352039776882,"HSPA6"
"AB006190_at",0.0467327494500402,9.28047048518699,0.604264283335097,0.547529578384567,0.746193531696345,-6.47354697499101,"AQP7"
"U51587_at",-0.131416672927982,7.38228308012489,-0.603746062222069,0.547872249529786,0.746517826241942,-6.4738575228294,"GOLGA1"
"U40571_at",0.0973672411581203,6.99349625098328,0.603310650945799,0.548160246692817,0.74676751360082,-6.47411824234737,"SNTA1"
"M36284_s_at",-0.181918343624774,9.57678559907914,-0.602590906958346,0.548636479377997,0.747273492832583,-6.4745488088743,"GYPC"
"U90426_at",-0.0830389266287455,9.806497362292,-0.602255959235568,0.548858175148323,0.747432651505711,-6.47474900840027,"DDX39A"
"U15131_at",0.0911260381998202,4.82613779646007,0.601922605350696,0.54907886077708,0.747590374041216,-6.47494814586885,"DENND2B"
"X90530_at",0.0748237689884448,8.458992470397,0.601672401548223,0.549244529061046,0.74765103418895,-6.47509753979898,"RRAGB"
"D87467_at",-0.0664013666130883,8.01400217202427,-0.601435752748142,0.549401245275668,0.74765103418895,-6.47523878360047,"RAPGEF5"
"L34081_at",0.0498800093755438,6.41437790799366,0.601380199954881,0.549438037328645,0.74765103418895,-6.47527193230432,"BAAT"
"HG1751-HT1768_s_at",0.072534425061888,4.90732596138846,0.60040598876117,0.55008344899604,0.748386432803963,-6.47585275756402,NA
"U50929_at",0.0954107723401085,6.07799100596474,0.599960346412826,0.550378812559669,0.74845646632324,-6.47611813899491,"BHMT"
"U18422_at",-0.132156509775746,6.36245186929749,-0.599762272763388,0.550510117712405,0.74845646632324,-6.47623602985339,"TFDP2"
"HG3893-HT4163_at",0.105966072172218,6.72849871358772,0.599738825290028,0.550525662336343,0.74845646632324,-6.4762499829331,NA
"X70340_at",0.120319061072037,6.34166236705214,0.599410292607136,0.55074348796621,0.74845646632324,-6.47644542876303,"TGFA"
"J04173_at",0.113541793167558,11.0394072841988,0.59924547386166,0.550852783340026,0.74845646632324,-6.47654344036499,"PGAM1"
"D50640_at",0.0591951243246447,7.08409821206852,0.599221167390992,0.550868902481393,0.74845646632324,-6.47655789226458,"PDE3B"
"L16862_at",-0.156246898256965,9.98205287613513,-0.59907312158342,0.550967086032099,0.74845646632324,-6.47664590333487,"GRK6"
"U42360_cds2_at",-0.0869855182888193,5.16607781569878,-0.599061451306234,0.550974826099644,0.74845646632324,-6.47665284022862,"TUSC3"
"U07000_cds4_at",0.104778137327867,7.63169225902124,0.598632023756293,0.551259672902172,0.748700744545548,-6.4769080018997,"FBXW4P1"
"HG3638-HT3849_s_at",-0.108269254017143,7.46727603175542,-0.598079397579345,0.551626348204277,0.749056045018723,-6.47723610040687,NA
"X53414_at",-0.245036218265317,6.73762648931245,-0.597843554938948,0.551782870367273,0.749115178844694,-6.47737603069079,"AGXT"
"Z11899_s_at",0.065834715916834,8.98601436424,0.597697135567767,0.551880056009585,0.749115178844694,-6.47746287681705,"POU5F1"
"U79282_at",0.0600975167904201,7.04048594610139,0.597512600741741,0.55200255294923,0.749138815909968,-6.47757230046699,"UBXN2B"
"U20285_at",-0.123811067546772,10.0403671015253,-0.59706228802385,0.552301534361086,0.74938077829101,-6.4778391820447,"GPS1"
"U64198_at",-0.0527067535573709,5.94383879263545,-0.596927446166526,0.552391077278617,0.74938077829101,-6.47791905843138,"IL12RB2"
"U25138_at",-0.220338229782965,5.64752152700689,-0.596240021741654,0.552847680484411,0.749585215832121,-6.4783259909422,"KCNMB1"
"M13149_at",0.0691484654469772,7.4295417768479,0.59614390092226,0.552911541206502,0.749585215832121,-6.47838285428622,"HRG"
"HG371-HT1063_s_at",0.0683502942829657,5.98782217540931,0.595954768989429,0.553037207402354,0.749585215832121,-6.47849471482354,NA
"Z29505_at",-0.089127163202317,11.2101534690893,-0.595947612831485,0.553041962496837,0.749585215832121,-6.47849894658464,"PCBP1"
"M57423_f_at",-0.0793356776850205,6.78617442586144,-0.595755373838703,0.553169708329706,0.749585215832121,-6.4786126073973,"PRPS1L1"
"D87735_at",-0.0675978734014784,13.0855522969067,-0.59575094759868,0.553172649809621,0.749585215832121,-6.47861522397274,"RPL14"
"X52520_at",-0.0623572673382622,6.98722947474492,-0.59506823660555,0.553626442462904,0.750057565244781,-6.47901857866385,"TAT"
"D43767_at",-0.0981054533322725,7.71301509889059,-0.594811636564087,0.553797050603776,0.750146147397743,-6.47917006294757,"CCL17"
"S48983_at",0.0599068605459223,6.0019312434483,0.594623229655152,0.553922335245597,0.75017331458318,-6.47928124810343,"SAA4"
"M60299_at",0.21811769712517,4.43779513064262,0.59430348695786,0.554134986440986,0.750243031183855,-6.47946985902926,"COL2A1"
"U24685_at",-0.131271965321866,7.39029953234297,-0.594229363048241,0.55418428983226,0.750243031183855,-6.47951356915279,"IGH"
"D83646_at",0.0741224269732763,7.44578748741603,0.593037424750298,0.554977406276054,0.75117408948965,-6.48021570171416,"MMP16"
"D13640_at",-0.175300186694505,9.43085660957987,-0.592832428068865,0.555113868226274,0.751216166777734,-6.48033631796842,"PPM1F"
"U03486_at",0.0576720317659376,8.34500174046081,0.592632879476488,0.555246719568714,0.751253342912386,-6.48045368900221,"GJA5"
"L11005_at",-0.0751443595413495,6.55000608752194,-0.592472209276467,0.555353698776476,0.751255506371441,-6.48054816399904,"AOX1"
"L10955_cds1_s_at",0.141061813273832,5.66735831865176,0.591958072184949,0.555696096243715,0.751395418249213,-6.48085030907242,"CA4"
"X15880_at",0.23485304816476,7.73536531368843,0.591924909688386,0.555718184926203,0.751395418249213,-6.4808697888957,"COL6A1"
"M20030_f_at",0.141979948906876,5.72731074487448,0.591709587650548,0.555861616014258,0.751395418249213,-6.48099624389159,"SPRR2E"
"AJ000099_s_at",0.074983052318089,10.1828071261741,0.591683903976009,0.555878725746437,0.751395418249213,-6.4810113244382,"HYAL2"
"HG371-HT26388_at",-0.0497623789212049,1.74484447974873,-0.591189496402116,0.556208137100045,0.751498595251582,-6.48130149674967,NA
"S81661_s_at",-0.0557328611478871,6.63212705646152,-0.591141100986942,0.556240386970978,0.751498595251582,-6.48132988755138,"FGF7"
"D26561_cds1_at",0.0527480115802366,6.49069116079889,0.591094715222179,0.556271298519091,0.751498595251582,-6.48135709724656,NA
"X95425_s_at",0.0469065387886545,5.99073022524889,0.590902605047124,0.556399330151284,0.751529144495738,-6.48146976575516,"EPHA5"
"U63717_at",-0.11415539534253,7.4278845094287,-0.590135122710799,0.556910964249451,0.751833002442232,-6.48191951582032,"OSTF1"
"U52828_s_at",0.0741045460859446,7.15671726433523,0.590116583230705,0.556923326293779,0.751833002442232,-6.48193037292532,"CTNND2"
"U60269_cds2_at",0.047768943928876,8.11410386594662,0.590005611339129,0.556997324718753,0.751833002442232,-6.48199535330946,NA
"D88460_at",0.0728794412125247,5.33168907774712,0.589932412181954,0.557046138154,0.751833002442232,-6.48203820897402,"WASL"
"AFFX-HUMGAPDH/M33197_3_st",0.132976563211658,8.11631230272993,0.589571179005674,0.557287060485048,0.752015796743877,-6.48224962182682,"GAPDH"
"M13560_s_at",0.291668753581604,12.8453961035762,0.588946342715847,0.55770391356115,0.752435881865526,-6.48261500643912,"CD74"
"M57466_s_at",-0.411995022112514,9.84267114672362,-0.588010283044606,0.558328685700557,0.752971962120135,-6.48316166663605,"HLA-DPB1"
"U10473_s_at",-0.0664638227614152,6.59403186863263,-0.587930124303152,0.558382203712612,0.752971962120135,-6.48320843942213,"B4GALT1"
"M31651_at",-0.0891001237576488,6.83743512317833,-0.587876334274213,0.558418118071139,0.752971962120135,-6.48323982247055,"SHBG"
"X86428_s_at",-0.0776857985162951,4.0487273561096,-0.587429988722794,0.558716176868531,0.753231396538532,-6.48350012689402,"PTPA"
"HG273-HT273_s_at",-0.0528243073471817,8.58706558146343,-0.58717672006694,0.558885338639193,0.753316993601589,-6.48364774364611,NA
"M21665_s_at",0.120308329453851,6.45602780547122,0.586999067028222,0.559004010800326,0.753334516634314,-6.48375125047351,"MYH7"
"X83416_s_at",-0.118265682636867,8.10375056248038,-0.586136842242766,0.55958015393628,0.753756190040784,-6.48425317187723,"PRNP"
"U69611_at",-0.0719970571878621,6.94633012542704,-0.586063080519288,0.559629455555563,0.753756190040784,-6.48429607638379,"ADAM17"
"U22970_rna1_s_at",-0.25032151224131,5.7774984659633,-0.586003235518377,0.559669456952706,0.753756190040784,-6.48433088210991,"IFI6"
"HG2339-HT2435_at",0.10458347609037,4.6881933938928,0.585857393927702,0.559766945832468,0.753756190040784,-6.48441568852644,NA
"U15173_at",0.117412116766493,8.03738677714241,0.585739791628879,0.559845564071532,0.753756190040784,-6.48448405865718,"BNIP2"
"M14091_at",-0.0991416603154969,6.43701197706986,-0.585344074395849,0.560110144872124,0.753970019409624,-6.48471401587125,"SERPINA7"
"X73113_at",0.0643608111114009,9.32174094127031,0.585037574541293,0.560315116471701,0.754103542632954,-6.48489202173623,"MYBPC2"
"D25215_at",0.0809696502396529,5.94737562189343,0.584738913973197,0.560514881227623,0.754123498458966,-6.48506538593934,"HERC3"
"X68561_at",-0.0784845882990295,7.63841026097034,-0.584687916294628,0.560548995505973,0.754123498458966,-6.48509497991665,"SP4"
"HG4027-HT4297_f_at",-0.0643431665636323,6.70548087686065,-0.58454098133557,0.560647291602261,0.754123498458966,-6.4851802320478,NA
"X96586_at",0.0787473745351459,8.87127438132286,0.583542455320737,0.561315508026354,0.754879882422162,-6.4857590177828,"NSMAF"
"U28150_at",0.0917581265357263,6.85848650075118,0.583184576285059,0.56155509736562,0.755059654681159,-6.48596622020289,"ABCD2"
"U57316_at",-0.117436056515462,8.73302120239098,-0.582956815152686,0.561707602925343,0.755122289506839,-6.4860980222549,"KAT2A"
"U20758_rna1_at",0.0593901083916508,6.58071146509106,0.582130575678531,0.562261012384503,0.755572157774084,-6.48657572689807,"SPP1"
"X00090_f_at",-0.16245491241336,6.32839580903776,-0.582075965614221,0.562297599293065,0.755572157774084,-6.48660727700331,"H3C2"
"X53595_s_at",0.0637166898514021,6.77859943711098,0.581982530399,0.562360200469812,0.755572157774084,-6.48666125092813,"APOH"
"U07804_s_at",0.0855516866432788,6.33185065854974,0.58158653146563,0.562625556108061,0.755786242603046,-6.48688990897471,"TOP1"
"Y10511_at",0.0560439556170005,6.95318852716754,0.581361418107345,0.562776430218067,0.755846490396496,-6.4870198253851,NA
"M60724_at",-0.0675955670239246,6.85739107633804,-0.581179353733515,0.562898466871863,0.755867992150972,-6.48712486111288,"RPS6KB1"
"D38502_at",0.152568722740149,5.78542012731273,0.58060967769104,0.563280401449092,0.756238414676192,-6.48745330540867,"PMS2P5"
"X74837_at",-0.121642289961818,6.32413359012644,-0.580375080286459,0.563437722397033,0.756289094896803,-6.48758846877849,"MAN1A1"
"X95826_at",-0.181491562739692,5.74395291838134,-0.58023700921533,0.563530322919318,0.756289094896803,-6.48766799317231,"ART4"
"U30930_at",-0.111788493157264,6.81080718590169,-0.580028249540043,0.563670346585868,0.756334632187211,-6.48778819627781,"UGT8"
"X96753_at",-0.0868976035180005,5.80748067252501,-0.579744054555957,0.563860995302285,0.756448068406095,-6.48795176589551,"CSPG4"
"J05252_s_at",0.087088846643578,5.85115038349646,0.578239760685556,0.564870660057634,0.757297916798894,-6.48881624572936,"PCSK2"
"U12140_at",0.064291755276539,7.68470431851604,0.578218816144064,0.564884724054436,0.757297916798894,-6.48882826632288,"NTRK2"
"X94628_rna1_s_at",-0.0915335656718392,4.87220622638765,-0.57817864953591,0.564911695908626,0.757297916798894,-6.48885131773181,"MECP2"
"X57766_at",-0.0607290118042556,9.20945398725973,-0.578116953692232,0.56495312586302,0.757297916798894,-6.48888672156764,"MMP11"
"D16181_at",0.0613894605243042,6.79355607731998,0.577955897647405,0.565061285144029,0.757297916798894,-6.48897912509261,"PMP2"
"AC000063_s_at",0.0799257894445748,8.08681531558028,0.577850838866159,0.565131844209583,0.757297916798894,-6.48903938726817,"SEMA3F"
"X64559_at",0.0919508619314797,5.00652750631665,0.577618220669334,0.565288089486463,0.757300727321638,-6.48917277945703,"CLEC3B"
"Z70759_at",-0.0727440074184909,14.2760323486979,-0.577390539818841,0.565441038955633,0.757300727321638,-6.4893032888492,"MTRNR2L8"
"U79528_s_at",-0.0706560387479911,9.9304634053645,-0.577373292392166,0.565452626109283,0.757300727321638,-6.48931317320363,"SIGMAR1"
"X79201_at",-0.0891244088249019,7.02724876693288,-0.576617813731694,0.565960285446163,0.757838256000319,-6.48974584457454,"SS18"
"X52541_at",-0.213688899115491,8.55573419025275,-0.576115374570873,0.566298033308496,0.758148108818078,-6.49003328650056,"EGR1"
"HG907-HT907_at",0.190679184965948,3.60792492756922,0.575842777643588,0.56648131873379,0.75825109298783,-6.49018913339961,NA
"U03877_at",0.056547259832767,5.71700396823705,0.575429152032496,0.566759482767247,0.758481012323579,-6.49042546848901,"EFEMP1"
"U16261_at",-0.0657233319637989,6.25086429317877,-0.575253425042459,0.566877679736739,0.758496805338441,-6.4905258234638,"IL24"
"X67247_rna1_at",-0.0515363745170472,14.4259921094479,-0.575060939952506,0.567007162326612,0.75852769004061,-6.49063571387618,"RPS8"
"Z73677_at",-0.0894851201185558,7.83552609222546,-0.574315358700714,0.567508843067335,0.759056386909387,-6.49106102486772,"PKP1"
"J05016_rna1_s_at",-0.111265837657572,7.60835842631708,-0.574070619406641,0.567673568558643,0.75911854844514,-6.49120051528643,"MARCHF8"
"X96849_at",-0.227981176830973,6.98512806864987,-0.57388446769774,0.567798876426265,0.75911854844514,-6.4913065739616,"PECAM1"
"HG4593-HT4998_at",-0.0725911635623975,7.92962197306639,-0.573709956122818,0.567916361015764,0.75911854844514,-6.49140596979482,NA
"X66785_at",-0.0799139558977977,10.1949202984561,-0.573613576319879,0.567981250863568,0.75911854844514,-6.49146085159856,"DBT"
"L78267_at",-0.0511252201332661,6.8484629470351,-0.573096458194733,0.568329473962322,0.759441578233814,-6.49175515949746,"PWAR5"
"HG4155-HT4425_s_at",0.0609710201222118,5.80636695343975,0.572350762591263,0.568831802627593,0.759970374987277,-6.49217909475625,NA
"U33761_at",-0.0703324329317763,6.59033533804217,-0.572015435436629,0.569057762182712,0.759996999232661,-6.49236955323899,"SKP2"
"U52969_at",-0.0826896647996449,6.52541539269331,-0.572004779389202,0.569064943456858,0.759996999232661,-6.49237560382729,"PCP4"
"X87176_at",0.0812087471803773,7.48548841093534,0.57164649910696,0.569306419751898,0.760177086797393,-6.49257897319982,"HSD17B4"
"U34343_at",-0.0758324629348994,10.1145266434972,-0.57118681673333,0.569616312849515,0.760323411059725,-6.49283971614183,"NDUFA12"
"D88155_s_at",0.125200935763508,6.92864161861422,0.571167542573932,0.569629308243791,0.760323411059725,-6.49285064436976,"NR5A1"
"X00734_at",-0.0695400989074377,4.35283666971448,-0.570984963200576,0.569752417579547,0.760345373441519,-6.4929541466585,"TUBB4A"
"U57452_at",0.0547343152102275,6.62808166082663,0.570238120695129,0.570256132201431,0.760775410240271,-6.49337718223473,"SNRK"
"U30185_at",-0.0593087008933617,4.742129233674,-0.570190748927237,0.570288089819611,0.760775410240271,-6.49340399661866,"OPRL1"
"M25629_at",-0.0830826019059181,6.96726859260808,-0.569967001901037,0.57043904428183,0.760827659715578,-6.49353061686908,"KLK1"
"U80184_rna1_at",-0.206523908642184,5.24693917162702,-0.569708843128547,0.57061323931162,0.760827659715578,-6.49367664980826,"FLII"
"HG4319-HT4589_at",-0.065309559202456,14.0641120513971,-0.569560002690126,0.570713682531558,0.760827659715578,-6.49376081473396,NA
"S74445_at",0.158628052841424,8.09536049925281,0.569500042439202,0.570754148430202,0.760827659715578,-6.49379471434801,"CRABP1"
"U89916_at",-0.0617745117613584,6.43813025099735,-0.568989089586001,0.571099036211131,0.760845272940691,-6.49408344730304,"CLDN10"
"L46720_s_at",0.1359693343012,7.79694277349524,0.568970282900935,0.571111732456371,0.760845272940691,-6.49409406982043,"ENPP2"
"L49173_f_at",-0.0691696724476074,7.37273229989183,-0.568934166907104,0.571136114464328,0.760845272940691,-6.49411446812135,NA
"U27185_at",-0.0569435718417317,6.28675629267323,-0.56882039256497,0.57121292714439,0.760845272940691,-6.49417871944163,"RARRES1"
"U12707_s_at",0.0707171160118651,10.2816682282519,0.568689966114725,0.57130098836464,0.760845272940691,-6.49425235897099,"WAS"
"U52522_at",-0.077479074454617,9.45496543897954,-0.567851092153888,0.571867536075101,0.761440317580901,-6.49472559206516,"ARFIP2"
"X80923_at",0.0669822971151586,8.11689573291128,0.567712132361507,0.571961411228184,0.761440317580901,-6.49480391646292,NA
"D87011_at",-0.0488274504459234,5.45804115650922,-0.567372723567815,0.572190732371852,0.76150250178237,-6.49499514364801,"ZNF280A"
"X77197_at",-0.058922839581169,6.96544789906364,-0.56732681110592,0.572221756494341,0.76150250178237,-6.49502100260349,"CLCN4"
"D31765_at",-0.0658009184367998,9.37304691658465,-0.566703023863173,0.57264334489095,0.761780360729717,-6.49537212841934,"POP1"
"HG458-HT458_f_at",-0.0653875111881987,5.44126362060853,-0.566395613662904,0.572851164297179,0.761780360729717,-6.49554502680608,NA
"M86383_s_at",-0.0781847949640158,5.91305674235016,-0.566368898854693,0.572869226111171,0.761780360729717,-6.49556004776913,"CHRNA3"
"M17466_at",0.104229999126224,6.04059265688822,0.566306198388707,0.572911618820276,0.761780360729717,-6.49559529966722,"F12"
"U64105_at",0.0676106159251226,10.4990339002518,0.56622749577341,0.572964832968543,0.761780360729717,-6.4956395429313,"ARHGEF1"
"HG4518-HT4921_at",0.0653912221642736,5.65703413728999,0.566003991283939,0.573115966802342,0.761839218223736,-6.49576515442125,NA
"L33477_at",0.063928951043227,5.62802734273758,0.565552236457581,0.573421502526761,0.762103260908515,-6.49601889452533,"CDH12"
"X16699_at",0.0540008711059352,6.14693280964413,0.565295458948103,0.573595204200386,0.762192024369908,-6.49616303092524,"CYP4B1"
"X93921_at",0.0819521888596064,8.16392946862788,0.564852633628669,0.573894820976336,0.762448039273258,-6.49641144874008,"DUSP7"
"U36764_at",-0.0749258496775767,10.0353818424936,-0.56447480117753,0.574150523214163,0.762645626978529,-6.49662325405009,"EIF3I"
"M77481_rna1_f_at",-0.0672032776242295,6.22113315748862,-0.563923309222487,0.574523850219821,0.762928463687301,-6.49693215722982,"MAGEA1"
"Y07828_at",0.0561678548524522,6.05310492289119,0.563791931010978,0.574612802683966,0.762928463687301,-6.49700570100959,"TRIM31"
"M68907_s_at",-0.0919914839465816,6.60562303207955,-0.563686034658746,0.574684506943584,0.762928463687301,-6.49706496801928,"TAC1"
"D87443_at",0.107793259368052,6.2745794719747,0.563242223103144,0.574985066441759,0.76318535443368,-6.49731323598161,"SNX19"
"M23114_at",0.100111612721514,8.44256756974038,0.561819236524515,0.575949257207062,0.76384026941347,-6.49810794682933,"ATP2A2"
"HG4677-HT5102_s_at",0.104160242998592,7.80611999313676,0.561744942887188,0.575999618663164,0.76384026941347,-6.4981493836699,NA
"D86962_at",-0.074020767067621,8.66150840991362,-0.561732198043094,0.576008258228635,0.76384026941347,-6.49815649148608,"GRB10"
"J04058_at",-0.0738147660272856,7.55794567134235,-0.56167294171151,0.576048428151576,0.76384026941347,-6.49818953672002,"ETFA"
"D49728_at",0.105318259556851,9.39677536263884,0.561664172432456,0.576054372968724,0.76384026941347,-6.49819442675414,"NR4A1"
"M16447_at",-0.0706634720436865,7.81180011381328,-0.561535193916168,0.576141812725815,0.76384026941347,-6.49826634061083,"QDPR"
"X15675_at",-0.0692176857164162,5.7491157096351,-0.561333673288588,0.576278444511662,0.76384026941347,-6.49837866860702,"ERV9-1"
"M17236_at",-0.210151735575694,6.09702822227062,-0.561247116500006,0.576337135147598,0.76384026941347,-6.49842690326156,"HLA-DQA1"
"X63546_at",-0.069790845143169,7.06324502274428,-0.560952692766276,0.576536793440446,0.76384026941347,-6.49859091869532,"USP6"
"U43522_at",-0.128756245871166,9.48139134104999,-0.560933314802031,0.576549935434687,0.76384026941347,-6.49860171063837,"PTK2B"
"U41371_at",0.0572107854223987,10.0487013560207,0.560600193570348,0.576775878368456,0.763904455973795,-6.49878717416492,"SF3B2"
"X69116_s_at",0.0505989359488623,6.86149551522082,0.560545921888951,0.576812692734877,0.763904455973795,-6.498817379297,"ZNF37A"
"U82532_at",-0.124069883592131,6.16946502245756,-0.559683184642231,0.577398069134771,0.764524314407076,-6.49929714999456,"ARHGDIG"
"M65062_at",-0.127370029890826,5.16634248919713,-0.559540040803151,0.577495221360935,0.764524314407076,-6.49937668184066,"IGFBP5"
"X80343_at",0.141562061238633,4.32930007490378,0.559166003373352,0.577749118949374,0.764718430930206,-6.49958440478433,"CDK5R1"
"U07358_at",-0.114642504396235,8.33890109780618,-0.558726067473401,0.578047817190835,0.764971763273336,-6.49982854842775,"MAP3K12"
"U17743_s_at",-0.0605986602474919,7.03846840180097,-0.558247226467793,0.578373014621148,0.765015095879904,-6.50009406604215,"MAP2K4"
"U59111_at",0.063073225461511,7.06743726325074,0.558195444592942,0.578408186735793,0.765015095879904,-6.50012276559857,"EPYC"
"X57129_at",-0.169318045011883,6.72907053303103,-0.558082658823264,0.578484798444685,0.765015095879904,-6.50018526678329,"H1-2"
"V00574_s_at",0.138813894531062,7.08656932823337,0.558045850080515,0.578509802481212,0.765015095879904,-6.50020566194817,"HRAS"
"U70321_at",0.0721864337841254,9.94804989663599,0.557761822917103,0.578702758465962,0.765128331807092,-6.50036299223215,"TNFRSF14"
"HG3369-HT3546_at",-0.0780833023639449,6.28608437693687,-0.557537451152725,0.578855208923565,0.765155153394019,-6.50048722164302,NA
"U40317_s_at",0.0713322969210965,5.08803266532993,0.557416048165393,0.578937704784309,0.765155153394019,-6.50055441898348,"PTPRS"
"Z22536_at",0.0962201025790801,8.2918183537544,0.55721261580652,0.579075953945135,0.765196010319716,-6.5006669875879,"ACVR1B"
"HG1699-HT1704_s_at",-0.0558114845784701,6.24868643902094,-0.555786908671501,0.580045283875153,0.766334845949957,-6.50145475455644,NA
"X03342_at",-0.0555494236303957,14.5133579573183,-0.555567831860379,0.580194301695703,0.766389693679576,-6.50157562693185,"RPL32"
"X68994_at",0.0627533972107344,7.74550712009546,0.553684050382944,0.581476420150406,0.767940978001528,-6.50261302543238,NA
"Z49148_s_at",0.088485584133533,13.8564582661204,0.553275476178854,0.58175467772873,0.768166159942233,-6.50283756620301,"RPL29"
"J04093_s_at",0.0536276476507851,6.52578346551534,0.553059283100719,0.581901940719991,0.768218321369039,-6.5029563132817,"UGT1A6"
"M31606_at",0.111858524304533,3.46819537186764,0.552756220306444,0.58210840617607,0.768348607226292,-6.50312269729955,"PHKG2"
"HG2873-HT3017_at",-0.052996515674721,14.4214197777975,-0.552531699955511,0.582261386090448,0.768408260170086,-6.50324590254289,NA
"J04605_at",0.0737361372465166,8.10160995356161,0.552307650210292,0.582414064448985,0.76846749314396,-6.50336880006482,"PEPD"
"Z75190_s_at",-0.0764053359862169,6.86733853880162,-0.55183400256976,0.582736893685431,0.76875116859427,-6.50362844629095,"LRP8"
"D63877_at",0.0707705293109573,8.59186388496241,0.551565704814273,0.582919798136899,0.768850183333571,-6.50377542492162,"ABRAXAS2"
"D86043_s_at",0.196787904751154,6.08072274233896,0.550980752863838,0.583318667398866,0.769233958543566,-6.50409562703924,"SIRPA"
"M80333_at",0.0588704705876335,8.94325723083498,0.550509706840635,0.583639960397904,0.769465383904223,-6.50435323226648,"CHRM5"
"S66896_at",0.0442319702125378,6.69672548173242,0.550386129477696,0.583724264481493,0.769465383904223,-6.50442077796567,"SERPINB3"
"X83228_at",0.0534068905519884,5.94323228172847,0.550248790531533,0.583817963464433,0.769465383904223,-6.50449582791553,"CDH17"
"U94320_at",0.0545993365778257,6.15362688256653,0.549950396714073,0.584021566166679,0.769566497615053,-6.50465882355381,"NPY5R"
"X81895_at",0.0510837268301234,6.48366534626376,0.549819957604276,0.584110579126813,0.769566497615053,-6.50473004750925,"LUZP2"
"X04500_at",0.278355915267625,8.4643308079659,0.549235602841085,0.584509427781949,0.76994968785246,-6.50504891837486,"IL1B"
"S66793_at",0.181402867007382,6.46024611577866,0.548031021894877,0.585332016665004,0.770829864000349,-6.50570517339569,"ARR3"
"HG1019-HT1019_at",-0.216867071401431,5.75355071119228,-0.547938929317553,0.585394927774255,0.770829864000349,-6.50575528658128,NA
"X58298_s_at",0.137718485494438,5.67433796680553,0.547782211293582,0.585501993766572,0.770829864000349,-6.50584054721185,"IL6R"
"D14826_s_at",0.0860592867123069,7.0418091299884,0.547526548755414,0.58567667619095,0.770833509569178,-6.5059795855477,"CREM"
"M88279_at",0.076530071403706,10.2141330042455,0.547461659789586,0.585721015757643,0.770833509569178,-6.50601486422137,"FKBP4"
"X97630_at",-0.111915824126994,7.24115392564642,-0.547269135448047,0.585852579775595,0.770864348693285,-6.50611951097958,"MARK2"
"U78876_at",0.0972159269354469,4.31057888064131,0.546438593248825,0.586420301973118,0.771468967109496,-6.50657053443731,"MAP3K3"
"HG4724-HT5166_at",0.143073261748452,6.3353490367131,0.544817344655346,0.587529265707852,0.772785264802819,-6.50744899119613,NA
"U22233_at",0.0434395816147992,6.78181379258265,0.544051461823273,0.588053487784292,0.773332100057963,-6.50786307651758,"MTAP"
"X61072_at",-0.0518063713542638,8.6615640258545,-0.543104099597621,0.588702231775441,0.77404245856273,-6.50837448187974,"YME1L1"
"M31013_at",-0.0950958712471746,11.1713676112044,-0.542512900773214,0.589107249533354,0.774220306834952,-6.50869317502377,"MYH9"
"M55024_s_at",0.0588942909089019,6.05248859538206,0.542403467486462,0.589182234343622,0.774220306834952,-6.50875212864726,"ICAM1"
"U10362_at",0.207516642211705,6.95763145017718,0.542211205333023,0.58931398522481,0.774220306834952,-6.5088556750595,"LMAN2"
"M93284_at",0.0718149972593736,7.67790395862339,0.542146400497652,0.589358396955418,0.774220306834952,-6.50889056872182,"PNLIPRP2"
"U55764_at",-0.0691357784573556,7.61149774861982,-0.54211414473546,0.589380502902691,0.774220306834952,-6.50890793504546,"SULT1E1"
"U79263_at",0.0585129997121419,6.90447326501067,0.541779862954138,0.589609620308294,0.774378589384272,-6.50908785015555,"RIF1"
"D83778_at",0.0804316340242259,9.18926511552018,0.540386736930056,0.590564922615569,0.775314106793445,-6.50983646466725,"HMGXB3"
"Z37987_s_at",-0.0613839240681271,6.39395943597638,-0.540333523965567,0.590601426522904,0.775314106793445,-6.50986502144104,"GPC3"
"HG2417-HT2513_at",0.0804699469213093,6.43969214941298,0.54022918595857,0.590673005106241,0.775314106793445,-6.50992100640667,NA
"U83598_s_at",-0.103662505601227,6.77199392965942,-0.53994414782392,0.590868569434417,0.775314106793445,-6.51007389552656,"TNFRSF25"
"U79246_at",-0.0407998516210668,6.41447329971069,-0.539835865886593,0.590942869509713,0.775314106793445,-6.51013195495215,"DIS3"
"AFFX-BioB-5_st",0.173380404460955,6.94741579307765,0.539789843224144,0.590974450317798,0.775314106793445,-6.51015662823222,NA
"U55054_at",-0.133554736669505,6.56199851627506,-0.539264465944909,0.59133502097987,0.775589238598517,-6.51043814117508,"SLC12A4"
"U90304_at",-0.0952221529320241,6.72428071590043,-0.539014672218481,0.591506492613961,0.775589238598517,-6.51057189278193,"IRX5"
"M97639_at",-0.0918566229936939,5.21461306955632,-0.539008766202848,0.591510547097789,0.775589238598517,-6.51057505440359,"ROR2"
"U05227_at",0.0541235618683107,6.13875934414267,0.538815677652682,0.591643109698148,0.77562039886688,-6.51067840007606,"RAB40B"
"D85181_at",-0.079670659572062,7.09030225544993,-0.538206165870692,0.592061653953364,0.776026389232126,-6.51100438457466,"SC5D"
"X91220_at",-0.0693555967069042,6.63795609104231,-0.537921318852041,0.592257302446993,0.776140130357466,-6.5111566034874,"SLC12A3"
"U31973_s_at",0.0453987233766249,6.15959538264772,0.537304980802311,0.592680740681195,0.77655228824044,-6.51148569370451,"PDE6C"
"U35246_at",-0.0762046722501921,6.97875755383778,-0.53662202098774,0.593150114964793,0.777024470706359,-6.51184991908358,"VPS45"
"S41458_at",-0.0674678396754862,7.36339160089299,-0.536426172672249,0.593284746687486,0.777058048711205,-6.5119542810331,"PDE6B"
"X69910_at",-0.101251155705,8.29094967564359,-0.53620900006004,0.593434054038965,0.777110832337212,-6.51206996189877,"CKAP4"
"M36072_at",-0.0622132556763653,13.8344825760212,-0.535712609510914,0.593775391154928,0.77733996733107,-6.51233419867405,"RPL7A"
"L34355_at",-0.15862458455585,6.33349640368464,-0.53544177630204,0.59396166507329,0.77733996733107,-6.51247826523068,"SGCA"
"L77567_s_at",0.158428124902201,4.69289874651835,0.535329914163649,0.594038609679685,0.77733996733107,-6.51253774789522,"SLC25A1"
"Y00318_at",0.0691900399917573,6.91477858036767,0.535320351568611,0.594045187546594,0.77733996733107,-6.5125428322307,"CFI"
"X82629_at",0.0387362875243076,6.2068758764528,0.533099668041914,0.595573659295834,0.779197030119288,-6.51372110712536,"MEOX2"
"L19871_at",0.165771218336406,7.87196009505165,0.53238720798316,0.59606442522487,0.779447012805989,-6.51409810242447,"ATF3"
"X71135_at",-0.145921291435028,6.66565617197272,-0.53226828140058,0.596146364082027,0.779447012805989,-6.51416098321534,"SOX3"
"L04731_at",0.293204682924202,6.52375136058304,0.532207512567575,0.596188235033618,0.779447012805989,-6.5141931085172,"KMT2A"
"L11238_s_at",-0.0516219462029719,6.85449204227702,-0.532187433040687,0.596202070533183,0.779447012805989,-6.51420372271234,"GP5"
"L20320_at",0.0765366267740824,7.2482418732534,0.530914153525457,0.597079709564601,0.780451274199861,-6.5148759767531,"CDK7"
"M91368_s_at",0.145100764190562,4.75953928713706,0.530164358381689,0.597596804609781,0.780971542249401,-6.51527109899508,"SLC8A1"
"S81578_at",-0.0730320469998604,5.68816792682843,-0.530019348093825,0.597696834691083,0.780971542249401,-6.5153474516452,"RPL7L1"
"U18549_at",0.0462464272794065,7.20293369919236,0.529416329943254,0.598112888114796,0.781371958836426,-6.51566473809555,"GPR6"
"U40215_at",0.0703005098723581,6.82148065905224,0.52911474373976,0.598321018368579,0.781473584167136,-6.5158232874566,"SYN2"
"Z22865_at",-0.0680101368940447,6.63645071441158,-0.528985942571845,0.598409916673923,0.781473584167136,-6.51589097325792,"DPT"
"L13744_at",0.0473555778201389,6.93074213032821,0.528768193738517,0.598560220387888,0.781526705337958,-6.51600536441261,"MLLT3"
"HG644-HT644_at",0.11478318387754,5.52482430246014,0.528584909227231,0.598686748240882,0.781548769128227,-6.51610161401719,NA
"D79993_at",0.0980882658862061,8.5562702230746,0.528198941681331,0.598953235918017,0.781753500340451,-6.5163041918409,"CLINT1"
"U48213_at",-0.121705816550035,3.76121812564864,-0.52796398802915,0.599115484333184,0.781822128466277,-6.51642743704495,"DBP"
"M14159_cds2_at",-0.119430339537813,5.08034256944492,-0.527671399542841,0.599317561184064,0.78194269650095,-6.51658083859481,"TRBV25OR9-2"
"X74104_at",0.0665584268296069,10.5039150560294,0.527423119754532,0.599489060851254,0.782023332993337,-6.51671094330411,"SSR2"
"U28369_at",-0.0781282377235648,6.75954301123576,-0.526276007692598,0.600281724703259,0.782753915992839,-6.51731126930167,"SEMA3B"
"U79252_at",0.0768068379537095,8.73561881132043,0.526172938601024,0.600352969969554,0.782753915992839,-6.51736514564506,"MIEF1"
"AB000115_at",-0.110764519183489,7.93604590821319,-0.526135988712726,0.600378512084281,0.782753915992839,-6.51738445756498,"IFI44L"
"U53204_at",0.121545050584029,9.97415843230541,0.525617358881325,0.600737074936567,0.78307818746074,-6.51765537827976,"PLEC"
"U20240_at",-0.0830440222925102,7.10146123643348,-0.524714467753673,0.601361538335328,0.783748886068109,-6.51812639594738,"CEBPG"
"U40370_at",-0.0733260324538536,6.80015561686029,-0.523721377475217,0.602048730934605,0.784501078931238,-6.51864354035452,"PDE1A"
"U49785_at",0.0588231006450677,9.77572023194356,0.523469555339345,0.602223042691108,0.784584808359815,-6.51877452033537,"DDT"
"U56085_at",-0.105425304482301,5.92075552065418,-0.523207057608524,0.602404768816677,0.784678164972427,-6.51891098645151,"LOC102724159"
"X98507_at",0.0911807667500595,7.14086037755109,0.52279856304229,0.602687618095382,0.784903184033975,-6.51912321761795,"MYO1C"
"U94747_at",-0.188441322892503,5.62405696269449,-0.522486149104701,0.602903980522219,0.785041548336603,-6.51928541958412,"DCAF7"
"X00949_at",-0.0456944218841775,6.53011530035071,-0.522042971904738,0.603210964294085,0.78510110925667,-6.5195153473606,"RLN1"
"X54162_at",-0.0750044046958163,5.53315181172265,-0.521913438785501,0.603300703951564,0.78510110925667,-6.5195825147482,"LMOD1"
"Y10055_at",0.103743922399195,8.13945494855207,0.521873278088794,0.603328528251405,0.78510110925667,-6.51960333609426,"PIK3CD"
"Z14093_at",0.118615082299866,4.73031239485685,0.52178421714981,0.603390233920227,0.78510110925667,-6.51964950413748,"BCKDHA"
"U19487_at",0.0770876327148518,7.05757484937425,0.520731055497239,0.604120134070241,0.785907378793202,-6.52019485653829,"PTGER2"
"D49490_at",-0.161130535027992,8.51607722270557,-0.520346433405011,0.60438679960653,0.786029368752577,-6.52039375046975,"PDIA5"
"U66726_s_at",0.0400017099309942,6.66222827638272,0.520056275741545,0.604588006897434,0.786029368752577,-6.52054369888226,"DAZL"
"U27655_at",-0.102260133096843,6.49597154522132,-0.519527300464972,0.604954899071588,0.786029368752577,-6.52081685044275,"RGS3"
"M89955_at",0.102899885066584,4.624231055208,0.519119561160388,0.605237772647353,0.786029368752577,-6.52102721002824,"HTR1D"
"M60721_at",0.265553360443732,7.59539992108077,0.519116616653938,0.605239815650694,0.786029368752577,-6.52102872855259,"HLX"
"HG3928-HT4198_at",0.200902304559678,4.64368343238005,0.51908268813529,0.605263356691644,0.786029368752577,-6.52104622536109,NA
"X85237_at",0.125688590441894,7.11951654845784,0.518971410786327,0.605340568560384,0.786029368752577,-6.5211036027018,"SF3A1"
"L43821_at",-0.0570112931887028,5.52534087669379,-0.518965638753045,0.605344573716434,0.786029368752577,-6.52110657857117,"NEDD9"
"M29874_s_at",0.110532698922561,6.74680909091686,0.518832126658135,0.605437219802378,0.786029368752577,-6.52117540382086,"CYP2B6"
"L35253_s_at",0.0875470456146923,7.3807526925392,0.518775840563923,0.605476279526836,0.786029368752577,-6.52120441393614,"MAPK14"
"U32674_s_at",-0.158576792475343,6.6178511674616,-0.518677102313799,0.605544801699438,0.786029368752577,-6.52125529654356,"CXCR3"
"HG3578-HT3781_at",-0.0793671672837952,8.9385836037094,-0.518642396857637,0.60556888736405,0.786029368752577,-6.52127317896138,NA
"Y10615_at",-0.0546489572287845,7.14764161930857,-0.518442767114184,0.605707439356789,0.786029368752577,-6.52137601760428,"ADAM3B"
"X52599_at",-0.107987799530386,6.19460687385213,-0.518370616247901,0.605757518856313,0.786029368752577,-6.52141317623095,"NGF"
"D85376_at",0.0438086190755262,7.18960623694042,0.517667073483113,0.606245942948995,0.786519986766767,-6.52177524075333,"TRHR"
"D64142_at",0.118716805564656,12.5766505450356,0.517253881695534,0.606532878961486,0.786749070981884,-6.52198765431402,"H1-10"
"L24470_at",0.0442065023746325,6.64635711439471,0.517005336079243,0.606705508280577,0.786829828730623,-6.52211534550409,"PTGFR"
"M74290_at",-0.111264221588221,4.25195535712782,-0.51668091329794,0.606930872390588,0.786978935844398,-6.52228192720113,"TACR1"
"M13829_s_at",0.0902933823550409,9.746724583634,0.516139506170832,0.607307052194115,0.787323508836487,-6.52255969293033,"ARAF"
"HG2714-HT2810_at",-0.0774805227668054,6.48872462745635,-0.515939966796135,0.607445722668439,0.787360101255145,-6.52266199252541,NA
"X61177_at",0.0533394982284383,6.33204036432178,0.515616897437753,0.607670271237625,0.787507973759867,-6.5228275400624,"IL5RA"
"U92457_s_at",-0.167922502704515,4.38691505362492,-0.514872067848842,0.60818810715621,0.788035808054639,-6.52320881419588,"GRM4"
"X15940_at",-0.0522799107853693,14.14489570968,-0.514589410974394,0.608384674267625,0.788147254743576,-6.52335336146706,"RPL31"
"L23959_at",0.1081176469181,3.53513614005743,0.513226525058308,0.609332866505683,0.789176813706066,-6.52404921872118,"TFDP1"
"HG3707-HT3922_f_at",-0.0745667047063678,3.38279192615255,-0.513128906366223,0.609400807890573,0.789176813706066,-6.52409899020296,NA
"HG846-HT846_at",0.0805900288828223,8.94960974787215,0.512028550695444,0.610166879261727,0.790025369098592,-6.52465936312147,NA
"HG3991-HT4261_at",0.101551446660164,4.6175153221187,0.51156212095201,0.610491740876054,0.790163828800174,-6.52489653917559,NA
"X52009_s_at",0.0769322424458982,6.5875653671672,0.511412921775939,0.610595672489851,0.790163828800174,-6.52497236054648,"GLRA1"
"Z80788_at",-0.0532253731589476,5.70031388743153,-0.511397621755531,0.610606330882334,0.790163828800174,-6.52498013460633,"H4C7"
"D11428_at",-0.168925393864482,5.81194106966876,-0.510932609773086,0.610930310508517,0.790439597752308,-6.52521630066964,"PMP22"
"X95463_s_at",-0.101024050760377,4.90582132575699,-0.51068002106489,0.611106324792076,0.790523859452496,-6.52534449373242,"AFF2"
"L15440_at",-0.0535971353534261,2.33040062068582,-0.510402971194181,0.611299410999974,0.790630170721845,-6.52548502887923,"INS"
"X89985_at",0.101791109719013,8.88583587980001,0.509530164543031,0.611907882192827,0.791273588273656,-6.5259272700973,"BCL7B"
"M11717_rna1_at",0.21091797631073,8.82250858556878,0.509238206713982,0.612111479633216,0.791393314890315,-6.52607503408507,"HSPA1A"
"U57627_at",0.0493729892188997,5.54493202963859,0.50886200595246,0.612373869151188,0.791564430704785,-6.52626531063114,"OCRL"
"U83326_s_at",0.0454865505488087,6.3317710009109,0.508730074296423,0.6124658998131,0.791564430704785,-6.52633200656248,"CCR5"
"HG3992-HT4262_at",0.135442282413419,7.02302134088349,0.508460075445469,0.612654260511189,0.791611715420755,-6.52646844662043,NA
"X16866_at",0.109726786396851,6.64205637316295,0.508359305221958,0.612724568058876,0.791611715420755,-6.52651935098251,"CYP2D7"
"U10492_at",0.0878631524237923,7.65804224082134,0.507838834129494,0.613087759488552,0.791838720400386,-6.52678210893008,"MEOX1"
"HG2709-HT2805_at",-0.0785931021524435,7.52450113397008,-0.507575597917338,0.613271486038118,0.791838720400386,-6.5269149010182,NA
"D50863_at",-0.166626356514436,6.90837581347103,-0.507535786229038,0.613299274891264,0.791838720400386,-6.52693497846344,"TESK1"
"M77348_rna1_s_at",0.178497192229227,6.74701201548327,0.507333817428132,0.613440259345643,0.791838720400386,-6.52703680932623,"PMEL"
"HG4679-HT5104_at",-0.0506235455766681,6.36187571276976,-0.507311785932745,0.613455639328284,0.791838720400386,-6.52704791497478,NA
"U43177_at",-0.117432108344941,7.84878027244624,-0.50702378257252,0.613656707772036,0.79195486417575,-6.52719304782442,"UCN"
"M81886_s_at",-0.0428222133815224,4.76183372162744,-0.505872477213981,0.614460783340631,0.792625579741515,-6.52777240497571,"GRIA1"
"X74328_rna1_at",0.108773751869755,7.66181295912567,0.505830889333203,0.614489837317146,0.792625579741515,-6.52779330825776,"CNR2"
"M32598_at",0.0798962222758055,6.8076824555871,0.505802071293581,0.614509970435033,0.792625579741515,-6.52780779204425,"PYGM"
"D26361_at",-0.070451103777252,7.45160327050351,-0.505032730988279,0.615047563425188,0.792972097257747,-6.5281941552807,"KIF14"
"X84003_at",0.0395502798468854,6.4773643744735,0.50458432452769,0.615360994386676,0.792972097257747,-6.52841907593956,"TAF13"
"L11931_at",0.1145060853579,6.22787053574382,0.504324261300677,0.615542808420022,0.792972097257747,-6.52854943274623,"SHMT1"
"U09410_at",-0.075755987384472,8.25867154359211,-0.50411769476155,0.615687239296832,0.792972097257747,-6.52865292676146,"ZNF131"
"X17651_at",0.146333002256679,7.21468852330895,0.504040849998041,0.615740972866595,0.792972097257747,-6.52869141679826,"MYOG"
"HG1763-HT1780_s_at",0.142720449702542,7.72261068316759,0.504030436509832,0.615748254642214,0.792972097257747,-6.52869663226224,NA
"D79985_at",-0.095827445536814,2.87569111678565,-0.504017497652159,0.615757302371135,0.792972097257747,-6.52870311237654,"DGCR2"
"Z49105_at",-0.0981314320856512,8.43061246796454,-0.504001050662554,0.615768803310433,0.792972097257747,-6.52871134921553,"SSX2"
"S58733_at",-0.143426751324622,7.35870185290395,-0.50398545805809,0.615779706890011,0.792972097257747,-6.52871915792227,NA
"X03066_at",-0.0476286835351996,8.90230046553587,-0.503621949187166,0.616033925505,0.793156195579763,-6.52890113355599,"HLA-DOB"
"U77975_at",0.0618994952547416,7.47365184973345,0.50342972545063,0.616168375486383,0.793186050711886,-6.52899730969144,"ONECUT1"
"M93311_at",0.0542903475411691,6.75785143489623,0.501970364594329,0.61718954692499,0.794357154726169,-6.52972628889063,"MT3"
"U29343_at",-0.0672742480911346,7.39882281230513,-0.501582806533128,0.617460863443148,0.79442510712506,-6.52991952854069,"HMMR"
"L41351_at",0.158615495159646,5.94848192019291,0.501576591067117,0.617465215118524,0.79442510712506,-6.5299226264158,"PRSS8"
"U57057_at",0.0619886210844021,6.34856056639839,0.501153503287287,0.617761466576947,0.794429305103366,-6.5301334096592,"CORO2A"
"M59829_at",0.0893159601470126,7.83275341670186,0.500938535239715,0.617912014260552,0.794429305103366,-6.5302404395274,"HSPA1L"
"U12595_at",0.156196555220594,6.74098869736142,0.500725959677887,0.618060902529607,0.794429305103366,-6.53034623336345,"TRAP1"
"HG1751-HT1768_at",-0.12854682118622,8.6657865060537,-0.500698342309786,0.618080246954326,0.794429305103366,-6.53035997460217,NA
"AFFX-HSAC07/X00351_M_at",0.145855815144349,14.0834269064985,0.50064668050593,0.618116433889603,0.794429305103366,-6.53038567731812,"ACTB"
"M58569_s_at",0.0387639567018256,5.91365647994175,0.500505416548704,0.618215388216999,0.794429305103366,-6.53045594533789,"FGA"
"U71088_at",-0.0441845124598697,8.55026162827982,-0.500458103808033,0.618248532011989,0.794429305103366,-6.53047947540721,"MAP2K5"
"M91670_at",-0.106293509809971,9.32961688433591,-0.499983543809756,0.61858101737472,0.794713294803456,-6.53071536637071,"UBE2S"
"U25975_at",-0.0686386670470309,8.44206197927954,-0.499733437130596,0.618756278736357,0.794795227227296,-6.53083959821782,"PAK2"
"AFFX-LysX-5_at",0.0483022765542795,6.55623104267721,0.499539846783967,0.618891951674111,0.794826287783235,-6.53093571514658,NA
"D16611_s_at",0.0624961002174027,7.00346739451578,0.499265393540321,0.619084318059311,0.794912282502027,-6.531071916835,"CPOX"
"M99439_at",0.085486738707047,9.14521488434657,0.49900320185406,0.619268115096297,0.794912282502027,-6.53120196410537,"TLE4"
"X71345_f_at",0.102717599990914,8.06907749491897,0.498967101235942,0.619293423624106,0.794912282502027,-6.53121986472494,"PRSS3"
"S81439_at",0.110182956546318,8.22888484785487,0.498677831269442,0.619496234479913,0.79502946095541,-6.53136325382036,"KLF10"
"L25270_at",-0.234464519245104,6.17290140794614,-0.498053136615381,0.61993431667211,0.795329381789643,-6.531672628843,"KDM5C"
"HG4169-HT4439_s_at",0.0595675527774349,6.37530975988966,0.498026411489612,0.619953061383791,0.795329381789643,-6.53168585565655,NA
"M85217_at",-0.0615970912068198,5.65787206863813,-0.497703438234557,0.620179611226252,0.795343742105236,-6.5318456460184,"KCNA3"
"D82347_at",-0.0447030981512402,6.64607641772873,-0.497563895471089,0.620277504989868,0.795343742105236,-6.53191465266787,"NEUROD1"
"M36089_at",0.0643148087687049,9.09364750556072,0.49753332965533,0.620298948815417,0.795343742105236,-6.53192976550092,"XRCC1"
"X73478_at",-0.0833560642638602,9.59465048685363,-0.497180246233193,0.620546682729895,0.795518306272508,-6.53210427573206,"PTPA"
"U91932_at",-0.0838662453130805,9.64149821508776,-0.496616434112232,0.620942361303241,0.795832453196478,-6.53238268276389,"AP3S1"
"X95525_at",-0.0543233897900404,6.81351085262705,-0.496512946351555,0.621015000299061,0.795832453196478,-6.53243375031771,"TAF5"
"M60974_s_at",0.109816701529022,8.36237929870625,0.496321740174802,0.621149219563911,0.795861392212639,-6.5325280760034,"GADD45A"
"U79299_at",-0.135176141132367,6.5769349414975,-0.49596739805523,0.621397987903957,0.796037063030963,-6.5327027843883,"OLFM1"
"X99802_at",-0.0768439525471121,3.72103212226339,-0.495257884421912,0.621896239611615,0.796468725335952,-6.53305223757613,"ZER1"
"U73499_at",0.0921142577983529,5.58876812924156,0.495169393224757,0.621958394437543,0.796468725335952,-6.53309578685044,"HNF1A"
"D17570_s_at",-0.0572680346273664,5.61418409791369,-0.494177607403439,0.622655197352331,0.797006180657595,-6.53358334676915,"ZPBP"
"D86331_s_at",0.152258506576121,6.54703771873679,0.494122186378704,0.622694144908215,0.797006180657595,-6.53361056298981,"MMP15"
"K02882_cds1_s_at",-0.103934591998707,8.52093746983236,-0.494094668323924,0.622713483835433,0.797006180657595,-6.5336240754614,"IGHD"
"M57609_at",-0.116513213688095,7.79752852012303,-0.493663547794073,0.623016498085136,0.797158360886942,-6.53383567539056,"GLI3"
"M21642_s_at",0.0537634873807029,6.68356668380823,0.493479367745306,0.623145969405661,0.797158360886942,-6.53392601757737,"SERPINC1"
"V01512_rna1_at",-0.191227083609348,10.9585585050182,-0.493301257715685,0.623271185049391,0.797158360886942,-6.53401335050971,"FOS"
"U09550_at",0.160459643294296,5.22226300665511,0.493179188657179,0.623357008959263,0.797158360886942,-6.53407318671117,"OVGP1"
"X64877_s_at",0.0397286491651254,6.25369619695658,0.493066902379088,0.623435959433494,0.797158360886942,-6.53412821456984,"CFHR2"
"X87871_s_at",-0.163471226454692,5.8879987921934,-0.492906266624575,0.623548912959937,0.797158360886942,-6.5342069152982,"HNF4A"
"AFFX-LysX-M_at",-0.0915981382781492,5.41178103519215,-0.492812119258647,0.623615118342892,0.797158360886942,-6.53425302934335,NA
"L77571_at",-0.101571471061145,4.76299718910043,-0.492594496316933,0.623768164880283,0.797204391264653,-6.5343595891097,"DGCR5"
"U10690_f_at",0.088576375508846,7.97499555478712,0.49244291152349,0.62387477891226,0.797204391264653,-6.53443378546265,"MAGEA5P"
"L42373_at",-0.055700251693068,9.42846938055191,-0.492143583470672,0.624085328725497,0.797312043985142,-6.53458023122966,"PPP2R5A"
"D87002_cds2_at",0.0978911314687698,4.38145523592046,0.491993016305088,0.624191250754906,0.797312043985142,-6.53465386253714,"POM121L1P"
"X14362_at",-0.0466062686660687,6.25707769836222,-0.491846191729296,0.624294547555767,0.797312043985142,-6.53472564206727,"CR1"
"S57153_s_at",-0.060355197626027,6.12165756025702,-0.49133964556582,0.624650980329952,0.797624366607958,-6.53497311875701,"ARID4A"
"X89109_s_at",0.192034159662237,10.1405822653876,0.490785982853843,0.625040669336172,0.797918271770816,-6.53524332482201,"CORO1A"
"U61849_at",0.0587038332072582,6.84595787728019,0.490694597126829,0.625105000398374,0.797918271770816,-6.53528789503936,"NPTX1"
"HG3703-HT3915_s_at",0.0502234759093394,6.06722109786462,0.490392576455615,0.625317628843956,0.798046791268987,-6.5354351364915,NA
"Y08766_s_at",-0.153038930889467,8.82460230870746,-0.48992018281479,0.625650266984835,0.79820209947697,-6.53566525778012,"SF1"
"L32179_at",0.075203673566195,7.31779441535117,0.489774288212171,0.625753015060284,0.79820209947697,-6.53573628417909,"AADAC"
"X99975_at",0.0624370743965397,6.71197599516415,0.489699220506995,0.625805885309023,0.79820209947697,-6.53577282147445,"NR6A1"
"U61374_at",0.0600427798916439,6.44771460569855,0.489583793913648,0.625887184188001,0.79820209947697,-6.53582899157751,"SRPX"
"HG3521-HT3715_at",-0.0866868251807897,9.71678288959109,-0.48900456363862,0.626295225863618,0.798384866008577,-6.5361106640813,NA
"U64805_s_at",-0.0893956233304545,6.59305186903067,-0.488925767519743,0.626350743211681,0.798384866008577,-6.53614895606164,"BRCA1"
"M24748_cds2_s_at",0.0638997384888,5.77800711833537,0.488903448748834,0.626366468731375,0.798384866008577,-6.53615980103936,"THRA"
"U77845_at",-0.118078166262855,7.60200828107555,-0.488651054280744,0.626544314700287,0.798468791472711,-6.53628240852802,"TRAIP"
"U14971_at",0.0644657764105592,13.4950509434459,0.487311712364562,0.627488432485478,0.799500423732408,-6.53693197791232,"RPS9"
"M24461_at",-0.0777867983859197,6.8500256872671,-0.486928892564028,0.627758401141826,0.799500423732408,-6.5371173167721,"SFTPB"
"J00116_s_at",-0.0792602893441732,5.57697560421263,-0.486906040402227,0.627774518341655,0.799500423732408,-6.5371283758697,"COL2A1"
"M21154_at",0.081701826269807,8.89385144020897,0.486758787793391,0.62787837718173,0.799500423732408,-6.53719962507542,"AMD1"
"M60165_cds1_at",-0.0535575147673946,8.92069772890083,-0.486707494883302,0.627914556386275,0.799500423732408,-6.53722443848128,"GNAO1"
"Z26491_s_at",0.124024356976111,9.83529173616892,0.486474654812007,0.62807880047007,0.79956674438413,-6.53733704429468,"COMT"
"Z74792_s_at",-0.126972572843136,7.50418804365669,-0.485990139449571,0.628420635145047,0.799734038053385,-6.53757119338927,"NFYC"
"U66661_at",0.0660498482625238,7.15393154688248,0.485970384386189,0.62843457443892,0.799734038053385,-6.53758073539264,"GABRE"
"D78151_at",0.0386196686476925,10.6418506231708,0.485460632014138,0.628794305584626,0.799987626801507,-6.53782682046678,"PSMD2"
"M87338_at",-0.0883797119252661,6.58969886916077,-0.485017193033539,0.629107312679076,0.799987626801507,-6.53804068378803,"RFC2"
"U48231_at",0.0877248827351531,6.9736907678755,0.484864824607314,0.629214879593083,0.799987626801507,-6.53811412375006,"BDKRB1"
"M34041_at",0.185290990903902,7.60410283431422,0.484814467295207,0.629250431904034,0.799987626801507,-6.53813839039888,"ADRA2B"
"U24266_at",-0.0662518080277179,7.63960285595486,-0.484744186129014,0.629300051941292,0.799987626801507,-6.53817225395319,"ALDH4A1"
"X02883_at",0.0536168758540914,5.73678480742648,0.484734144898376,0.629307141408732,0.799987626801507,-6.53817709171828,"TRDV2"
"D10511_at",-0.110395579217208,7.75552743265258,-0.483973753673651,0.629844106018204,0.800527479373111,-6.53854315140075,"ACAT1"
"L40384_s_at",-0.0455182256199365,5.18567205767188,-0.483749249337294,0.630002682186005,0.800586296132626,-6.5386511207829,"TRIP13"
"L77559_at",-0.059730820287708,5.96663656125505,-0.482894751895489,0.630606406165967,0.80121067003336,-6.53906161332271,"DGCR5"
"M27161_at",-0.121469522643305,7.1512509672856,-0.482595831610224,0.630817660338878,0.801336261681372,-6.53920504157611,"CD8A"
"M88163_at",0.0595852771349437,7.5308918407827,0.482189127630923,0.631105137296396,0.80155352591421,-6.53940004501245,"SMARCA1"
"M73780_at",-0.0677459910099545,7.62769956703103,-0.482035754058613,0.631213563540801,0.80155352591421,-6.53947354102942,"ITGB8"
"HG2999-HT4756_s_at",0.0697084510109747,7.1118048558856,0.481542462134445,0.631562347309449,0.801804906494954,-6.5397097670758,NA
"M19720_rna1_at",0.0509567160678106,8.05428631107813,0.481292285853421,0.631739267319968,0.801804906494954,-6.53982947884103,"MYCL"
"M19301_at",0.0441551441262353,6.81286431016551,0.48122957317728,0.631783619932195,0.801804906494954,-6.53985947777239,"DBT"
"M25756_at",0.0495729548261066,6.91401911405013,0.481119591397334,0.631861406184409,0.801804906494954,-6.53991207874382,"SCG2"
"HG3996-HT4266_at",-0.0539110149770385,3.50173960456127,-0.480593701407316,0.632233407190455,0.802134180434375,-6.54016343095016,NA
"M22005_at",-0.0537085673262894,5.15628081392143,-0.47979496039577,0.632798597685703,0.802708399092771,-6.54054467142195,NA
"M21388_r_at",-0.197758748923688,10.4949632317044,-0.479448190442309,0.633044040857412,0.802762326015682,-6.54070998915851,NA
"U63542_at",0.0796571879213861,6.27255633572682,0.479416716329253,0.633066320221653,0.802762326015682,-6.54072498812362,NA
"X60489_at",0.0630722785494928,12.8745045968326,0.478735929166868,0.633548307464353,0.803230639145185,-6.54104917727257,"EEF1B2"
"L07261_s_at",-0.0773397177632091,7.51507599096901,-0.478433828414525,0.63376224119475,0.803260414214389,-6.54119289025694,"ADD1"
"U07695_at",0.0589519947413297,9.82985988873856,0.478276165962513,0.633873902835029,0.803260414214389,-6.54126785639494,"EPHB4"
"X76132_at",0.075753910348169,8.07920655678122,0.478225457946316,0.633909817698156,0.803260414214389,-6.54129196208008,"DCC"
"HG4114-HT4384_at",0.0494082431435494,9.26364793114526,0.477915169491367,0.634129604234988,0.803396116685842,-6.54143941234948,NA
"M68516_rna1_at",0.0532918711579917,5.47675343059951,0.476997125581359,0.634780074847494,0.803748022960077,-6.54187511342716,"SERPINA5"
"AB002315_at",0.0811108873919251,7.57585532602909,0.476765597036977,0.634944167502201,0.803748022960077,-6.54198486477619,"AREL1"
"U17195_at",0.0643269904240542,6.76525812884113,0.476690336849162,0.63499751106211,0.803748022960077,-6.54202052891829,"AKAP6"
"Z35491_at",-0.0762340650236801,7.96806485464475,-0.476662987967874,0.635016896115278,0.803748022960077,-6.54203348756358,"BAG1"
"M64929_at",0.158928629987342,7.91101949727533,0.476540956079475,0.635103396170605,0.803748022960077,-6.54209130059468,"PPP2R2A"
"X57025_at",0.0474244460413198,6.63655987299379,0.476482332819991,0.635144951995358,0.803748022960077,-6.54211906833685,"IGF1"
"M98776_rna1_at",-0.0640928591648375,9.18974484583905,-0.476157652835998,0.635375126664947,0.803748022960077,-6.54227279617107,"KRT1"
"Z22534_at",0.062790067359872,6.35866579822599,0.476084582390785,0.635426933293492,0.803748022960077,-6.5423073788406,"ACVR1"
"X79888_at",-0.0463916676206351,7.10140391779838,-0.476020558588331,0.635472327388513,0.803748022960077,-6.54233767559357,"AUH"
"X82153_at",0.0365243899342653,6.79634346423883,0.475932447271069,0.635534802276049,0.803748022960077,-6.54237936419727,"CTSK"
"U33017_at",-0.0683254350156925,4.28480900844685,-0.475495879438369,0.63584438755587,0.80399692069631,-6.54258580685952,"SLAMF1"
"Z83800_at",0.0394690273300222,6.29401207171463,0.475115054155946,0.636114496913553,0.804164748460538,-6.54276573643149,"DYNC2H1"
"X58964_at",0.0792496802472158,4.34730253114901,0.474990686024448,0.636202718658639,0.804164748460538,-6.54282446595245,"RFX1"
"X83863_at",0.0885891556421949,9.37389554163548,0.474643981436496,0.636448684735694,0.804312340123427,-6.54298810724309,"PTGER3"
"X78687_at",0.107728186214071,7.34238430345805,0.47450805327167,0.636545128766499,0.804312340123427,-6.54305223164919,"NEU1"
"U82468_at",-0.0625068833471016,2.85189238826714,-0.474115493668209,0.636823693750134,0.804521728290751,-6.54323732001786,"TULP1"
"X78992_at",0.201187838470588,11.5110486711664,0.473647556870221,0.637155815742309,0.804798690720574,-6.54345774917317,"ZFP36L2"
"S78296_at",0.0547310617850219,8.25114809021328,0.473201276940323,0.637472635903799,0.804927092165172,-6.54366777498043,"INA"
"HG2868-HT3012_s_at",-0.0451440640688432,9.54310898042714,-0.473159111339383,0.637502573331441,0.804927092165172,-6.54368760855032,NA
"M11726_at",0.0789045575839857,8.0307351227839,0.473027251640596,0.637596197146405,0.804927092165172,-6.5437496204877,"PPY"
"U16811_s_at",0.0787358057810481,6.74266683620768,0.472229317843438,0.63816287675273,0.80549984921569,-6.54412451210821,"BAK1"
"U43408_at",0.0732148715091627,6.20016642301726,0.471945545175137,0.638364459526374,0.805506508726413,-6.54425768481518,"TNK1"
"X65977_at",0.192359554691607,6.72987545037832,0.471893960904299,0.638401106227347,0.805506508726413,-6.5442818844396,"DEFA4"
"HG2797-HT2905_s_at",-0.0437657076976148,5.69513831543383,-0.471640036647072,0.638581513238201,0.805506508726413,-6.54440096908986,NA
"M12759_at",-0.202670088011383,8.0850659432951,-0.471578332373698,0.638625355922167,0.805506508726413,-6.54442989735742,"JCHAIN"
"HG3731-HT4001_r_at",-0.0969541614312481,5.66870435214365,-0.471426696145772,0.63873310335677,0.805506508726413,-6.54450097164527,NA
"U70671_at",-0.0606883532579392,10.1284133382578,-0.469109986513769,0.640380243504706,0.807440883612496,-6.54558402495212,"ATXN2L"
"U05040_at",-0.0628143893489739,9.32842555736342,-0.468892673631297,0.640534842137525,0.80749299550812,-6.54568534588241,"FUBP1"
"M64716_at",-0.051524638291605,13.6661077899661,-0.468390375140666,0.640892243399208,0.807800707778103,-6.54591936119856,"RPS25"
"U09279_at",-0.0322159295822759,6.70981232761806,-0.468050052282711,0.64113444217737,0.807963132098721,-6.54607777218031,"COL19A1"
"M54968_at",-0.0456454224624716,7.11581771264507,-0.467636263062334,0.641428977546413,0.808191442369809,-6.54627022557497,"KRAS"
"D88795_at",0.0625756914288003,6.80742006262564,0.466379826125734,0.642323662808059,0.809175718706247,-6.54685355764372,"PCDHB11"
"X16323_at",0.0555078448180844,6.74733808674239,0.465827795893259,0.642716920868036,0.809456709604726,-6.54710935813159,"HGF"
"M16938_s_at",0.0615208220484149,8.4001232942283,0.465747961990228,0.642773801805633,0.809456709604726,-6.54714632674491,"HOXC6"
"U82319_at",0.0458302536608022,6.90533128243494,0.465371130031293,0.6430423200377,0.809651836727086,-6.54732074095015,"NUS1P3"
"M85276_at",0.102539508763126,8.59938954704824,0.465055814596843,0.643267040164735,0.809786577005535,-6.54746657479696,"GNLY"
"HG36-HT4101_s_at",-0.0592076232639229,7.87627703809774,-0.464902222852135,0.643376514540518,0.809786577005535,-6.54753757561557,NA
"D88146_at",-0.10652773487473,4.48046634036304,-0.464452844656096,0.643696859656296,0.810046763016723,-6.54774517567636,"SLC35A2"
"AC002086_at",0.0441882114716394,6.6746569984076,0.464211784941584,0.643868730074281,0.81012004530525,-6.54785645622867,"ZBTB33"
"Z24725_at",-0.038488454385301,6.99406975462455,-0.46348576191329,0.644386486361367,0.810466042946295,-6.54819126376254,"FERMT2"
"Y09022_at",-0.156938026356254,7.53679423635585,-0.463353983746542,0.644480481574038,0.810466042946295,-6.54825197777169,"ALG3"
"M18079_at",-0.0492807295424127,6.60284902588589,-0.463029619656532,0.644711869886977,0.810466042946295,-6.54840134856733,"FABP2"
"X99459_at",0.0481160864760639,9.6197941146736,0.463029332967155,0.644712074415202,0.810466042946295,-6.5484014805428,"AP3S2"
"Y13896_at",0.0447569127853331,6.42640804569993,0.462935340015498,0.644779131785306,0.810466042946295,-6.54844474516693,"KCNJ15"
"HG2480-HT2576_at",0.0603362060476993,8.43996222564535,0.462677529581233,0.644963076560988,0.810466042946295,-6.54856336958071,NA
"X69886_s_at",0.0633246710832545,5.89837432731685,0.462493315651686,0.645094524663048,0.810466042946295,-6.54864809033915,"GK"
"Y11251_at",-0.0443001985289522,7.97320596333789,-0.462377183911667,0.645177397703571,0.810466042946295,-6.54870148257677,"SCAF11"
"D42085_at",0.057334097235616,9.31842877612706,0.462265308939474,0.645257237315485,0.810466042946295,-6.54875290513538,"NUP93"
"X00351_f_at",-0.0782112783844653,13.9986565008739,-0.462006726113108,0.645441791006126,0.810466042946295,-6.54887171360737,"ACTB"
"X68314_at",0.115144896469638,5.87894933392832,0.461899559078114,0.645518283947379,0.810466042946295,-6.54892093320605,"GPX2"
"D17547_at",-0.0592915145598498,7.05573766850679,-0.461774122466394,0.645607822081235,0.810466042946295,-6.54897852922408,"DCT"
"Z22780_at",-0.0574195810296398,6.58501106873838,-0.461715718392317,0.645649513387187,0.810466042946295,-6.54900534098567,"CYLC1"
"U57623_s_at",0.052481304140116,8.38174544727915,0.46159551411045,0.645735323879219,0.810466042946295,-6.54906051297392,"FABP3"
"U20391_rna6_at",-0.0926349622923182,3.56067692452764,-0.461026989023108,0.646141243307227,0.810667753486698,-6.54932126407918,"FOLR1"
"U03858_at",-0.0860587344527755,6.98382545161817,-0.460892688880547,0.646237147547946,0.810667753486698,-6.5493828135016,"FLT3LG"
"Y12478_at",0.109003472283708,5.28872042568044,0.460840794751108,0.646274206949617,0.810667753486698,-6.54940659167734,"GET1"
"Z31695_at",-0.116433145322062,4.6890186711118,-0.460733416625899,0.646350892245531,0.810667753486698,-6.54945578447333,"INPP5A"
"X67098_at",0.0843694585405661,7.63677196712862,0.460295977159867,0.646663334182302,0.81091695855508,-6.54965606943129,"ENOSF1"
"X51801_at",0.0622234294032422,5.95947746575621,0.460039311481357,0.646846687716229,0.811004227352972,-6.54977349770265,"BMP7"
"X63131_s_at",0.16358199409725,6.19703748718511,0.458669943846803,0.647825288577508,0.811970936058515,-6.55039890280646,"PML"
"U57092_at",0.100750005300207,6.81754316093607,0.458641648409947,0.647845516103357,0.811970936058515,-6.55041180609479,"RAB30"
"U62438_at",0.0605252700478927,6.53807064747721,0.457949429748824,0.648340444256444,0.81210979596032,-6.55072722522043,"CHRNB3"
"J03910_rna1_at",0.108941153040774,5.11982591994272,0.45771002760064,0.648511650880648,0.81210979596032,-6.55083620192742,"MT1G"
"U58089_at",-0.0661471636111433,8.88895025811296,-0.457686504049943,0.64852847459219,0.81210979596032,-6.55084690687417,"CUL3"
"M88282_at",-0.122927642980422,6.84469711632551,-0.457677427099816,0.648534966347796,0.81210979596032,-6.55085103740823,"CD96"
"U44975_at",0.160835840174677,10.2791993366094,0.457554007342044,0.648623237787581,0.81210979596032,-6.55090719240977,"KLF6"
"S71824_at",0.0565968612605694,8.31857291840368,0.457338476471344,0.64877740039257,0.81210979596032,-6.55100522112208,"NCAM1"
"D16227_at",-0.120621075948994,5.55814388956791,-0.457242563990454,0.648846008579957,0.81210979596032,-6.55104882970025,"HPCAL1"
"U38904_at",0.0514905136934471,7.80481599078647,0.457212326226911,0.648867638910083,0.81210979596032,-6.55106257603473,"ZNF211"
"Y09616_at",-0.0510303310817495,10.1823023542572,-0.456882401347742,0.649103667538019,0.812262602401007,-6.55121250384922,"CES2"
"Z49107_s_at",-0.0759889286264634,10.8557751031837,-0.456621217730818,0.649290544095072,0.812353859047695,-6.55133111725118,"LGALS9"
"HG3523-HT4899_s_at",-0.0883303132627109,9.6852290873466,-0.456056915986114,0.649694378203925,0.812716480473027,-6.55158715786176,NA
"U43747_s_at",-0.0582243309865094,7.52904186172968,-0.455414357993747,0.650154343144423,0.812995204000344,-6.55187832236549,"FXN"
"M60556_rna2_at",0.059730162769978,4.46367125317351,0.455321001824605,0.650221182000613,0.812995204000344,-6.55192059120676,"TGFB3"
"M91029_cds2_at",-0.067855062915001,9.3738281688189,-0.455165805780857,0.650332301805771,0.812995204000344,-6.55199084019977,"AMPD2"
"U79751_at",-0.0357118817646214,5.80230546937604,-0.455108471309348,0.650373355086823,0.812995204000344,-6.5520167864417,"BLZF1"
"Z26876_at",-0.0509697006704926,13.8963465277815,-0.454335276326792,0.650927092676257,0.813544748192328,-6.55236637202208,"RPL38"
"M21984_at",-0.175371958964615,5.4898614073763,-0.45327465075859,0.651686998729319,0.814351728999354,-6.55284495248086,"TNNT3"
"Z49989_at",-0.128827088619714,5.47395084144517,-0.452583258587735,0.65218255915792,0.814828157069193,-6.55315632689958,"SMTN"
"J04810_s_at",0.054548893462572,6.55373539343344,0.45216223253164,0.652484409493157,0.815062441786704,-6.55334570807614,"MSH3"
"Z49254_at",-0.0767146995332926,9.73265384340535,-0.451923859341765,0.652655334477148,0.815133125348211,-6.55345285270188,"MRPL23"
"U64573_s_at",-0.0437857496630274,6.67424668839556,-0.451427878042421,0.653011036448625,0.815434520729068,-6.55367560765495,"GJA1"
"D49354_s_at",-0.044287516995265,7.25146591619993,-0.45115819581344,0.653204477737714,0.815485854351844,-6.5537966251648,"PPFIA1"
"M89473_at",0.0633536932095176,8.08635415852019,0.451051627589359,0.65328092498294,0.815485854351844,-6.5538444268879,"TACR3"
"M33600_f_at",0.156654522631356,12.2207732394339,0.450223667519057,0.653874992737203,0.816084527875266,-6.55421543008741,"HLA-DRB1"
"L26247_at",0.0881666617139114,12.5923943253095,0.449877359938455,0.654123537530034,0.816251828995557,-6.55437040707695,"EIF1"
"X92098_at",-0.0754455865072305,8.47874157832438,-0.448753188970276,0.654930624178415,0.817115929255849,-6.55487267040327,"TMED2"
"U18300_at",-0.0628432355208215,8.91175426061898,-0.448375463226308,0.655201900819746,0.817267995175342,-6.55504115231385,"DDB2"
"X16609_s_at",0.0894993959464525,6.22161970546382,0.448264241816386,0.65528178712614,0.817267995175342,-6.5550907349534,"ANK1"
"M63256_at",-0.0583866780623561,5.65078572392133,-0.44749484928233,0.655834524106167,0.817814294621806,-6.55543339607798,"CDR2"
"HG4462-HT4731_at",0.0792943755260191,5.84616313139567,0.446960213967834,0.65621872317489,0.818150275885588,-6.55567115964614,NA
"HG4263-HT4533_at",-0.107925129502577,5.70673320201345,-0.446293804425553,0.656697747642733,0.818543748370974,-6.55596713022539,NA
"M13194_at",-0.0658396371408188,9.31467247864494,-0.446201712728759,0.656763955769669,0.818543748370974,-6.55600799611003,"ERCC1"
"S70004_at",-0.0495945242497795,6.12565069682004,-0.445870970123156,0.65700176153405,0.81859936325369,-6.55615469468682,"GYS2"
"AC002115_cds1_at",0.0577140540009502,11.5550566472573,0.445820250881208,0.657038232085512,0.81859936325369,-6.5561771812861,"COX6B1"
"M90516_at",-0.0435036101218191,6.94095222513754,-0.445528212638495,0.657248243470895,0.818717932501137,-6.55630660823043,"GFPT1"
"D87464_at",-0.0834053639786756,7.52002401186263,-0.444783850052515,0.657783656548522,0.819101265080602,-6.55663611702475,"FIG4"
"X75342_at",0.0886938449115009,7.99790404035865,0.444780914592247,0.657785768352707,0.819101265080602,-6.55663741538733,"SHB"
"U67932_s_at",-0.0577286215302024,7.43333059982506,-0.444347760019685,0.658097415321904,0.81931632110464,-6.5568289075003,"PDE7A"
"U08815_at",-0.0744615812430034,8.30581931433479,-0.444221421175745,0.658188325286334,0.81931632110464,-6.5568847253377,"SF3A3"
"Y10518_at",0.042229422153941,6.826979410848,0.444055685926922,0.658307591643365,0.81932172151284,-6.55695792498576,"CARMIL1"
"U38276_at",-0.0707739619543339,8.94471986341473,-0.442515593948659,0.659416296229298,0.820558348022109,-6.55763683230021,"SEMA3F"
"D86964_at",0.0726719534079265,8.71399770134223,0.441681487200831,0.660017084666336,0.821162617205289,-6.55800354604014,"DOCK2"
"M63904_at",-0.19137761638471,9.98656685994006,-0.441167042541648,0.660387739251061,0.821391260479796,-6.55822937773922,"GNA15"
"HG1153-HT1153_at",0.0763353003070701,11.4690804600745,0.441106597136091,0.660431295422947,0.821391260479796,-6.55825589496955,NA
"J02871_s_at",-0.0663224254257475,6.06260013408088,-0.440844546973092,0.660620138933343,0.821444008298084,-6.55837081384723,"CYP4B1"
"D84424_at",0.0947236870532455,6.49352299353351,0.440689672925381,0.660731757548704,0.821444008298084,-6.55843870002231,"HAS1"
"U73167_cds3_at",0.0704098009083545,4.82185558057136,0.440568096368614,0.660819383867234,0.821444008298084,-6.55849197423539,"NAA80"
"U44799_s_at",-0.0546879353474203,7.237405444612,-0.439870310521834,0.661322404842414,0.821835566542056,-6.558797457584,"SNRNP35"
"D49488_at",0.0398279664806438,6.97770959140302,0.43981131842961,0.661364938315581,0.821835566542056,-6.55882326162508,"TTPA"
"X69115_at",0.0516470223364944,8.39955816941547,0.4392060836753,0.661801378783241,0.822036262380417,-6.55908780170713,"ZNF37A"
"L25081_at",0.116659483205348,9.1480404386571,0.439136552875446,0.661851525610808,0.822036262380417,-6.55911816949237,"RHOC"
"X77166_at",0.0603833313592812,6.41435012173044,0.439107647882478,0.661872372852236,0.822036262380417,-6.55913079242741,"SPINT3"
"M84424_at",-0.0445955859093345,7.56547608463045,-0.438190748199693,0.662533810124447,0.822714428214106,-6.5595307775447,"CTSE"
"HG2191-HT2261_at",-0.087111799029925,4.38683708151389,-0.437523642282508,0.663015218937077,0.823168842877469,-6.55982127084065,NA
"HG880-HT880_at",0.203046914156168,6.55991455817615,0.437048436773235,0.663358231830171,0.823451303276561,-6.56002793202105,NA
"HG2442-HT2538_at",-0.0745201273043152,7.62123819195474,-0.436505925725217,0.663749915265949,0.82379407136681,-6.56026359047233,NA
"D42063_at",0.0648413563420212,7.3694780071712,0.435800368149774,0.664259455712704,0.824282969499715,-6.56056963824603,"RANBP2"
"X63741_s_at",-0.0591868203935233,6.36785320936115,-0.435286430111569,0.664630711862629,0.824600129632559,-6.56079225771328,"EGR3"
"U10991_at",0.160151401731185,6.62752045182951,0.434737441308947,0.665027380580872,0.824948703003487,-6.56102977125328,"KIAA1549L"
"M20543_at",-0.0566655949664447,6.74249482875086,-0.43411993527251,0.665473670421069,0.825221479544987,-6.56129657164076,"ACTA1"
"Z23115_at",-0.0670072812070597,9.16830409187553,-0.434112854125319,0.665478788877,0.825221479544987,-6.56129962894168,"BCL2L1"
"S68271_s_at",-0.0640091501783564,6.95460825036237,-0.433769546408824,0.665726960600818,0.825385652543171,-6.5614477932984,"CREM"
"M17252_at",0.0691078222798085,3.54973303668137,0.433554620169058,0.665882346404521,0.825427119735707,-6.5615404915691,"CYP21A2"
"U21049_at",0.0912096665195001,6.59364523914824,0.433402995907909,0.665991975413072,0.825427119735707,-6.56160586003013,"PDZK1IP1"
"L41066_at",0.0727579684142583,6.19998440341416,0.43283248942887,0.666404534407268,0.825794876723347,-6.56185161376282,"NFATC4"
"HG3962-HT4232_at",-0.0699225730065236,4.03942116897377,-0.432301009102224,0.666788964513545,0.826127655199351,-6.56208026668267,NA
"M61156_at",0.0438467480406093,6.39825124242712,0.431892193647606,0.667084729496533,0.826316274930961,-6.56225595667241,"TFAP2A"
"X82554_rna1_at",-0.0493495005674971,7.49920929597406,-0.431698392856101,0.667224956658588,0.826316274930961,-6.56233918551828,"RAB4A"
"Z19574_rna1_at",0.0956485450395936,4.92673156838533,0.431469555172882,0.667390550505859,0.826316274930961,-6.56243741330694,"KRT17"
"X14813_at",-0.157462481893285,7.21054172400497,-0.431449807988566,0.667404840938768,0.826316274930961,-6.56244588728931,"ACAA1"
"U85245_at",0.0428345503608369,8.52691318076901,0.431044782687064,0.667697972501995,0.826460689930905,-6.56261960807873,"PIP4K2B"
"U59286_at",0.0414319925856494,5.54353527971583,0.430934126564848,0.667778067369812,0.826460689930905,-6.56266704174344,"CXCL11"
"AFFX-TrpnX-M_at",0.0662162768461805,3.75412922233257,0.430794180001272,0.667879368709766,0.826460689930905,-6.56272701364753,NA
"U11861_at",0.0444299802727635,10.7130414664391,0.43049056281096,0.668099165454225,0.826460689930905,-6.56285705740091,"BUD31"
"HG3033-HT3194_r_at",0.248980605700206,9.79244594702002,0.430487849199569,0.668101130042335,0.826460689930905,-6.5628582192697,NA
"U68105_s_at",0.0544422989964861,12.3182008570597,0.430092756700686,0.668387192080727,0.826671112481524,-6.56302730561613,"PABPC1"
"L40393_at",0.0685113599776379,7.1654597948426,0.429630264830141,0.668722116276345,0.826941884984225,-6.56322504039889,"NUMB"
"Z37166_at",-0.0525979554077853,11.8276462214139,-0.428965143400267,0.669203897319694,0.827206932224598,-6.56350903678676,"DDX39B"
"X04391_at",0.0720201944377941,8.53857605464032,0.428898961749581,0.669251843638305,0.827206932224598,-6.56353727136382,"CD5"
"HG2358-HT4858_s_at",0.077785429363753,4.12422996528661,0.42885381188461,0.66928455394466,0.827206932224598,-6.56355653082215,NA
"U83598_at",0.107116179288916,7.46736394891173,0.428666619485266,0.669420178473021,0.827231140983562,-6.56363635946863,"TNFRSF25"
"U12465_at",-0.0493962995880839,13.6058576661908,-0.427783797157486,0.670059948650381,0.827875528239206,-6.56401237376595,"RPL35"
"X79066_at",0.184662745043093,7.51216371326727,0.427626601995417,0.670173891635357,0.827875528239206,-6.56407924590188,"ZFP36L1"
"U32907_at",-0.0585623675937663,5.83460157655507,-0.427353158416949,0.670372115789827,0.827925253794068,-6.56419551281978,"LRRC17"
"Z68274_at",-0.0667827160881238,6.67196989546433,-0.42725067393225,0.670446414665893,0.827925253794068,-6.56423906967514,NA
"X15306_rna1_at",0.0517648264315858,7.13910462557794,0.426868910583132,0.670723213190135,0.828020531150516,-6.56440123115972,"NEFH"
"D30758_at",0.059282468290256,10.5637855989229,0.426823879898637,0.670755865814873,0.828020531150516,-6.56442034931806,"ACAP1"
"X89416_at",0.165837899266519,4.82689617997486,0.426020606345705,0.671338441654014,0.828572655492205,-6.56476104872244,"PPP5C"
"X64177_f_at",0.223727275554055,4.74904406692331,0.425886699723063,0.671435577329003,0.828572655492205,-6.56481778160545,"MT1H"
"U95020_at",0.0641162750274686,4.43366391104113,0.425116994324146,0.671994029127387,0.829102083192275,-6.56514354234124,"CACNB4"
"M93426_at",-0.0649727448676316,7.11546470220383,-0.424974823405466,0.672097199995534,0.829102083192275,-6.56520364887586,"PTPRZ1"
"M15661_at",-0.0804759105486124,10.1960515792223,-0.423976965256978,0.672821504907403,0.829763230116491,-6.5656249569872,"RPL36AL"
"M13150_s_at",0.0711286952529901,6.52647346968826,0.42391577219258,0.67286593257167,0.829763230116491,-6.56565076138904,"MAS1"
"D10523_at",-0.0872886882231434,8.51889147574867,-0.42334595628552,0.673279688813485,0.830129868825897,-6.56589086817771,"OGDH"
"M11749_at",0.0754877576541126,6.23942476445862,0.422370099493866,0.673988514928685,0.830633420392484,-6.56630132442058,"THY1"
"HG3635-HT3845_f_at",-0.0454587576038286,7.05847170916138,-0.422244412695544,0.674079830639943,0.830633420392484,-6.56635412117121,NA
"X13255_at",0.0537926811448246,7.23313787937248,0.422195046245787,0.674115698376303,0.830633420392484,-6.56637485406149,"DBH"
"L33404_at",-0.0604375398669657,4.21909381783695,-0.421923527205398,0.674312987028098,0.830633420392484,-6.56648884333695,"KLK7"
"U95006_at",-0.103418271574764,8.47134624937308,-0.421877846560068,0.674346181322123,0.830633420392484,-6.56650801383994,"CENPX"
"U49436_at",-0.0723174721064606,8.09035585110204,-0.421667793054812,0.674498827110217,0.830633420392484,-6.56659613905984,"EIF5"
"U80811_at",0.0539673814116828,5.68378248983566,0.421661089139703,0.674503699067483,0.830633420392484,-6.56659895088118,"LPAR1"
"M95167_at",-0.0801392400170471,6.1481735863279,-0.421461980430288,0.674648404312792,0.830668130284265,-6.56668244271376,"SLC6A3"
"U79247_at",0.0449892554656408,6.77919253149921,0.420907271717462,0.675051611945289,0.830860827430035,-6.56691484059286,"PCDH11X"
"U82130_at",-0.0789584406407808,7.22770985905972,-0.420848011151613,0.675094692998828,0.830860827430035,-6.56693965008427,"TSG101"
"D28483_at",0.0544019393383515,7.74293362624703,0.420765679380227,0.675154548085593,0.830860827430035,-6.56697411258791,"RBMS2"
"M68519_rna1_at",0.0632330938275896,4.207528760309,0.420381371147771,0.675433967382625,0.831061227730537,-6.56713488790112,"SFTPA2"
"HG908-HT908_at",0.0632923622903032,8.59847804058614,0.419975170268713,0.675729353808335,0.831281201604766,-6.56730466307572,NA
"U43142_at",-0.0392900775210334,4.50528498689244,-0.419793575730349,0.675861424566485,0.831300223556673,-6.56738050925557,"VEGFC"
"M92269_f_at",-0.0659316976292867,5.65193537837788,-0.419298438920383,0.676221581240283,0.831353492619596,-6.5675871460834,"CACNA1C"
"M27318_f_at",0.0499367554266765,6.79386334377472,0.419271220158451,0.676241382039914,0.831353492619596,-6.56759849832824,"IFNA4"
"D25538_at",-0.0857931394911606,7.83529597519525,-0.419253077473017,0.67625458040413,0.831353492619596,-6.5676060647679,"ADCY7"
"U58675_cds1_at",0.0471091351732973,6.48704963834345,0.418686668918041,0.676666679947277,0.831709856559519,-6.56784212260004,"OR3A2"
"D49742_at",0.0725924055735288,4.34504026520668,0.418391316341196,0.676881607619558,0.831709856559519,-6.56796508849274,"HABP2"
"D17516_at",-0.0869846578929545,6.92114225866983,-0.418373659220104,0.676894457533781,0.831709856559519,-6.56797243705126,"ADCYAP1R1"
"U68135_s_at",-0.0358519957668353,6.7089697660421,-0.417923404103545,0.677222161698913,0.831885292043822,-6.56815972040107,NA
"L37792_at",-0.0751860472953343,8.73958709499088,-0.417808839078005,0.67730555423979,0.831885292043822,-6.56820734162683,"STX1A"
"M15656_at",0.086267749064588,3.95317424611754,0.417696530494002,0.677387308221965,0.831885292043822,-6.56825401230598,"ALDOB"
"J00129_at",0.0469617535761406,7.73235856509618,0.41739829728115,0.67760442311774,0.831905557716259,-6.56837788476311,"FGB"
"U73338_at",-0.037726053376443,7.0622033733637,-0.417353282428713,0.677637196473322,0.831905557716259,-6.56839657422902,"MTR"
"S81893_at",0.0495219077895106,7.57138270999934,0.416962065651069,0.677922050601661,0.831980748326216,-6.56855891686958,NA
"X54667_at",0.0577500272481544,5.71509902876913,0.416948606756932,0.677931851175058,0.831980748326216,-6.56856449919078,"CST4"
"M60092_at",0.0525071865986888,7.14735286510193,0.416553818321822,0.678219355178525,0.832165071132842,-6.56872816509808,"AMPD1"
"M81778_s_at",0.0428345504849021,6.54175351725912,0.416421805380116,0.678315504047264,0.832165071132842,-6.568782858766,"HTR2C"
"J05459_at",0.0718068309283924,6.31677974454506,0.416219637586195,0.6784627590974,0.832202513696725,-6.56886658452198,"GSTM3"
"L07590_at",0.044561501874834,6.82908012856856,0.415899399265552,0.678696040042904,0.832316467910146,-6.56899912518622,"PPP2R3A"
"S68874_s_at",-0.0515173471098418,8.78362790854283,-0.415771575742546,0.678789163196744,0.832316467910146,-6.56905200060631,"PTGER3"
"U32680_at",0.120657122615834,8.54868536811353,0.415268426406481,0.679155770731544,0.832622784100632,-6.56925997597713,"CLN3"
"D79990_at",-0.099076807608574,8.54371833556369,-0.415007308712836,0.67934605833152,0.832712869643295,-6.5693678094579,"RASSF2"
"M17886_at",0.0565805346480701,14.3190338455237,0.414777942794442,0.67951322426312,0.832774587548872,-6.56946247475342,"RPLP1"
"HG3426-HT3610_s_at",-0.0491891358410754,7.47589768785765,-0.414420238703692,0.679773957417552,0.83284510373043,-6.56961000460462,NA
"U19718_at",0.0690431120681865,4.50325005073892,0.414378460010148,0.679804412765798,0.83284510373043,-6.56962722735728,"MFAP2"
"U58331_at",0.0514961994189447,6.2118442547378,0.41413031869757,0.679985310932906,0.832923587910772,-6.56972948494862,"SGCD"
"M57293_at",0.0458618073454868,6.79662591571786,0.413526966845976,0.680425240502842,0.833319281832118,-6.56997786840947,"PTHLH"
"X04011_at",0.136686839740786,7.98462022232545,0.413034807139544,0.680784177353374,0.833568006119425,-6.57018021019074,"CYBB"
"U34301_at",-0.106419517465802,4.90451381964151,-0.412878843671567,0.680897938425482,0.833568006119425,-6.57024428146045,"MYH10"
"U03105_at",-0.0709694081250465,9.11351873612885,-0.412767567216853,0.68097910894088,0.833568006119425,-6.57028998016006,"PNRC1"
"D87445_at",0.0394071936583451,7.90755140225956,0.412249547028025,0.681357027944789,0.833887425273545,-6.57050255784051,"SECISBP2L"
"U69140_s_at",0.0579250053219882,6.85746947547983,0.410641040020119,0.682531025929032,0.83503883836263,-6.57116094040319,"FEZ2"
"HG4109-HT4379_at",-0.0481631707778991,7.37554030741362,-0.410407113321496,0.682701826967216,0.83503883836263,-6.5712564762222,NA
"X78686_at",0.0318565887097799,6.85833453984322,0.410251009621385,0.682815814949269,0.83503883836263,-6.57132019893262,"CXCL5"
"U63295_at",0.0583640654419444,6.75002910588671,0.410207843766906,0.682847336252467,0.83503883836263,-6.57133781530202,"SIAH1"
"Z49878_at",-0.0566848175432622,9.07596930827518,-0.410158329837708,0.682883493849647,0.83503883836263,-6.57135802010519,"GAMT"
"AC002115_rna2_at",-0.0680858244657347,8.62966263116484,-0.40933356869393,0.683485885664924,0.835375180936404,-6.57169421761509,"RBM42"
"Y10517_at",-0.0308057465602918,6.51251927879897,-0.409309377464147,0.68350355764353,0.835375180936404,-6.57170406852147,NA
"AD001527_cds1_at",0.0455347248013576,7.39613039135476,0.409227432418676,0.683563420780428,0.835375180936404,-6.57173743304261,"OVOL3"
"U31120_rna1_at",0.05150218770933,7.5417357352377,0.409140034425423,0.683627269684805,0.835375180936404,-6.57177301044319,"IL13"
"X60487_at",-0.0413581367182783,6.93915956065493,-0.40873111287409,0.683926039398181,0.835523275525156,-6.57193937105178,"H4C8"
"U41315_rna1_s_at",0.114188147881689,6.88840413424769,0.408525415075718,0.684076347153918,0.835523275525156,-6.57202299201408,NA
"X02874_at",-0.0681670113726272,7.10985000257189,-0.408492959337998,0.684100064418619,0.835523275525156,-6.57203618220287,"OAS1"
"M26576_cds2_at",0.0485113684813836,8.46157216869226,0.407418619829101,0.68488532513037,0.836290467253645,-6.57247221087992,"COL4A1"
"X70083_at",-0.0824668902194654,5.0417660202475,-0.407312604361442,0.684962833257684,0.836290467253645,-6.57251517608507,"FLNC"
"L00354_at",-0.0660533579397269,6.32948927809012,-0.406717705085327,0.685397828115407,0.83664068748186,-6.57275606622388,"CCK"
"D31797_at",-0.0478101400994984,8.21117360958099,-0.406499003258801,0.685557771316536,0.83664068748186,-6.57284453615588,"CD40LG"
"L13689_at",-0.0776192803713034,8.74971413373902,-0.406146956952098,0.68581526353682,0.83664068748186,-6.57298684751098,"BMI1"
"M74091_at",-0.0444474896666636,6.63064521612445,-0.406088178506582,0.685858258647112,0.83664068748186,-6.57301059617863,"CCNC"
"X95095_at",-0.0546497205910299,5.82780089635157,-0.406039444573698,0.685893907209453,0.83664068748186,-6.57303028389692,"PDGFRA"
"Y09321_at",-0.0802954016514708,6.20028654469889,-0.405955383730442,0.685955398858876,0.83664068748186,-6.57306423758635,"TAF4B"
"Y10313_at",0.0472876193071965,7.23430207017915,0.405797112251311,0.686071182356425,0.83664068748186,-6.57312814729676,"IFRD1"
"U62432_at",-0.031082588737342,6.3051098899298,-0.404972179115462,0.686674783879423,0.837233544429008,-6.57346085203451,"CHRNA3"
"M87434_at",0.0565668137980015,8.6186844627214,0.404255779031469,0.687199137534524,0.83753021114212,-6.57374923738478,"OAS2"
"U51269_at",-0.083253669283188,8.68453581646052,-0.404200292073276,0.68723975643405,0.83753021114212,-6.57377155233406,"ARVCF"
"U70323_at",-0.050246235301195,8.8363984264317,-0.404078096693067,0.687329212087906,0.83753021114212,-6.57382068436815,"ATXN2"
"X93498_at",-0.0536384310818816,6.51206933970754,-0.403834067687461,0.687507871933307,0.83753021114212,-6.57391875872634,"SH3BGR"
"X00274_at",-0.133485755699105,13.3893690434226,-0.40377076096507,0.687554223305303,0.83753021114212,-6.57394419182978,"HLA-DRA"
"X94563_xpt2_r_at",0.128894645688856,8.78894619862645,0.403676836633659,0.687622994222868,0.83753021114212,-6.57398191806437,"DBI"
"D89501_at",0.0704796571733386,6.99936002768458,0.40316814192818,0.687995503704195,0.837840783380117,-6.57418609175426,"SMR3A"
"X17206_at",-0.0444174821309655,14.6112355331812,-0.402777749455022,0.688281434652359,0.838045832218047,-6.57434260891256,"RPS2"
"U78575_at",0.0466205629726666,8.92026132921299,0.402173425208205,0.688724143012309,0.838441669319459,-6.57458459845137,"PIP5K1A"
"L02426_at",-0.061817912044237,10.2165533540291,-0.401838079208358,0.688969853587227,0.838478075066548,-6.57471872498271,"PSMC1"
"M21305_at",-0.235471931018228,9.08184852745916,-0.401811570535141,0.688989278123136,0.838478075066548,-6.57472932276329,NA
"D78012_at",-0.098376305326985,9.1075084210213,-0.401442270039543,0.689259909077807,0.838664258715768,-6.57487689131884,"CRMP1"
"L07541_at",0.0411596886845693,7.1435992453595,0.400772665466484,0.689750712478945,0.839118230249556,-6.5751441136687,"RFC3"
"X02152_at",-0.0733112542558203,12.0817488521568,-0.400317333224894,0.690084535734664,0.839167300446331,-6.57532557163569,"LDHA"
"M19961_at",-0.0750151089007041,10.2066835145797,-0.400307090185812,0.690092046046373,0.839167300446331,-6.5753296513064,"COX5B"
"M63262_at",0.112226294213892,8.9778982259254,0.400235983309804,0.690144183267897,0.839167300446331,-6.5753579693955,"ALOX5AP"
"M74558_at",-0.0509209300539322,7.33805517706584,-0.399109858626614,0.690970084116185,0.839598629713424,-6.57580577725083,"STIL"
"U23942_at",0.0440602974136413,7.11648526627979,0.398961886067846,0.69107863525566,0.839598629713424,-6.57586452573706,"CYP51A1"
"U90910_at",0.0449861650474448,6.7162963036855,0.398862891648757,0.691151260156962,0.839598629713424,-6.57590381667388,NA
"M26958_s_at",-0.0379774623104687,6.87354469948745,-0.398850289096144,0.691160505928111,0.839598629713424,-6.57590881793704,"PTHLH"
"M30818_at",0.0748473269378724,8.2891651149372,0.398799202053375,0.691197986047285,0.839598629713424,-6.5759290899758,"MX2"
"L38928_at",-0.0656273905302429,7.56448501518304,-0.398788893742961,0.691205548855111,0.839598629713424,-6.57593318014119,"MTHFS"
"X12901_at",-0.0405244310814776,6.11227219630523,-0.398378933873765,0.691506346007357,0.839820909827334,-6.57609576003349,"VIL1"
"U43672_at",-0.0451296264648073,6.29189545376591,-0.397716678382638,0.691992363317355,0.840268022157967,-6.57635804239231,"IL18R1"
"U54804_at",0.0493584170809704,6.80664271583835,0.397549958129403,0.692114736701682,0.840273494200663,-6.57642400250435,"HAS2"
"X59798_at",0.0694709841366556,4.23331993179356,0.397079300655385,0.692460245576974,0.840353264691735,-6.57661006176483,"CCND1"
"D87937_at",0.107507006661105,7.77724798643601,0.396851659743308,0.692627379834535,0.840353264691735,-6.57669997352437,"FUT1"
"J00139_s_at",0.0526187174487394,7.09459535273133,0.396693651775351,0.692743398472593,0.840353264691735,-6.57676235204592,"DHFR"
"U40371_at",-0.0430714462763815,6.90324585488497,-0.396627804386656,0.692791749625847,0.840353264691735,-6.57678834003338,"PDE1C"
"M92424_at",0.0506231005037998,7.78840813058066,0.396573018879437,0.692831979111116,0.840353264691735,-6.57680995895474,"MDM2"
"L05144_at",0.0509960784889865,7.6717963212294,0.396440003548659,0.692929657130385,0.840353264691735,-6.57686243579083,"PCK1"
"U38268_at",0.109159704769631,7.98197025275972,0.396205377411361,0.693101964377831,0.840353264691735,-6.5769549571113,NA
"AF008445_at",0.125251774513433,6.97329454855081,0.396176099390883,0.693123467020256,0.840353264691735,-6.57696649863508,"PLSCR1"
"HG658-HT658_f_at",-0.0614411388090019,13.350372111009,-0.395756602807152,0.693431585387917,0.840462773516823,-6.57713177277145,NA
"X91504_at",-0.0708089616452945,10.0444709791407,-0.395732109904377,0.693449576914849,0.840462773516823,-6.57714141714957,"ARFRP1"
"HG3039-HT3200_at",0.0889435206381606,10.5902149885972,0.395361324952124,0.69372196255726,0.840597617491277,-6.57728734563104,NA
"U09414_at",0.0377495250311917,8.21269148594425,0.39525965415953,0.693796658902886,0.840597617491277,-6.57732733604002,"ZNF137P"
"U49742_at",-0.118674465475067,6.6418625523958,-0.39459036137469,0.694288456257746,0.84090261021742,-6.57759033492197,"RHO"
"X65233_at",0.0304577576148626,6.48567883857257,0.39454480541977,0.694321935620634,0.84090261021742,-6.57760822002195,"ZNF80"
"Z75330_at",-0.027757731375404,6.92096281302037,-0.394380504637983,0.694442686372599,0.84090261021742,-6.57767270682331,"STAG1"
"U20536_s_at",-0.0580407813561328,6.33126508899798,-0.394200996649681,0.694574622512805,0.84090261021742,-6.57774313176476,"CASP6"
"Z70295_at",0.0803959666959084,6.03313495127336,0.394114548689683,0.694638164058127,0.84090261021742,-6.57777703581619,"GUCA2B"
"X03656_rna1_at",0.138067317208121,7.98076029355601,0.393501140819567,0.695089097996683,0.841305633211945,-6.57801739577075,"CSF3"
"Y09392_s_at",0.0700260028834521,7.75376872762968,0.393134001541558,0.695359045423961,0.841489498358074,-6.57816107861567,"TNFRSF25"
"D32202_at",0.0529059551205853,7.77876306842541,0.392947714800057,0.695496032023083,0.841512425711568,-6.5782339323253,"ADRA1A"
"U80456_at",0.0593131716709498,5.39982861280666,0.392463550937902,0.695852111021256,0.841772475498203,-6.57842312011585,"SIM2"
"M81933_at",0.0848440048385886,7.31302090193739,0.392153041816049,0.696080511423019,0.841772475498203,-6.5785443298028,"CDC25A"
"L37868_s_at",-0.121920387862126,5.50219328455624,-0.392056156406965,0.69615178293536,0.841772475498203,-6.57858213023328,"POU3F2"
"M34715_at",0.0346913341588238,7.39512045406267,0.392013357662735,0.696183267714603,0.841772475498203,-6.57859882546147,"PSG1"
"Z81326_at",-0.0736909815767826,5.61327316603248,-0.391024811292765,0.696910637749367,0.842509061644097,-6.57898393933452,"SERPINI1"
"AFFX-HUMISGF3A/M97935_3_at",-0.0731892513345525,9.04321080835771,-0.390310493108749,0.697436408415734,0.843001721871103,-6.57926161788486,"STAT1"
"V00536_rna1_at",0.0409520233425749,6.86005691031886,0.39009002124346,0.697598715694179,0.843054965957587,-6.57934722031453,"IFNG"
"D42044_at",-0.0577227257964594,6.12085250037678,-0.389358023688533,0.698137699883136,0.843563332621504,-6.57963108698034,"EMC1"
"HG2239-HT2324_at",0.116293396660801,4.31452288761758,0.388856436207465,0.698507118350888,0.843839756723323,-6.57982529468682,NA
"D37781_s_at",0.0411905075648802,6.14143358452749,0.388725989106886,0.698603204401887,0.843839756723323,-6.57987576114379,"PTPRJ"
"L14430_at",-0.0299372093266594,6.19036849829554,-0.388046662257858,0.699103669510236,0.844301212932148,-6.58013830178463,NA
"X83492_s_at",0.0489282752498452,7.24061244338706,0.386821667276171,0.700006469566727,0.845137236035437,-6.58061057191935,"FAS"
"L06139_at",0.0433167493775954,5.56619168403875,0.386785654268944,0.700033017083638,0.845137236035437,-6.58062443344876,"TEK"
"U38227_s_at",-0.029868345625264,5.38099466877356,-0.386106162787446,0.700533984282647,0.845598844217912,-6.5808857311416,"HK1"
"U07856_at",0.035041123708484,6.12707409121472,0.384586790754138,0.701654649160564,0.846808192630043,-6.58146834854121,NA
"X05615_at",-0.0594164832844095,5.92921763363539,-0.38435258954171,0.701827451281915,0.846842130894064,-6.58155795168071,"TG"
"D43642_at",-0.0301794481740476,10.7634241078934,-0.384099685509985,0.702014070690092,0.846842130894064,-6.58165464929523,"VPS72"
"M64673_at",-0.120804043235838,8.28160716310876,-0.383927489554088,0.702141145617892,0.846842130894064,-6.58172045198107,"HSF1"
"M31774_s_at",0.0866816733766624,6.6402670484665,0.383903534360502,0.702158824432973,0.846842130894064,-6.58172960385183,"TSHR"
"X04327_at",-0.0747172310390924,7.56278676920648,-0.383743800122942,0.702276711719134,0.846842130894064,-6.58179061437086,"BPGM"
"M15205_at",-0.0665891641232772,9.86356135664098,-0.382654650095207,0.703080722470132,0.847594247151154,-6.58220594136128,"TK1"
"U09368_at",0.0346202620032088,6.21533144159721,0.382431689496077,0.703245353859133,0.847594247151154,-6.58229081824282,"ZNF140"
"U41068_cds2_s_at",0.0418378535180466,9.46567647039065,0.382415762274849,0.703257114868716,0.847594247151154,-6.58229687954909,"COL11A2"
"U51096_at",0.0450725801480072,7.22709337040501,0.381526715791797,0.703913721138339,0.848242210614473,-6.58263481876506,"CDX2"
"D32129_f_at",0.0741562721601845,12.9852471568152,0.379918772903573,0.705101841176693,0.849347277425328,-6.58324403098869,"HLA-A"
"HG2992-HT5186_at",-0.122795885197088,7.52565601359555,-0.379746574221429,0.70522912355165,0.849347277425328,-6.5833091211539,NA
"X79568_at",0.0571642955356202,5.24856319082435,0.379615858066389,0.705325749324699,0.849347277425328,-6.58335851152583,"PTPN18"
"Z83802_at",0.0343479845766543,6.85794775082718,0.379553165045267,0.705372093914743,0.849347277425328,-6.5833821937257,"DNAH12"
"U77413_at",0.123718179587167,7.56498202312573,0.379479623507695,0.705426459480343,0.849347277425328,-6.58340996897188,"OGT"
"L41668_rna1_at",-0.0544221019015332,6.45819264631592,-0.37735951181523,0.706994410515671,0.850903708819275,-6.58420839001475,"GALE"
"HG3405-HT3586_at",0.0416814607585962,6.85434561016374,0.377153717969247,0.707146675226779,0.850903708819275,-6.58428565347807,NA
"AC000061_cds3_at",0.0383152198013583,5.65718057426458,0.377138068405713,0.70715825466417,0.850903708819275,-6.58429152724943,"CFTR"
"L36861_at",0.0526564676832155,7.25011757100764,0.377086261929719,0.70719658784601,0.850903708819275,-6.58431097011044,"GUCA1A"
"X02750_at",0.0470256292491253,8.95606192936009,0.376097125181093,0.707928625322945,0.851580395283582,-6.58468168070873,"PROC"
"S80267_s_at",0.0761132113861374,7.61763628251365,0.37594234190564,0.708043201833094,0.851580395283582,-6.58473960292638,"SYK"
"L13972_at",0.0640400278169881,8.97728153096092,0.375842179724734,0.708117349311415,0.851580395283582,-6.5847770724561,"ST3GAL1"
"U11872_at",-0.0650125673174529,8.42701957424256,-0.375374969137171,0.7084632505523,0.851852675524936,-6.5849517192179,"CXCR2"
"D79983_at",0.0492345833820442,6.98014468905975,0.37501626265726,0.708728861994645,0.852028340161859,-6.58508565949726,"RNF144A"
"L29306_s_at",0.0322623004654812,6.64316664228486,0.374415369342859,0.709173886544836,0.852419598242815,-6.5853097460402,"TPH1"
"U59919_at",-0.0519269751058005,7.34336811755359,-0.3740436154677,0.709449260029933,0.852606839978657,-6.58544820213551,"KIFAP3"
"Z34974_s_at",-0.0766750556330447,5.0367467437433,-0.373766128507165,0.709654831362017,0.852710145420498,-6.58555146013935,"PKP1"
"HG3132-HT3308_at",-0.0404198461913374,6.50398745580434,-0.373422287929484,0.709909589527501,0.852831407222354,-6.58567930364651,NA
"U04806_s_at",0.0763905872014279,7.5935570006382,0.373307012727127,0.709995006573807,0.852831407222354,-6.58572213793253,"FLT3LG"
"U16258_at",0.0462832226674559,6.9900341539242,0.372750247169002,0.71040761311765,0.853183267169091,-6.58592883697862,"TONSL"
"J05068_at",-0.0632871605011012,6.19840557024846,-0.372209965575989,0.710808086594636,0.853474684828088,-6.58612912254458,"TCN1"
"Y11416_at",0.069749278492953,5.01967923518042,0.371935809288992,0.711011330910485,0.853474684828088,-6.58623064320874,"TP73"
"HG732-HT732_at",0.0597347786346267,6.97540991220017,0.371909897661077,0.711030541443786,0.853474684828088,-6.58624023448609,NA
"X83535_s_at",0.0825602142785637,2.48224337375427,0.371776911655061,0.711129138431595,0.853474684828088,-6.58628944923409,"MMP14"
"U31449_at",0.0661971251249813,6.17383793047124,0.37124467043919,0.711523796077365,0.853804602295158,-6.58648624269234,"TM4SF4"
"Y11306_rna1_at",0.0983919257952559,7.79099552896438,0.370894283490452,0.711783651591567,0.853972677919266,-6.58661564315845,"TCF7L2"
"X82068_at",-0.044683820911958,5.84063079497608,-0.370195201486568,0.712302209934484,0.854279726292262,-6.58687345555656,"GRIA3"
"U23736_s_at",-0.0458432091031291,6.04725773676116,-0.370168444583543,0.712322060112893,0.854279726292262,-6.58688331352827,"PRDM2"
"U60116_at",-0.0583089318608616,8.01768781541367,-0.370064641681059,0.712399070389606,0.854279726292262,-6.5869215506257,"FHL3"
"U67674_at",0.0490097558793661,8.33129816474985,0.369788584844493,0.712603888602249,0.854381621568354,-6.58702318762842,"SLC10A2"
"X79683_s_at",0.0497142488915117,7.08031095045297,0.369472295106751,0.712838583304766,0.854519297188444,-6.58713954446612,"LAMB2"
"L11701_s_at",0.0624608643929392,7.2902579910368,0.368800719844232,0.713337000523836,0.854954052372415,-6.58738627503291,"GPLD1"
"U59228_at",0.0824052901635559,7.67543349143906,0.368500683889336,0.713559716000857,0.854954052372415,-6.58749636095477,"EDA"
"U90437_at",-0.0404248160634628,6.72331044489503,-0.3684205076925,0.713619234686966,0.854954052372415,-6.58752576321783,"MAPRE2"
"S69370_s_at",-0.0463642589910611,6.08270520730414,-0.368337361186843,0.713680960256452,0.854954052372415,-6.58755624802187,"PAX3"
"L33801_at",-0.0522290809796662,7.68447930437422,-0.367920994314874,0.713990087784725,0.855149502232702,-6.58770880150554,"GSK3B"
"M96132_at",0.0458908298353631,5.29364542798904,0.3677944873361,0.714084021151813,0.855149502232702,-6.58775511859946,"HLA-DQB1"
"Z15108_at",-0.104060701703207,5.77857499858077,-0.367595031037383,0.714232129486597,0.855183213152494,-6.58782811187176,"PRKCZ"
"X16662_at",-0.0562471638462885,6.07313468293982,-0.367191579664086,0.714531750055192,0.855398294902345,-6.58797563883512,"ANXA8L1"
"U37219_at",0.0731879907130857,9.93779301994022,0.366700224277231,0.714896712626481,0.855464452935998,-6.58815509099938,"PPIL2"
"X99657_at",-0.109334831197625,4.45970444565235,-0.366671610545565,0.714917968013355,0.855464452935998,-6.58816553389199,"SH3GL2"
"U87408_at",-0.0349692071755818,9.03741597463556,-0.366632519558005,0.714947006675926,0.855464452935998,-6.5881797992609,"BBS9"
"L10374_at",0.0405065452371636,6.56239366475122,0.366297872057636,0.715195616135877,0.855500539638088,-6.58830185926256,"NALF1"
"U63842_at",0.0740907689096488,8.54918196628113,0.366268858714409,0.715217171586899,0.855500539638088,-6.58831243641642,"NEUROG1"
"HG4052-HT4322_at",-0.0703844401183833,5.73399159441062,-0.365647812310505,0.715678633299158,0.855866677230436,-6.58853864598534,NA
"U14577_s_at",-0.0915804015087369,4.79347098181309,-0.365272254252728,0.715957739049784,0.855866677230436,-6.58867525345182,"MAP1A"
"Y13247_at",-0.0753306312370654,8.70417089125031,-0.365111517578443,0.71607720653594,0.855866677230436,-6.58873367791574,"PPP1R10"
"X87344_cds10_at",0.0946969042782948,7.45337841288909,0.364946991461433,0.716199497871048,0.855866677230436,-6.58879345323026,"HLA-DQB1"
"U70981_at",0.0302056380712816,6.14198477313488,0.364842758533883,0.716276977462956,0.855866677230436,-6.58883130904853,"IL13RA2"
"HG3510-HT3704_at",0.0472797443095416,6.7556170249695,0.364601293819145,0.716456477181533,0.855866677230436,-6.58891896398171,NA
"U43899_at",0.0682444848510899,7.43081382624374,0.364576820627774,0.716474670922579,0.855866677230436,-6.5889278448517,"STAM"
"U59289_at",-0.0465452849650596,6.68150424581014,-0.364564669190065,0.716483704546394,0.855866677230436,-6.58893225416377,"CDH13"
"U11717_s_at",0.0620139373072339,5.25349024141441,0.364127276867365,0.716808897769022,0.856029364992536,-6.58909087033723,"KCNMA1"
"S38953_s_at",0.0529818776559967,7.96296512716254,0.364001008923771,0.716902785435147,0.856029364992536,-6.58913662491845,"TNXA"
"J02843_at",0.0542560773220933,6.35140613589181,0.363715922538308,0.717114780038966,0.856029364992536,-6.58923987096471,"CYP2E1"
"L23116_at",0.0729204970974253,6.86850615557324,0.363643419584885,0.717168697894084,0.856029364992536,-6.58926611556555,"GALC"
"L14813_at",0.0387706233190777,11.4006573383548,0.363574055349633,0.717220282942968,0.856029364992536,-6.58929121913459,"CELP"
"HG2463-HT2559_at",0.066698183912175,8.97755927963101,0.36293188677191,0.717697915699527,0.856240213328455,-6.58952339941637,NA
"M63154_at",0.0333977590923853,5.79440132099504,0.362881886274291,0.717735109846351,0.856240213328455,-6.58954146026494,"CBLIF"
"U47635_at",0.0663266310208446,8.03978129216184,0.362852108449892,0.71775726116578,0.856240213328455,-6.58955221523547,"MTMR6"
"D49357_at",0.131905362193486,5.76693701584902,0.362214903524027,0.718231327269958,0.856500641555688,-6.58978214622841,"MAT1A"
"M57763_at",0.0956545658101753,8.52191406585361,0.362184416685289,0.718254011567677,0.856500641555688,-6.58979313709972,"ARF6"
"M83181_at",0.0427406316345955,9.00608205858261,0.36207423170533,0.71833599885839,0.856500641555688,-6.58983285242168,"HTR1A"
"AF001548_rna1_at",-0.0526661918244002,7.3557387773253,-0.361661790799962,0.718642920444891,0.85660885899124,-6.58998140666308,"MYH11"
"X92715_at",-0.0469382402067522,7.9460216011222,-0.361629333078444,0.718667076115388,0.85660885899124,-6.58999309022504,"ZNF74"
"U22431_s_at",-0.0957303022886009,8.4805969320413,-0.36107073463731,0.719082840923739,0.856961145594339,-6.59019400098494,"HIF1A"
"D42108_at",0.0395200203437671,6.97566580150454,0.360881161874539,0.71922395921849,0.856986061385361,-6.59026211417228,"PLCL1"
"AF002224_at",0.0643361176541255,8.49969514407705,0.36067784370804,0.719375320472532,0.857023171732735,-6.59033512644858,"UBE3A"
"U01828_at",0.0278430220753174,6.7905498180118,0.360353555854519,0.71961676147235,0.857144518964689,-6.59045149452454,"MAP2"
"L49218_f_at",-0.028947062493927,6.46679515075213,-0.360047108155004,0.719844946236607,0.857144518964689,-6.5905613649552,"RB1"
"M11437_cds2_at",-0.0664483961309621,6.80530274156223,-0.359897296009673,0.719956507493878,0.857144518964689,-6.5906150430788,"KNG1"
"HG2730-HT2827_s_at",0.0604336373192895,7.12547645488442,0.359895141595052,0.719958111875517,0.857144518964689,-6.59061581484942,NA
"D49396_at",-0.0703277706824572,7.63982932883721,-0.359525031747118,0.720233749477636,0.857329504095186,-6.59074833005852,"PRDX3"
"AB000450_at",-0.0477992277472739,7.58643819258846,-0.359140356685863,0.720520273788155,0.857527384279759,-6.59088591625403,"VRK2"
"M62324_at",-0.0765722078050999,8.35213088151482,-0.358239224252226,0.721191636908987,0.85814736507986,-6.59120764843314,"ARID5A"
"D82060_at",-0.0406550765063978,6.85109256066636,-0.358118026495636,0.721281948598474,0.85814736507986,-6.59125085833791,"SLC39A7"
"HG3897-HT4167_at",-0.0515660680926748,6.55006336858487,-0.357728626328142,0.721572140766308,0.858349372855499,-6.59138959022571,NA
"M17183_s_at",0.036084989142469,6.52890824533794,0.357531970726333,0.721718709706275,0.858367601084657,-6.5914595957067,"PTHLH"
"M31153_at",-0.0419510650509145,3.67019877938698,-0.357343539875615,0.721859158458546,0.858367601084657,-6.59152663735377,"CYP17A1"
"Y11897_at",-0.0410567718358728,9.18090327914544,-0.357098448622162,0.722041853906267,0.858367601084657,-6.59161378546104,"CHIC1"
"D38163_s_at",-0.0875867081480779,5.27862702334035,-0.35706191979088,0.722069084542669,0.858367601084657,-6.59162676906627,"COL19A1"
"X79234_at",-0.0394703543967836,13.6888136140367,-0.356719822090334,0.722324120764227,0.85852761869426,-6.59174829813765,"RPL11"
"U31201_cds1_at",0.0328800568364462,5.32094016007705,0.356216116329826,0.722699694238798,0.858830825175594,-6.59192702664316,"LAMC2"
"J02876_at",-0.0606076701203708,3.33965736463708,-0.355935017996199,0.722909316645905,0.858914749486141,-6.59202665856721,"FOLR2"
"AFFX-HUMGAPDH/M33197_M_st",0.0873190685335778,7.62042027085822,0.35566549072802,0.723110330136716,0.858914749486141,-6.59212211566159,"GAPDH"
"U81006_at",0.0718457573767157,7.85647970330722,0.355622474038702,0.723142413796972,0.858914749486141,-6.59213734399446,"TM9SF2"
"HG3355-HT3532_at",0.0527583338136726,10.4859756224957,0.355475223634977,0.723252243114786,0.858914749486141,-6.5921894581963,NA
"U36787_at",-0.0440439806309563,8.43264645056545,-0.355094208931377,0.723536456665244,0.859109160487429,-6.59232420538297,"HCCS"
"U03056_at",0.0527065211103173,5.77175518140602,0.354610118856156,0.723897614229392,0.859394852929448,-6.59249519782879,"HYAL1"
"M65066_at",-0.131526715597663,6.76157579409233,-0.35314799157979,0.72498882143497,0.860419794952008,-6.59301024553732,"PRKAR1B"
"AF000573_rna1_at",0.0363766926779814,5.9352431188635,0.353129877654946,0.725002343705528,0.860419794952008,-6.59301661303399,"HGD"
"X52003_at",0.0694546440451091,6.85338572148214,0.352822524326467,0.725231800133129,0.860548852055439,-6.59312460578313,"TFF1"
"D82343_at",-0.0428924902907468,6.08580078823244,-0.352342555184685,0.72559017426342,0.8608308125019,-6.59329306199712,"OLFM1"
"X91788_at",0.0547084902873962,8.68707697695107,0.351864171437944,0.725947425670458,0.861111347355191,-6.59346073437833,"CLNS1A"
"Z00010_at",0.0472408858969562,5.48733747318518,0.351644027750132,0.726111846861411,0.86116309370737,-6.59353781794876,"IGKV1-13"
"U41163_s_at",-0.0569117563714236,3.41659784891568,-0.351103305769826,0.726515756623138,0.861498807213298,-6.59372694831173,"SLC6A8"
"L41143_at",0.107995961905856,4.47539734156698,0.35092928334323,0.726645764811431,0.861509671934258,-6.59378775509435,"TCTA"
"U34038_at",-0.0863274043781797,7.80933114942671,-0.350357580408183,0.727072927578194,0.861851853831515,-6.59398730761872,"F2RL1"
"D31628_s_at",0.0478827680791785,5.94734306711778,0.350219423815567,0.7271761678772,0.861851853831515,-6.59403548243692,"HPD"
"U33317_rna1_at",0.04805003444869,7.18205330088254,0.349975651963492,0.727358343635441,0.861884465306453,-6.59412043881795,"DEFA6"
"X99142_at",0.0833321047710776,8.93461787062517,0.349859060897985,0.727445480116276,0.861884465306453,-6.59416105086712,"KRT86"
"L03427_at",0.0558825282788558,5.80521298302722,0.34916255193033,0.727966103814242,0.862290713920168,-6.5944033842096,"BNC1"
"D50855_s_at",0.0647279547842246,7.09321047357502,0.349076717687474,0.728030271719104,0.862290713920168,-6.59443321483422,"CASR"
"Z74616_s_at",0.0449717400444714,6.18533284960317,0.348751165385657,0.728273665567693,0.862435707945529,-6.59454629005545,"COL1A2"
"U01317_cds1_at",0.0877937337394421,4.56564238697797,0.348462950549816,0.728489168010342,0.862479535963986,-6.59464630897178,"HBE1"
"M57732_at",-0.114777775693661,5.65451284665552,-0.348378069080368,0.728552639300761,0.862479535963986,-6.59467574959628,"HNF1A"
"D87292_at",-0.0912651001531195,8.79707492615434,-0.348203796039474,0.728682960325172,0.86249059009765,-6.59473617274259,"TST"
"HG2743-HT3926_s_at",-0.0273306219674883,6.11376758477399,-0.347311486815369,0.729350352658045,0.863137228436123,-6.59504507796289,NA
"M97252_at",0.0361096471723927,5.53454092666811,0.346684359099315,0.729819530848586,0.863498508850815,-6.59526170827236,"ANOS1"
"HG2320-HT2416_at",0.0423970301097842,9.39322780101748,0.346579641826682,0.729897883901671,0.863498508850815,-6.59529784300527,NA
"L15309_at",-0.0372164274827265,7.37702632751545,-0.346383477158724,0.730044668774731,0.863528860742502,-6.59536550416092,"ZNF141"
"Z70219_at",-0.0398047964642743,8.22232103178435,-0.345247518012462,0.730894875495591,0.864391102755154,-6.5957565686911,"KDM4A"
"U60808_s_at",-0.0313520561218112,5.60473482272016,-0.344403047262882,0.731527136973781,0.864620263610918,-6.59604645591624,"CDS1"
"X51755_cds5_s_at",-0.0643225154864151,4.88009060133023,-0.344155810902216,0.731712279899306,0.864620263610918,-6.59613119251705,"IGLV@"
"X70811_at",0.0376215406823999,7.26041229763736,0.344021372938549,0.731812960447977,0.864620263610918,-6.59617724368082,"ADRB3"
"X83572_at",-0.055794258419211,6.55278400117789,-0.34388830192733,0.731912621927099,0.864620263610918,-6.59622280893961,"ARSD"
"X63578_rna1_at",0.0795646886999499,6.88115945115255,0.343806047389674,0.731974227501277,0.864620263610918,-6.59625096518438,"PVALB"
"M95627_at",-0.0239066957159029,10.2435582560523,-0.343475927967634,0.732221492342602,0.864620263610918,-6.59636389959538,"AAMP"
"U18985_at",0.0252342199682829,6.54022214331393,0.343322387993775,0.732336505960946,0.864620263610918,-6.59641638903562,"TRDN"
"M19650_s_at",0.0498988168372625,7.93890379572983,0.343287200442734,0.732362865091835,0.864620263610918,-6.5964284150177,"CNP"
"HG3925-HT4195_s_at",-0.160525013862941,6.46583825978731,-0.343191950454642,0.732434218843715,0.864620263610918,-6.59646096225996,NA
"U19906_at",-0.0289948090335628,6.97959313557486,-0.343177598363622,0.732444970498962,0.864620263610918,-6.59646586563745,"AVPR1A"
"U57629_at",-0.033769469326927,7.29765876263277,-0.343133038748761,0.732478352012299,0.864620263610918,-6.59648108808268,"RPGR"
"M73077_at",-0.067776159661892,5.07484830066302,-0.343045369467641,0.732544030328229,0.864620263610918,-6.59651103189055,"ARHGAP35"
"S80905_f_at",-0.10975235259545,8.03747412285007,-0.34264426418259,0.732844547838835,0.864700194258362,-6.59664793380053,"PRB2"
"Z47556_rna2_at",-0.0279372005400722,5.43168458870155,-0.342409187365537,0.733020692348044,0.864700194258362,-6.59672809405874,"SEMG2"
"U64863_at",-0.100177822595159,6.18065548812065,-0.342308999345097,0.733095768211217,0.864700194258362,-6.59676224110907,"PDCD1"
"U28015_at",0.0316275236662076,6.37165335904985,0.34230745644008,0.733096924407005,0.864700194258362,-6.596762766899,"CASP5"
"U04898_at",-0.0637327060161956,6.31409750563464,-0.342103420138417,0.733249827086436,0.864737471844367,-6.59683227741496,"RORA"
"U40763_s_at",0.0337393707011477,7.12251838977709,0.341735611510653,0.733525486322979,0.86491948263257,-6.59695747707152,"PPIG"
"X75308_at",-0.0344733322919497,6.6833901157673,-0.341277443071006,0.733868916007074,0.865152119479196,-6.59711324685173,"MMP13"
"Z97054_xpt2_at",-0.0443922653348281,8.9071201436926,-0.340998687117125,0.734077889926953,0.865152119479196,-6.5972079173954,"HUWE1"
"U52152_at",-0.0438222326661499,4.87218745371814,-0.340986732437779,0.7340868523958,0.865152119479196,-6.5972119756955,"KCNJ9"
"Z11850_at",0.0407969707272589,5.6287515971388,0.340511944660459,0.734442832491013,0.865396361592406,-6.5973730390272,"GHR"
"X70940_s_at",0.124145565363996,8.61528271210586,0.340386528220629,0.734536875297468,0.865396361592406,-6.59741554697967,"EEF1A2"
"X81636_at",-0.036815033709976,6.52915650701183,-0.339832810134752,0.734952126215866,0.865742516158776,-6.59760303452669,"CLTA"
"U02388_at",0.0362742019046296,5.72096879143976,0.339452287690651,0.735237538033666,0.865839804743792,-6.59773170207125,"CYP4F2"
"M95936_s_at",-0.0763510280485189,8.89329787025146,-0.339159080027969,0.735457484633578,0.865839804743792,-6.59783074750694,"AKT2"
"U78798_at",0.0552198032244284,8.14211724793406,0.33909183955908,0.735507927474881,0.865839804743792,-6.59785344928525,"TRAF6"
"L40402_at",-0.0372127901703303,5.50080817822278,-0.339075040752378,0.735520529881948,0.865839804743792,-6.59785912021065,"NEK9"
"D16532_at",0.0539577645063565,6.6479348114876,0.338472997521166,0.735972228577018,0.86611917796836,-6.59806217252911,"VLDLR"
"AD000684_cds1_at",0.0562742691913876,5.8168876725817,0.338434868721122,0.736000838845887,0.86611917796836,-6.59807502019347,"LSR"
"M28215_at",0.045517703833946,7.50357306558445,0.337369540830591,0.736800367600042,0.866897067416209,-6.59843340371971,"RAB5A"
"HG415-HT415_at",0.0928154770507303,5.40522261749588,0.33723006227859,0.736905067827497,0.866897067416209,-6.59848024186322,NA
"M21574_at",0.0732434178770838,7.07858101026215,0.336412985363396,0.73751851049631,0.867412664955719,-6.59875423574623,"PDGFRA"
"U31501_at",0.0898725157251974,8.63693653077915,0.336313845040755,0.737592954402308,0.867412664955719,-6.598787435818,"FXR2"
"D87458_at",-0.028444588584585,6.21415304243155,-0.336160144130152,0.737708372510383,0.867412664955719,-6.59883888783289,"TRIM9"
"M96738_s_at",0.0759247979915161,4.91406624634408,0.335771332847837,0.738000368198899,0.867612899882907,-6.59896893934138,"SSTR3"
"X65293_at",0.0551582079787316,5.72543885316021,0.335203397707983,0.738426954503149,0.867918889737248,-6.59915863543203,"PRKCE"
"D28791_at",0.0441414469145132,6.70761535760918,0.334953501963839,0.738614681742105,0.867918889737248,-6.59924200172189,"PIGA"
"HG1877-HT1917_s_at",0.0529508494659412,7.60181350424288,0.33469988762102,0.738805218735452,0.867918889737248,-6.59932654518134,NA
"U15637_s_at",0.0332594244313071,8.9254220526935,0.334694891474145,0.73880897243684,0.867918889737248,-6.59932821002773,"TRAF3"
"L36644_at",-0.0500475979875601,6.20669934040403,-0.334614503381438,0.73886937043279,0.867918889737248,-6.59935499402976,"EPHA5"
"U72511_at",-0.0569729262589505,10.8307893046267,-0.334197192302476,0.739182935234546,0.868144175500343,-6.59949393220659,"PHB2"
"U38372_at",0.0387162257901439,6.00034145878219,0.333084710753305,0.740019062701622,0.868867380963361,-6.59986347356344,NA
"S82597_rna1_s_at",-0.0649907078690246,7.45947060527977,-0.333053578824217,0.740042465592583,0.868867380963361,-6.59987379722134,"GALNT1"
"L10333_s_at",0.041649516742587,7.48957439117118,0.332823657694157,0.740215312441364,0.868879333780815,-6.59995001157123,"RTN1"
"L11066_at",-0.0577878620057675,10.3781271212845,-0.332715793992627,0.740296405300136,0.868879333780815,-6.59998574819291,"HSPA9"
"D80004_at",0.0595058458810289,8.46605893841159,0.332333754587096,0.740583649497799,0.869073388850998,-6.60011222983962,"GSE1"
"HG3502-HT3696_at",0.0607022019289154,6.5170740872069,0.331637196650672,0.74110746591203,0.86945917253547,-6.60034246615218,NA
"D38491_at",-0.0342439924421889,7.41432094183293,-0.331572242586724,0.741156318066776,0.86945917253547,-6.60036391115167,"RBM34"
"D63876_at",-0.0424401870589382,9.51135970020938,-0.331246523173966,0.7414013087113,0.869603476440089,-6.60047138634348,"GGA3"
"X98834_rna1_at",-0.042310849487265,7.15840531192094,-0.330884506774222,0.741673631613795,0.869654713761135,-6.60059071461297,"SALL2"
"Z69043_s_at",-0.0546040740580462,10.5253477940762,-0.33086411916552,0.741688968953248,0.869654713761135,-6.60059743093103,"SSR4"
"M80359_at",-0.0971217932276129,6.98199268589176,-0.330492307221447,0.741968696725307,0.869705771209811,-6.6007198450775,"MARK3"
"L29008_at",-0.0704053070176887,8.42432372629845,-0.33048192986797,0.741976504488437,0.869705771209811,-6.60072325971491,"SORD"
"M35198_at",0.05568959269507,6.88120086998934,0.329901652644854,0.742413139362575,0.869962569607384,-6.60091402810475,"ITGB6"
"U25826_at",-0.0470040732159873,5.60497264138937,-0.329747595970664,0.742529074926528,0.869962569607384,-6.60096461868567,"TCF19"
"U76010_at",-0.0526368743899681,9.56790437577864,-0.32961036762328,0.742632351329711,0.869962569607384,-6.60100966318267,"SLC30A3"
"U79273_at",-0.101412356562481,9.34519207075873,-0.329542121616418,0.742683714213851,0.869962569607384,-6.60103205762236,"EIF4A1"
"U44429_at",-0.0275677773031786,5.6623448327388,-0.3291513939473,0.742977803737993,0.870028439936699,-6.60116018310677,"TPD52L1"
"HG2147-HT2217_r_at",0.119503638039818,6.87556338823558,0.329143123682879,0.742984028942997,0.870028439936699,-6.60116289341316,NA
"AB001106_at",-0.0492300837705013,8.36626152297997,-0.328664859080598,0.74334405810564,0.870307076734293,-6.60131951336721,"GMFB"
"Y10202_at",-0.024910193106729,6.15002204168497,-0.328237417890254,0.743665876777551,0.870506873037501,-6.60145929774503,NA
"J03068_at",0.0608512226985818,7.26018231804592,0.327707666940797,0.74406478745088,0.870506873037501,-6.60163228838697,"TRAK1"
"X02176_s_at",0.0569157489388425,6.71169108866073,0.327494166315317,0.744225576554191,0.870506873037501,-6.6017019284414,"C9"
"L40400_at",0.048124437705944,7.77037413782003,0.32745589356815,0.744254401282541,0.870506873037501,-6.60171440753849,"YLPM1"
"U33936_s_at",0.0462474284664669,8.22323592491165,0.327325002232055,0.744352983517764,0.870506873037501,-6.60175707458428,"ADK"
"U14550_at",0.0540893167545624,7.43047952300217,0.327133548150694,0.744497186943365,0.870506873037501,-6.60181945281914,"ST6GALNAC2"
"L09234_at",0.0274216755244288,6.16078413453378,0.327073761782312,0.744542219975363,0.870506873037501,-6.60183892454137,NA
"D25303_at",0.0675475491391841,7.51702642057884,0.326922459565234,0.744656189694812,0.870506873037501,-6.60188818605415,"ITGA9"
"Y11681_at",-0.0521530178995384,9.65327257838861,-0.326817985071655,0.744734889352052,0.870506873037501,-6.60192218796653,"MRPS12"
"L10284_at",-0.0388865384910382,11.2406999238905,-0.326794329783609,0.744752709036579,0.870506873037501,-6.60192988523145,"CANX"
"L13852_at",-0.0588537591307876,10.749301748266,-0.326654702688798,0.744857893888169,0.870506873037501,-6.60197530759275,"UBA7"
"U24488_s_at",-0.0319273941342786,3.53375369892706,-0.326436184426986,0.745022519326545,0.87055655470889,-6.6020463553461,"TNXB"
"U17977_at",-0.0487973436370375,4.99352911389177,-0.325998760989344,0.745352097397261,0.870761999940989,-6.60218843422976,"ATP6V0A1"
"M26041_s_at",0.0507673985287678,9.99409965398718,0.325878619534859,0.74544262668535,0.870761999940989,-6.60222742395371,"HLA-DQA1"
"HG2825-HT2949_at",-0.0866720147762461,7.65586986881585,-0.325487520349068,0.745737353559802,0.870963563815175,-6.60235424883163,NA
"X82434_at",-0.0628514939750264,10.1346735760751,-0.324705958779304,0.746326441158216,0.871508795907767,-6.60260723714334,"EMD"
"L37360_s_at",-0.0859802214702583,7.77096129337968,-0.32445809980531,0.746513291904229,0.871584221746683,-6.60268734143272,"EFNA3"
"AFFX-BioB-M_at",-0.0377205628514758,5.34677898991629,-0.324018393815759,0.746844805689497,0.871801108847735,-6.60282929771443,NA
"U90336_at",-0.0732457553184487,4.97559652224893,-0.323877530631687,0.746951018785855,0.871801108847735,-6.60287473390095,"PEG3"
"U76189_at",-0.0517364611585887,6.48758115763183,-0.323501905853209,0.747234269856067,0.871801108847735,-6.60299579741095,"EXTL2"
"U03274_at",0.030592958328679,3.35206227879102,0.323418074727563,0.747297489974036,0.871801108847735,-6.60302279698314,"BTD"
"M55422_at",0.0408880290401061,8.6206254659292,0.323316075191777,0.747374413894259,0.871801108847735,-6.60305563866348,"ZNF117"
"L41268_f_at",-0.0531639200208955,7.94398282593378,-0.323238668718537,0.747432792436156,0.871801108847735,-6.6030805550071,"KIR2DL3"
"L00635_at",0.0484980634833363,8.41026154947057,0.322743960151229,0.74780592746655,0.871908280876034,-6.60323965607997,"FNTB"
"X04470_s_at",0.122476116486745,6.39278891515913,0.32265384571716,0.747873902973198,0.871908280876034,-6.60326861122967,"SLPI"
"D13626_at",-0.0757822105396544,6.5333546509278,-0.322626138029694,0.747894803957062,0.871908280876034,-6.60327751251396,"P2RY14"
"U57911_at",-0.0379720772495711,6.5985004491633,-0.322328984114666,0.748118970573204,0.871908280876034,-6.60337292732172,"MPPED2"
"Y08682_rna1_s_at",-0.0737652773935853,7.51011892939698,-0.322306148998539,0.748136197800351,0.871908280876034,-6.60338025594911,"CPT1B"
"S53911_at",-0.0888896233652048,10.1709934927943,-0.321976680287469,0.748384769271183,0.87205541355578,-6.60348593693615,"CD34"
"D50678_at",0.0411867198063085,5.68828605841169,0.321732943845287,0.748568676220738,0.872127160120549,-6.60356404892648,"LRP8"
"U71203_s_at",0.0479260806478159,7.99681575453294,0.321115984582452,0.749034256957702,0.872526996380958,-6.60376150673278,"RIT1"
"L20852_at",0.0385080018323727,6.73662156016418,0.320777847975648,0.749289467219967,0.872603743473545,-6.60386956702271,"SLC20A2"
"D45906_at",0.115543490717711,6.38049791057683,0.320704347661484,0.749344945650869,0.872603743473545,-6.60389304092703,"LIMK2"
"U79295_at",-0.0494184392068497,6.80745050329743,-0.319366608608511,0.750354909270345,0.873379976285573,-6.60431933938789,"LINC00563"
"HG4243-HT4513_at",0.0737689772659138,8.29330655208322,0.31914991029394,0.750518552897591,0.873379976285573,-6.6043882275966,NA
"S67247_s_at",0.059121114578069,6.63024504839021,0.319118417282648,0.75054233636474,0.873379976285573,-6.60439823531738,"MYH10"
"X95876_at",0.156977224244746,7.34705786321456,0.319034868848662,0.750605433168498,0.873379976285573,-6.60442478022639,"CXCR3"
"L13994_at",-0.0403019104932403,4.69957129329237,-0.319010169446359,0.750624086786605,0.873379976285573,-6.60443262636369,NA
"M30135_at",-0.0273196865628647,4.98671484823759,-0.317928845734837,0.751440875696891,0.874054190213878,-6.6047755313622,"IL9"
"L24774_s_at",-0.08505691404552,8.12118065824947,-0.317918424287551,0.751448749028035,0.874054190213878,-6.60477883052062,"ECI1"
"X78817_at",0.0394945846629824,11.0760427273068,0.317366759416398,0.751865565686582,0.874396348740562,-6.6049533192785,"ARHGAP4"
"HG3971-HT4241_at",0.0426423413033596,7.7886818235864,0.316860774120308,0.752247933578774,0.87457388845799,-6.60511309412056,NA
"U55206_at",0.0678689725168153,6.9651223706355,0.316681048773353,0.752383765118829,0.87457388845799,-6.60516978475708,"GGH"
"X07979_at",0.0560286541306834,10.3316292648759,0.316490637171648,0.752527681577653,0.87457388845799,-6.60522981115849,"ITGB1"
"M55268_at",0.0370215545286445,9.62051781471076,0.316395616653685,0.752599503050958,0.87457388845799,-6.60525975248342,"CSNK2A2"
"HG4660-HT5073_at",-0.0456880086002904,8.45134638511143,-0.316353129015192,0.752631618135751,0.87457388845799,-6.60527313759836,NA
"X13589_at",0.0237640402402688,5.9556701103337,0.3161442424164,0.75278951537432,0.87460918046313,-6.60533891822397,"CYP19A1"
"U46689_at",0.068657737459759,5.67096012146583,0.315944670680837,0.752940381373828,0.87460918046313,-6.60540172502557,"ALDH3A2"
"M28212_at",0.0308557944222985,7.23050520151595,0.315730759621919,0.753102097858456,0.87460918046313,-6.60546900060965,"RAB6A"
"U13680_at",0.0409972765616411,6.47413510191965,0.315663798672195,0.753152722522536,0.87460918046313,-6.60549005066423,"LDHC"
"X06389_at",-0.0373338996237367,5.5035295542831,-0.315480635180217,0.753291205635375,0.874627525240161,-6.60554760776785,"SYP"
"U41898_at",-0.0356267258738061,4.72648097414858,-0.314885993293908,0.753740848093583,0.875007084523555,-6.60573423776208,"SLC5A11"
"U61741_at",0.0533194592706669,6.32128568495275,0.314347333645264,0.754148232784137,0.875244984243626,-6.60590299446546,"DNAH14"
"M32639_at",-0.0362067634730279,5.80904564042707,-0.314290364153693,0.754191322514882,0.875244984243626,-6.60592082559115,"STATH"
"M83751_at",-0.0710955746981998,9.04341060924086,-0.313921321329108,0.754470472509142,0.875355906132928,-6.60603625582516,"MANF"
"S81944_at",-0.0295229365991956,5.69037962620201,-0.31381414286303,0.754551550180013,0.875355906132928,-6.60606975405818,"GABRA6"
"D29805_at",-0.0741192387223872,10.1378691420947,-0.313574684474128,0.75473270408098,0.875355906132928,-6.60614455467625,"B4GALT1"
"M28211_at",-0.0670453416714896,6.11038276727941,-0.313316890237925,0.754927744719788,0.875355906132928,-6.60622501928825,"RAB4A"
"X67491_f_at",0.0622604525333017,7.84553762345273,0.313247064245115,0.754980576055942,0.875355906132928,-6.60624680252579,NA
"U58033_at",-0.0239008480703751,6.50805383212613,-0.313146608238313,0.755056584546874,0.875355906132928,-6.60627813274936,"MTMR2"
"X85781_s_at",-0.0553510292969879,7.26684095294785,-0.312967236294958,0.755192309585101,0.875355906132928,-6.60633405035505,"NOS2"
"X72889_at",-0.0872997223893481,8.38806005524735,-0.312865614123563,0.755269207269412,0.875355906132928,-6.60636571598271,"SMARCA2"
"D38550_at",-0.0425148348922217,8.80926862602869,-0.31226002449136,0.755727509354347,0.875744703216375,-6.60655420599541,"E2F3"
"X67318_at",0.0430624478547275,5.10966445583379,0.312079056430373,0.755864480581425,0.875761072983094,-6.60661046169496,"CPA1"
"S78432_xpt1_at",-0.0707913067865675,7.39368664916108,-0.311736323506093,0.756123909962158,0.875867340220591,-6.60671691446344,"TSPAN31"
"M80629_at",0.0325881407603923,8.64200451801853,0.311523480350546,0.756285034281849,0.875867340220591,-6.60678296477994,"CDK13"
"U17033_at",0.0252822134772099,6.31083736793964,0.31132103074261,0.75643830062162,0.875867340220591,-6.60684574798077,"PLA2R1"
"X62429_s_at",0.0294027161816253,6.51466400791422,0.311308696959554,0.756447638341728,0.875867340220591,-6.60684957158938,"POU1F1"
"AFFX-HSAC07/X00351_5_at",0.0574506124666598,13.7311662037072,0.310773971264181,0.756852505934613,0.876136036733665,-6.60701519718363,"ACTB"
"D28364_at",0.0483206045317699,7.55520672866927,0.310677581771801,0.756925494493287,0.876136036733665,-6.60704502259499,"ANXA2"
"D42138_at",0.039781668487505,7.58317147103804,0.310305641519087,0.757207157784679,0.876319777247886,-6.60716002406538,"PIGB"
"HG331-HT331_at",0.0475099036339168,5.30426638128516,0.309878979251693,0.757530301545087,0.876551455886207,-6.60729177601798,NA
"L41913_at",-0.0278955817708608,6.44483973103282,-0.309056853214282,0.758153081990878,0.87712971786968,-6.6075451360938,"RB1"
"U00954_at",0.0216292473107513,4.68855764293041,0.308878173202476,0.758288457646943,0.877143990680684,-6.60760011230352,"UGP2"
"S73840_at",-0.0505044856356971,7.37223739496604,-0.308635086683632,0.758472642584346,0.877214709439293,-6.6076748541723,"MYH2"
"U60975_at",0.06045973117069,9.89962937473173,0.307908864090535,0.759022979594869,0.877708811278478,-6.60789779642286,"SORL1"
"U37519_at",0.0608440394413705,8.09521006199322,0.307626104719588,0.75923729051233,0.87779362354563,-6.60798445871801,"ALDH3B2"
"X92396_at",-0.0647761602742527,8.35450600353877,-0.307487191732139,0.759342583308445,0.87779362354563,-6.60802700476292,"VAMP7"
"X04707_at",0.041156149622573,7.11165743690017,0.307188079686415,0.759569318698575,0.877824127314155,-6.60811855124935,"THRB"
"U20530_at",0.0426678361599082,6.873046102235,0.306838956513987,0.75983399061092,0.877824127314155,-6.60822529179038,"SPP2"
"M55131_at",-0.048930073948954,7.32261972215178,-0.306814162553823,0.759852788120221,0.877824127314155,-6.60823286766476,"CFTR"
"U05589_at",0.0266510324458693,5.50894821291521,0.306802661238306,0.759861507877072,0.877824127314155,-6.60823638172144,NA
"Z28407_at",0.0461135204376397,13.5864948815103,0.304212895533501,0.761825737643466,0.879782264595665,-6.60902430058433,"RPL8"
"L17325_at",-0.0239713855994372,5.98003005836553,-0.304037668454478,0.761958696850589,0.879782264595665,-6.60907737162006,NA
"Z78290_at",-0.0241191861756329,6.298973103815,-0.303908400360237,0.762056787789921,0.879782264595665,-6.6091165035059,NA
"M64595_at",-0.0950973118737668,8.95543046716746,-0.303899699527437,0.76206339027744,0.879782264595665,-6.60911913681557,"RAC2"
"U01147_at",0.0381810586022375,8.36809992788873,0.303754528022042,0.762173553954668,0.879782264595665,-6.60916306192108,"ABR"
"M17446_s_at",-0.0573266166870434,4.96620873813633,-0.303009962803931,0.762738645957206,0.880104581062793,-6.60938801887923,"FGF4"
"L40904_at",-0.0937203692958031,6.99709702285713,-0.302903578316169,0.762819397614433,0.880104581062793,-6.60942011607145,"PPARG"
"U39447_at",0.0302861428104233,5.75235373384698,0.302898640440064,0.762823145797025,0.880104581062793,-6.60942160560171,"AOC3"
"M64752_at",0.0259667925813245,7.0896864521875,0.302720442431984,0.762958413958608,0.880118209241249,-6.60947534354114,"GRIA1"
"M83308_at",-0.0394502093586233,3.04071845521102,-0.302083098130507,0.76344227548875,0.880533891273144,-6.60966728488247,"COX6A2"
"U43923_at",-0.0247193544071145,9.78423026495136,-0.301687410112171,0.76374272292707,0.880737928137671,-6.60978624647299,"SUPT4H1"
"M81780_cds3_at",-0.0465738794909791,7.21917616217461,-0.301501295220804,0.763884053240736,0.880758436932429,-6.6098421471856,NA
"X02751_at",0.0466249791725906,6.89833880847115,0.300993842187594,0.764269439304493,0.880952578964598,-6.60999438890256,"NRAS"
"L76569_at",-0.0341149968594179,6.1363697418409,-0.300573821616731,0.76458846971945,0.880952578964598,-6.61012020638588,"AFF2"
"L31573_at",-0.0650524370909791,4.81085812853493,-0.300403054327641,0.764718189217467,0.880952578964598,-6.61017130974658,"SUOX"
"D90084_at",0.051039234932853,9.10890166771973,0.30039865513875,0.764721531050557,0.880952578964598,-6.61017262585328,"PDHA1"
"L07919_at",-0.0346855274470066,6.46822742543928,-0.300371537069882,0.764742131324027,0.880952578964598,-6.61018073834981,"DLX2"
"U86070_at",0.0293278078407759,8.9107306681296,0.300303427379775,0.764793871680726,0.880952578964598,-6.610201110459,"PMM1"
"U22398_at",0.047857725155775,6.80763441559928,0.299786238005652,0.765186795836189,0.881124902306042,-6.61035565524402,"CDKN1C"
"U00946_at",0.0484591483015988,5.62419833342913,0.299781142013446,0.765190667720116,0.881124902306042,-6.6103571766892,"WNK1"
"D10704_at",-0.0869595470818902,6.25778730373463,-0.299497662754817,0.765406061855555,0.881177405448561,-6.61044177082907,"CHKA"
"HG3570-HT3773_at",0.134992904360093,5.10540323599781,0.299395789552474,0.765483472007706,0.881177405448561,-6.61047215170484,NA
"X83412_at",-0.0524162247297548,5.35155424522886,-0.299030858568414,0.765760790874078,0.881354323238828,-6.61058089769866,NA
"U72512_at",0.0341169684830387,10.514164762078,0.29826198241676,0.766345176559828,0.881508363284803,-6.61080958251844,"PHB2"
"X77094_at",-0.0801777088328279,9.15964299483156,-0.298210843511798,0.76638404959156,0.881508363284803,-6.61082477179863,"NCF4"
"Z11559_at",-0.0288539957916853,7.44882013670745,-0.298167544937716,0.766416963296694,0.881508363284803,-6.61083763031216,"ACO1"
"D38498_f_at",0.0429120037485546,8.13809007106557,0.298140919585219,0.766437202952816,0.881508363284803,-6.61084553640192,"PMS2P3"
"U50535_at",-0.0376104761302134,9.36783581452343,-0.298041363859351,0.766512883153667,0.881508363284803,-6.61087509208053,"N4BP2L2"
"U63312_at",-0.0226300800089785,4.45688991440502,-0.296702580009582,0.767530819475242,0.882536647103064,-6.61127158796711,"ETV6"
"X53795_at",0.107492949667512,7.0994527574398,0.296435506619652,0.767733936175886,0.882551850183089,-6.61135047170621,NA
"L34600_at",-0.0465970832866685,7.24863830592547,-0.296169301552988,0.767936408694194,0.882551850183089,-6.61142902845367,"MTIF2"
"M76231_at",0.0323518465781056,4.71672116792817,0.296120718501453,0.767973362149912,0.882551850183089,-6.61144335764793,"SPR"
"U39840_at",0.0315147524817636,6.93459302556837,0.296034121731075,0.768039231103364,0.882551850183089,-6.61146889287854,"FOXA1"
"L27560_at",0.0414935608394469,6.11909834560055,0.295251651133338,0.768634486869932,0.88309351440705,-6.61169928615684,"IGFBP5"
"X60957_at",0.0700313142974371,7.86254944667544,0.294834064032473,0.768952218597787,0.883316204702486,-6.61182199296273,"TIE1"
"AF008937_at",-0.0406824167486661,8.39554167519932,-0.294432687702803,0.769257653280603,0.883429947571386,-6.61193977298142,"STX16"
"L13258_at",0.0529233034990684,6.20248312605017,0.294378256864064,0.769299076241151,0.883429947571386,-6.61195573286174,"SLC34A1"
"S81419_at",0.0395983419472747,7.80385681784653,0.29408622888422,0.769521326865056,0.883542847354,-6.61204130927177,"DMD"
"X71877_at",0.0426993049631221,7.49188735534831,0.29360552321558,0.769887214486948,0.883699589855538,-6.612181991599,"CTRL"
"M22538_at",0.0651105723403749,10.1282657086967,0.293442965241095,0.770010956816852,0.883699589855538,-6.6122295135314,"NDUFV2"
"D78011_at",0.0371395812817115,6.00662600585176,0.293369801422245,0.770066652506242,0.883699589855538,-6.61225089355467,"DPYS"
"AC000066_at",0.0255063008643424,6.28115311143972,0.293104868057023,0.770268342185547,0.883699589855538,-6.61232826821651,"AKAP9"
"U09196_at",0.0526822034602095,9.78634126070827,0.293092663379408,0.770277633800296,0.883699589855538,-6.61233183095245,"POLD4"
"Z26256_at",0.0998431233457202,5.65598622996043,0.292903520037467,0.770421635929055,0.88372258126118,-6.61238702592685,"CACNA1C"
"M22995_at",0.0500395351646592,8.11289467782832,0.292674023900965,0.770596371043708,0.883780812286132,-6.61245394874467,"RAP1A"
"L42176_at",-0.0443274808250278,6.2987892332033,-0.292077339284793,0.771050733866604,0.884140080279698,-6.61262770160403,"FHL2"
"Y10514_s_at",0.0316730879927407,6.61217130164157,0.291936924339918,0.771157668562093,0.884140080279698,-6.61266853861599,"CARMIL1"
"X55330_at",0.0245192485139585,6.43580514492799,0.291469219333109,0.771513886953627,0.884406255039783,-6.61280442040351,"AGA"
"M29581_at",0.0244867922918779,9.03701417226039,0.290909333872126,0.771940377441602,0.884746331641775,-6.61296679743375,"ZNF8"
"J03827_at",0.0374470643440077,12.5338963923496,0.290753935390704,0.772058764082407,0.884746331641775,-6.61301181061333,"YBX1"
"D90279_s_at",-0.0750343317343534,6.00195308919589,-0.290583543611213,0.772188579235739,0.8847528738945,-6.61306113921568,"COL5A1"
"X53683_at",-0.0848836654390945,7.57139778802996,-0.290166605232551,0.772506256501812,0.884922066693796,-6.61318172165794,"CCL4"
"D50487_at",-0.0578795699087085,6.63581794716543,-0.289913132913002,0.77269940332885,0.884922066693796,-6.61325494377403,"DHX8"
"M95929_at",0.0976538573769865,6.95266632248318,0.289901017237826,0.772708635877245,0.884922066693796,-6.61325844210532,"SFXN3"
"M26167_rna1_at",-0.0199418942139893,6.37013901799376,-0.289156606649013,0.77327596449513,0.885298839563773,-6.61347310656278,"PF4V1"
"U18237_at",0.038041173263391,7.32328425993364,0.289143443880881,0.773285997189453,0.885298839563773,-6.61347689733417,"ABCB10"
"S75881_s_at",-0.0273267241029185,5.50236049278323,-0.288391981326827,0.77385882785554,0.885593550750687,-6.6136930270244,"MYBL1"
"M22348_s_at",-0.0262514880620088,8.80210758366427,-0.28821528028035,0.773993543156133,0.885593550750687,-6.61374376688798,"UQCRB"
"D13643_at",-0.0636476399466561,4.33525138755362,-0.288123271614128,0.774063692492463,0.885593550750687,-6.61377017497469,"DHCR24"
"HG537-HT537_at",-0.0703584083412583,5.32622240357302,-0.288119627988485,0.774066470507813,0.885593550750687,-6.61377122058542,NA
"M65290_at",0.026380744388117,6.65499089531642,0.287991002722931,0.774164540367272,0.885593550750687,-6.61380812370654,"IL12B"
"Z49205_at",0.0415232701706199,5.90938038237543,0.287669175680054,0.774409932320784,0.885732136613969,-6.61390038518847,"P2RY1"
"HG384-HT384_at",-0.0373316252023823,13.0448119398533,-0.287325118144156,0.774672300385043,0.885890091345039,-6.61399890588244,NA
"M59911_at",0.0703503936961143,7.60928585137371,0.28677618987258,0.775090951153122,0.885933939572176,-6.61415584764557,"ITGA3"
"M29386_s_at",0.0379948442543867,7.32614463155122,0.286679233193238,0.775164903978367,0.885933939572176,-6.61418353700453,"PRL"
"D11151_at",0.0300807641137553,6.91226596437946,0.286648026276334,0.775188707213149,0.885933939572176,-6.61419244724,"EDNRA"
"U78722_at",0.0272970121009068,6.99709458293472,0.286440626910344,0.775346907612151,0.885933939572176,-6.61425163956099,"ZNF165"
"U63824_at",-0.0350457040051673,6.3468103267377,-0.28630113414168,0.775453315467962,0.885933939572176,-6.61429142711823,"TEAD4"
"X72925_at",-0.0308684436040334,5.06868693362685,-0.286103435792717,0.775604131066965,0.885933939572176,-6.61434778354455,"DSC1"
"M16279_at",0.127683628329052,11.4630396781804,0.285992341867461,0.775688883652967,0.885933939572176,-6.61437943523395,"CD99"
"S38742_s_at",-0.0650108668555278,6.75199761204766,-0.285971454875777,0.775704818461148,0.885933939572176,-6.61438538476181,"TLX1"
"HG3914-HT4184_s_at",0.120030273497958,5.24632613045187,0.285345993290992,0.776182031385361,0.886266502538192,-6.614563342675,NA
"AD000092_cds2_at",0.0667678838421932,3.57635929096998,0.285042618750828,0.776413530311106,0.886266502538192,-6.61464951955059,"DNASE2"
"L38025_at",0.04730123660039,5.15410224332749,0.285024465838925,0.776427383070958,0.886266502538192,-6.61465467318471,"CNTFR"
"Z46376_rna1_at",0.059650079633407,6.332132426585,0.284915373540212,0.776510634571781,0.886266502538192,-6.6146856377255,"HK2"
"U16126_at",-0.03191585318518,5.63896381712123,-0.284775217021633,0.776617595925949,0.886266502538192,-6.61472540211406,"GRIK2"
"M92303_at",0.0378392723394434,9.0072031082732,0.2844385888497,0.776874513548855,0.886417798829991,-6.61482082854026,"CACNB1"
"M90656_at",0.0609137111038791,8.25127444414853,0.283571152609312,0.777536663347987,0.887031344696399,-6.61506620798285,"GCLC"
"L40399_at",-0.0674404029957749,6.56286055709112,-0.283209304301153,0.777812925837976,0.887049386169447,-6.61516834621492,"MLH3"
"U12387_s_at",0.0393467817102051,7.38038863346658,0.282872351554231,0.778070206941778,0.887049386169447,-6.61526334021888,"TPMT"
"X80822_at",-0.0388534797099478,14.1410023553382,-0.282764632246159,0.778152461525183,0.887049386169447,-6.61529368473515,"RPL18A"
"X95152_rna1_at",-0.0274800818326257,6.84620817115286,-0.282756365244044,0.778158774322015,0.887049386169447,-6.61529601307218,"BRCA2"
"HG4188-HT4458_at",-0.0384469876505946,4.83170215719688,-0.282735615320019,0.778174619315994,0.887049386169447,-6.61530185682817,NA
"U69108_at",0.0247946066132609,6.54104214456931,0.282383635967491,0.778443411054906,0.887092585927435,-6.61540091881502,"TRAF5"
"M59830_at",0.0802789931519676,8.07823395451209,0.282143360741551,0.778626914616859,0.887092585927435,-6.61546847178656,"HSPA1A"
"X01677_f_at",0.0408900475678724,13.9971941134934,0.281916591830469,0.778800114658378,0.887092585927435,-6.6155321748503,"GAPDH"
"L40401_at",-0.034903226131636,8.62274336864299,-0.281869349147703,0.778836198769934,0.887092585927435,-6.61554543965304,"ACOT2"
"S78569_at",0.0303177293689316,6.50190931170591,0.281841196946606,0.778857701742141,0.887092585927435,-6.61555334317467,"LAMA4"
"M26061_at",-0.0404068894751166,7.1117632233001,-0.28167161776799,0.778987231906229,0.887092585927435,-6.61560093460839,"PDE6A"
"M21389_at",-0.098601794731584,6.45499933931941,-0.281545515061298,0.779083557370132,0.887092585927435,-6.61563630608823,"KRT5"
"U66828_s_at",0.0240908728094968,9.15289236145097,0.281306078013529,0.779266464516704,0.887116159744961,-6.61570342406097,"CPT1B"
"X78121_at",-0.0299425375844491,5.65386437740068,-0.281192624895286,0.779353136271944,0.887116159744961,-6.61573520685985,"CHM"
"Z48950_at",0.0496860815435607,13.059940410619,0.280327121610875,0.780014423821703,0.887727143586354,-6.61597724821786,"H3-3B"
"X16666_s_at",-0.0373018670668346,4.16350259672506,-0.279930079199222,0.780317838359233,0.887813704390633,-6.61608803355925,"HOXB1"
"L41939_at",-0.0510419998266443,5.24964421029854,-0.279901665851449,0.780339552772017,0.887813704390633,-6.61609595562782,"EPHB2"
"HG2917-HT3061_f_at",-0.0564767132441535,12.3622367651206,-0.2794637693094,0.780674229783131,0.888052749979885,-6.61621794629128,NA
"D64109_at",0.0840357298986953,7.46975721923617,0.279255066646307,0.780833752338575,0.888092504853495,-6.61627602030457,"TOB2"
"X51405_at",-0.0219332283886438,6.39459715415779,-0.278953692292748,0.78106412541097,0.888212817044952,-6.6163598049294,"CPE"
"U31903_s_at",-0.0627370027228604,9.86087136518649,-0.278350352484978,0.781525382307801,0.888417155436181,-6.61652726724035,"ATF6B"
"AFFX-HSAC07/X00351_3_at",-0.0310151888615877,14.106398116604,-0.278282888749412,0.781576963616552,0.888417155436181,-6.61654596990769,"ACTB"
"M26665_at",0.033597143355844,6.49415535452802,0.278229643942525,0.78161767413322,0.888417155436181,-6.61656072753141,"HTN3"
"D79989_at",-0.0460447886745845,6.8639621201216,-0.277940469106256,0.781838785361911,0.888526813461671,-6.61664082761053,"AGAP2"
"U44103_at",-0.0560473991368635,7.17833648166851,-0.277726942765945,0.782002065169385,0.888548996196612,-6.61669992006402,"RAB9A"
"L12760_s_at",0.0241154392077947,6.7916359307566,0.277588961951756,0.782107581867546,0.888548996196612,-6.61673808152907,"PCK1"
"U52830_at",-0.0329502152046199,8.74592266121148,-0.277176655614839,0.782422905176033,0.888621357056234,-6.61685200066626,NA
"J04046_s_at",-0.0472212134011887,10.0319181862981,-0.277149717809617,0.782443507919483,0.888621357056234,-6.61685943762925,"CALM3"
"U06233_at",0.0253267479957335,6.82180235806451,0.277016732498922,0.782545220872358,0.888621357056234,-6.61689614151457,"POU4F2"
"V00572_at",-0.0412204937151461,11.745534635913,-0.275562080501485,0.783658049394764,0.889743308510156,-6.61729647701831,"PGK1"
"X60299_s_at",-0.0378417017331341,6.79087182288111,-0.275091194337714,0.784018380599237,0.890010674409548,-6.61742561919927,"ANOS1"
"U26914_at",0.0498664269244085,7.22879295251386,0.274800603810089,0.784240769683182,0.890121389439804,-6.61750520469277,"RREB1"
"HG2538-HT2634_at",0.0266458803525342,7.11694205220459,0.27382690647453,0.784986071746053,0.89082548638612,-6.61777126424953,NA
"AB005535_s_at",0.0216488177949996,6.01480018106692,0.27355761068829,0.785192235731615,0.890917626695954,-6.61784468205741,"CLOCK"
"M23263_at",0.039427488525245,8.25175963366041,0.2732220639118,0.785449140811996,0.890930385360756,-6.61793606092508,"AR"
"HG1602-HT1602_at",0.0359890590212615,9.05885618425145,0.273216467600454,0.785453425724836,0.890930385360756,-6.61793758400986,NA
"U22816_at",-0.025056008964631,6.55457920564579,-0.272453621403273,0.786037574179387,0.891427194597962,-6.61814490787226,"PPFIA1"
"HG2705-HT2801_s_at",0.034961735940092,9.69259093947399,0.272317916841669,0.786141502656388,0.891427194597962,-6.61818172860985,NA
"L76568_xpt3_f_at",0.0779400258850274,8.55624704194443,0.271965980282304,0.786411049153165,0.891513265961303,-6.61827713430367,NA
"L34075_at",-0.0319796815092523,8.11007738989179,-0.271765230238426,0.786564814337631,0.891513265961303,-6.61833150003547,"MTOR"
"U41387_at",-0.0655403042356291,8.69319609954657,-0.271728992589421,0.786592571594417,0.891513265961303,-6.61834130939517,"DDX21"
"D29833_at",-0.0317974899430187,6.40942676454451,-0.270452893349089,0.787570212292066,0.892457040067188,-6.61868591100582,"SMR3B"
"D79991_at",0.0200421396261703,9.41680916955916,0.270315296153187,0.787675648211916,0.892457040067188,-6.61872297147119,"NUP188"
"X06956_at",0.0607012954133417,8.33191165139894,0.26950870381957,0.788293791521629,0.893015483832464,-6.61893984071102,"TUBA4A"
"U56244_at",-0.0397631913191585,8.26124701330068,-0.269110507200088,0.788599005264313,0.893219305454288,-6.61904666574431,"TDRD9"
"HG2604-HT2700_at",0.0740531718988757,5.47689970957927,0.268305659051816,0.789216014434082,0.893776166306683,-6.61926210272109,NA
"D83703_at",-0.0460758819456863,7.96891315196525,-0.26741417067164,0.789899600850785,0.894408236096767,-6.61949997931457,"PEX6"
"X81333_at",0.0233943646055801,7.13346227189983,0.267206808629235,0.790058628144137,0.89444623789734,-6.61955519663485,"MEP1B"
"U49352_at",-0.0520169796028398,7.86190680217289,-0.266422563590837,0.790660151378497,0.894603057133893,-6.61976364244111,"DECR1"
"U51561_at",0.026159038506079,6.63423007138754,0.266344173459799,0.790720284340665,0.894603057133893,-6.61978444427048,"TBC1D22A"
"U28043_at",-0.0451515692121305,5.2603808192339,-0.266317596634446,0.790740671675603,0.894603057133893,-6.6197914953861,"SLC9A3"
"M96759_rna1_at",-0.0502935763363377,7.27312457853637,-0.266183814501494,0.79084329943816,0.894603057133893,-6.61982697855023,"ROM1"
"U61263_at",0.0290997674391278,9.07529962976822,0.266063609024675,0.790935515350412,0.894603057133893,-6.61985884558765,"HACL2"
"Z15005_at",-0.0358944629776676,7.09989330442937,-0.266044633401062,0.790950072817356,0.894603057133893,-6.61986387480186,"CENPE"
"S55606_at",0.0285979962562006,6.7526556958857,0.265294249620614,0.79152580189072,0.895112221078513,-6.62006246616318,"BTC"
"L00137_cds1_at",-0.0491986848377319,7.68302869312634,-0.264271731108112,0.79231051208065,0.895857516355742,-6.62033217762049,"GHRH"
"AB000460_at",-0.0201526838440227,10.7595820377175,-0.262286261250804,0.793834831569081,0.89700362650552,-6.62085291938157,"FAM193A"
"U41745_at",-0.0325543373109598,6.49171975045472,-0.262097685770318,0.793979649920064,0.89700362650552,-6.62090217445214,"PDAP1"
"S83309_s_at",-0.0339857714794416,7.18734921351122,-0.262073924034148,0.793997898487845,0.89700362650552,-6.62090837840276,"NR6A1"
"U03644_at",-0.0386246144328064,7.39480853542713,-0.262009126615912,0.794047662274688,0.89700362650552,-6.62092529350492,"CIRSR"
"X66922_at",-0.0260650091629717,6.49791572898651,-0.262008336766465,0.794048268876658,0.89700362650552,-6.62092549966614,"IMPA1"
"M27968_s_at",0.0351713207270405,6.04962905469274,0.261968195242708,0.794079097612055,0.89700362650552,-6.62093597632169,"FGF2"
"Z35307_at",-0.0559985817184812,7.47597157940783,-0.261534933447943,0.794411864042498,0.89715522887251,-6.62104895263414,"ECE1"
"U31099_at",0.0655105625816583,6.84896063027238,0.261336720204135,0.794564114326029,0.89715522887251,-6.6211005760191,"PTGDR"
"S62907_s_at",0.0219966131432434,6.07055633980872,0.261301924310859,0.7945908423483,0.89715522887251,-6.62110963435844,"GABRA2"
"Z12962_at",-0.0386964086205595,14.2686325432447,-0.260547607579132,0.795170321581753,0.897667335321666,-6.62130570806183,"RPL41"
"M26901_s_at",0.0687268492910489,6.50985522103991,0.259987078955031,0.795601004138696,0.89801132971893,-6.62145104293615,"REN"
"D87469_at",-0.0420964404894155,7.96749992913333,-0.259445575368033,0.79601712916101,0.898199178665747,-6.62159114827192,"CELSR2"
"U23430_s_at",0.0480785070818159,7.68348461142194,0.259442600785379,0.796019415178874,0.898199178665747,-6.62159191709206,"CCKAR"
"D16480_at",0.149848643370894,7.0416905864271,0.25925429737965,0.796164133216109,0.898220304747213,-6.62164056868469,"HADHA"
"U08096_at",0.0648511660479407,6.69410461917777,0.258917686578777,0.796422848720434,0.89837001400759,-6.6217274503282,"PMP22"
"M28825_at",0.09158103186786,7.36355042239064,0.258545265377548,0.79670911432744,0.898465378632173,-6.62182344360403,"CD1A"
"D12625_at",0.0281204483446622,6.32954854003472,0.258479783392657,0.796759450654033,0.898465378632173,-6.62184030762966,"NF1"
"X74764_at",0.0470466150199247,9.16443490317846,0.256875922753025,0.79799261515571,0.899713641221739,-6.62225202968764,"DDR2"
"U00957_at",0.0258128516318781,6.14620187737123,0.256646081188304,0.79816937626517,0.899716603591044,-6.62231082204557,"AKAP10"
"X64044_at",-0.0521363328215321,7.71703488938287,-0.256410214963612,0.798350781655779,0.899716603591044,-6.62237110086609,"U2AF2"
"M19159_at",0.0686999643198245,9.52723232304643,0.256380211647562,0.798373858089065,0.899716603591044,-6.62237876465517,"ALPP"
"S79048_at",-0.0440293215622223,7.01284844225006,-0.254826525640992,0.799569088945041,0.900921137203919,-6.62277440141003,"PRR4"
"M95712_at",-0.0474778079823555,8.76379045926503,-0.254537183549121,0.799791729157311,0.900935785632647,-6.62284781547136,"BRAF"
"X64269_at",0.0243702215294199,8.58869334979146,0.254481157057852,0.799834841810776,0.900935785632647,-6.62286202131459,"TFAM"
"M59941_at",-0.0556594150025518,6.26565576615374,-0.254303879962316,0.799971261485678,0.9009470968612,-6.62290695038949,"CSF2RB"
"U53442_at",-0.0719217215289065,5.65610220257966,-0.253846508762449,0.8003232501487,0.901201145207721,-6.62302272213003,"MAPK11"
"J05633_at",0.047882532009881,6.29140971659366,0.253635284825489,0.800485820120306,0.901241852753895,-6.62307611780794,"ITGB5"
"U48865_s_at",-0.0649814591928539,4.50858062733865,-0.253449182223639,0.800629062591291,0.901260790654242,-6.62312312625052,"CEBPE"
"U73799_at",-0.0808053867493053,5.37236628816247,-0.253282229710833,0.800757571133694,0.901263139345138,-6.62316526818179,"DCTN1"
"U34844_at",-0.035916609292574,7.06785328591802,-0.252992668737818,0.800980468269832,0.901371706124014,-6.62323829304702,"AQP4"
"M26880_at",-0.0355529352079103,12.3423470651344,-0.25198638395878,0.801755210792971,0.902057816512775,-6.62349142127188,"UBC"
"S83513_s_at",0.0228062406252256,9.36298301793227,0.251872076013301,0.801843229519071,0.902057816512775,-6.62352011143243,"ADCYAP1"
"U16861_at",-0.0450184247111851,7.04075320036735,-0.251503804532303,0.802126821188545,0.90214966093455,-6.62361245554764,"KCNJ2"
"U34880_at",0.0524415249685308,8.575100904016,0.251437395129069,0.802177963341859,0.90214966093455,-6.62362909335843,"DPH1"
"L78132_at",0.0241117270989548,6.75441456545016,0.25100202922946,0.802513261813545,0.902321944300054,-6.62373805867028,"LGALS8"
"X95191_at",0.0456275450689594,6.46508408315636,0.250909801108584,0.802584296367884,0.902321944300054,-6.62376111773749,"SGCD"
"HG2841-HT2968_s_at",0.0246736490162425,7.55109729294085,0.250477949816278,0.802916932505151,0.902553581177739,-6.6238689775534,NA
"Y09943_s_at",-0.0500285984423021,2.35030318967028,-0.249898652222004,0.803363197289846,0.902912854087863,-6.6240133724918,"BTG2"
"U52100_at",-0.0293594286382346,6.97974208844227,-0.249601000178399,0.803592520479247,0.902925664792279,-6.62408743503592,"EMP2"
"M96233_s_at",0.0956181385233137,8.43862493848578,0.249553878178374,0.803628826759118,0.902925664792279,-6.62409915197358,"GSTM1"
"X07290_at",0.0408097634412794,8.45596365671275,0.24927902073553,0.803840605910117,0.902925664792279,-6.62416745157296,"ZNF3"
"Z11737_at",0.0474484626862726,4.42480422107576,0.249124198964135,0.803959903396307,0.902925664792279,-6.62420589030743,"FMO4"
"M17885_at",-0.0272926929744663,14.5337866152577,-0.24899764304328,0.804057424171498,0.902925664792279,-6.62423729356374,"RPLP0"
"M77836_at",0.0309300047064198,9.09345636127988,0.248791870527095,0.804215993884742,0.902925664792279,-6.62428831941263,"PYCR1"
"X76013_at",-0.0322988059378595,10.8792627242966,-0.248289219578656,0.804603374713873,0.902925664792279,-6.62441278575653,"QARS1"
"U19147_s_at",-0.0252734824653444,6.88157777814558,-0.248174274181256,0.804691967211213,0.902925664792279,-6.62444121321349,"GAGE6"
"HG3327-HT3504_s_at",-0.0197612999900332,3.07501874709325,-0.248149143125784,0.804711336948613,0.902925664792279,-6.62444742669212,NA
"AB002380_at",0.0366388753842548,6.7347589765636,0.248121924979729,0.804732315447117,0.902925664792279,-6.6244541554808,"ARHGEF12"
"X54993_s_at",-0.0445931398387893,7.48797998753744,-0.248075881582727,0.80476780391221,0.902925664792279,-6.62446553651423,"TBP"
"U19142_at",-0.0256426236993876,7.06167367861068,-0.247206599598588,0.805437889720576,0.903343667697838,-6.62468001044315,"GAGE1"
"U66559_at",0.0955096738284524,7.64191323637446,0.247048263148495,0.805559959051699,0.903343667697838,-6.62471899514738,"ALK"
"U28281_at",-0.0455027763642191,7.1068251922562,-0.246879514590792,0.805690060910423,0.903343667697838,-6.62476051601259,"SCTR"
"L76224_at",-0.0343358331604229,8.86397659916098,-0.246839111869395,0.80572121143811,0.903343667697838,-6.6247704529674,"GRIN2C"
"L41349_at",-0.0219336128501064,6.28577674040237,-0.246719467690224,0.805813459032802,0.903343667697838,-6.62479986965046,"PLCB4"
"AC002115_cds4_at",-0.0359962850577569,3.21031294858246,-0.246533911037877,0.805956531663795,0.903343667697838,-6.62484546394188,"UPK1A"
"S50017_s_at",0.0287156012258674,8.7691362639638,0.246395085748443,0.806063576620499,0.903343667697838,-6.62487955318097,"CNP"
"HG4063-HT4333_s_at",-0.0320409303151061,7.08784347590833,-0.24627772085879,0.806154076854208,0.903343667697838,-6.62490835775909,NA
"M62424_at",0.019872327539372,6.64767319284745,0.246099461884848,0.806291537670495,0.903355708322011,-6.62495208121593,"F2R"
"Z48923_at",0.0297147246365972,7.76284663403442,0.245716113390636,0.806587169822813,0.903429134561034,-6.62504600207116,"BMPR2"
"U80017_rna3_at",-0.0357811584562757,8.58584326181614,-0.245685828518895,0.806610526228221,0.903429134561034,-6.62505341567228,"SMN1"
"D83780_at",0.0806371106930328,7.44925584323977,0.244405044004057,0.807598458234508,0.904002850916708,-6.6253661108762,"WASHC5"
"D29013_at",0.0254799078943648,8.9512532717024,0.244393776621809,0.807607150712151,0.904002850916708,-6.62536885449402,"POLB"
"L24893_s_at",0.027278717128727,5.96539711479998,0.244209501020211,0.807749317745047,0.904002850916708,-6.62541370784956,"MPZ"
"U23435_s_at",-0.0300616825762434,7.11856868564674,-0.244031156956098,0.807886914818373,0.904002850916708,-6.62545708528359,"ABI2"
"HG2530-HT2626_at",0.0352897832174888,5.94804077518661,0.243996169716416,0.807913909093443,0.904002850916708,-6.62546559128381,NA
"U25182_at",-0.0444260483119674,7.62251652149105,-0.243849412951013,0.808027141274061,0.904002850916708,-6.62550125711448,"PRDX4"
"X96783_rna1_at",0.0815448223569559,5.46303204618526,0.243678179837468,0.808159263702114,0.904002850916708,-6.62554284427368,"SYT5"
"L20965_at",0.0269271170204117,8.68078139001978,0.24350437421522,0.808293376772217,0.904002850916708,-6.62558502638896,"PDE4A"
"D67029_at",-0.0462875904721152,7.85210125011785,-0.243440369781497,0.808342765754874,0.904002850916708,-6.62560055250741,"SEC14L1"
"HG3123-HT3299_at",-0.0470208415954101,6.7821098077754,-0.24337809261742,0.808390822639082,0.904002850916708,-6.62561565571549,NA
"J03171_at",-0.0720888377566018,6.76109522644264,-0.24285571911017,0.808793947144404,0.90431180194361,-6.62574218774958,"IFNAR1"
"M77232_rna1_at",0.0261429533867634,13.7279696535948,0.242360231995168,0.809176370834282,0.904597514141069,-6.62586195638731,"RPS6"
"M88458_at",-0.032125066898022,8.62906638358536,-0.242081268123813,0.809391699413691,0.904696366434651,-6.62592927979709,"KDELR2"
"AC002045_xpt1_at",0.0290328801496207,7.39232301437589,0.241357202440885,0.809950664970762,0.905179227241975,-6.62610366010106,"NPIPA1"
"L07077_at",0.0194211261614994,6.63062462073626,0.240751563270842,0.810418283415178,0.905445915154193,-6.62624911862261,"EHHADH"
"L06499_at",0.0356158950269698,14.666508840751,0.240719147429244,0.81044331387276,0.905445915154193,-6.62625689376379,"RPL37A"
"U31875_at",0.0308397616081422,8.76399561558718,0.240330724729063,0.810743256616215,0.90563909063256,-6.62634997806074,"DHRS2"
"HG2797-HT2905_at",-0.0250191790987353,4.19868766178035,-0.239393141760751,0.811467381548383,0.906265984934668,-6.62657404854988,NA
"M14123_xpt4_at",0.0382439555849174,5.59439119547467,0.239274905829704,0.811558710593761,0.906265984934668,-6.62660224335264,NA
"L10403_at",-0.0417074269627467,5.12923198239611,-0.23891359004965,0.81183781815338,0.906435678248307,-6.6266883173334,"PPBPP2"
"U09716_s_at",-0.0276890301133381,7.96555004295373,-0.237306612765196,0.813079463755617,0.907502150927689,-6.62706956413128,"LMAN1"
"M20137_at",0.0287025110207981,7.22807194921437,0.237296490885191,0.813087286041552,0.907502150927689,-6.62707195735182,"IL3"
"U31799_at",0.0359907689637184,5.52726160417266,0.237124957566243,0.813219851528602,0.907502150927689,-6.6271124992452,"PMEL"
"Z48605_at",0.0221745014896886,6.79354675579707,0.236921828899141,0.813376841799301,0.907502150927689,-6.6271604708426,NA
"L77701_at",-0.0721646129393125,3.71218472986004,-0.236837579944394,0.813441956795259,0.907502150927689,-6.6271803553361,"COX17"
"L02320_at",-0.0235557312413519,6.23068038143582,-0.236640807052378,0.813594045303786,0.907502150927689,-6.62722677029723,"RDX"
"D26070_at",-0.0429842288970397,7.61051108536781,-0.236524334525456,0.813684071921699,0.907502150927689,-6.62725422579032,"ITPR1"
"J03507_at",-0.0315391282739723,6.45966593720672,-0.235675302044077,0.814340401410102,0.907991930657214,-6.62745395626338,"C7"
"U70064_s_at",0.0248226293086304,8.77585461388039,0.235626734299347,0.814377949869859,0.907991930657214,-6.62746535988772,"LYST"
"Z34918_at",-0.0258767282490515,7.74687361584411,-0.234950450935879,0.814900839976358,0.908398776451172,-6.6276239062363,"EIF4G3"
"U59325_at",0.0230232335069216,5.91362580481627,0.234654893278045,0.815129386270249,0.908398776451172,-6.62769305322818,"CDH18"
"HG2510-HT2606_at",-0.0227930957803197,6.71907999248136,-0.234553696598553,0.815207642462288,0.908398776451172,-6.62771670865673,NA
"M24248_at",0.035701576119008,9.93386701530924,0.234495636073922,0.815252541974274,0.908398776451172,-6.62773027610913,"MYL3"
"D83699_at",-0.0473615313142819,6.91427088250822,-0.234201348919906,0.815480130381339,0.90849644229019,-6.62779899288722,"HRK"
"X82539_at",0.0267007554508387,6.10560608377999,0.234052736291811,0.81559506672145,0.90849644229019,-6.62783366156162,"MAGEB1"
"U93049_at",0.0945262855197369,6.97643641326965,0.233781346396906,0.815804968896677,0.908505565959842,-6.62789691528099,"FYB1"
"Z48511_at",-0.0255856985476521,7.15488517474377,-0.233595348112862,0.815948834087021,0.908505565959842,-6.62794022418256,NA
"S78085_at",0.0946266171820378,7.82366589804498,0.233089977732896,0.816339757854508,0.908505565959842,-6.6280577236984,"PDCD2"
"D78129_at",0.0338734601756112,8.38269821590742,0.232838467199731,0.816534328484644,0.908505565959842,-6.6281161056502,"SQLE"
"D28137_at",-0.051885583935416,9.37891324349394,-0.232659624138759,0.816672689978674,0.908505565959842,-6.62815758135817,"BST2"
"X78416_s_at",-0.0237953148404726,7.06116513029291,-0.232266064447956,0.816977186994646,0.908505565959842,-6.62824874019221,"CSN1S1"
"X52011_at",-0.0381462138092195,7.12062986431131,-0.232186174584711,0.817039001202034,0.908505565959842,-6.62826722598188,"MYF6"
"U11037_at",-0.046335912783233,7.60821827754706,-0.232052278474395,0.817142604959069,0.908505565959842,-6.62829819408739,"SEL1L"
"X97058_at",0.0385781900272697,6.70625807097715,0.231984383975913,0.817195140405656,0.908505565959842,-6.62831389022244,"P2RY6"
"M69197_xpt2_s_at",0.062813421674524,7.32424986530314,0.231920012200685,0.817244950811304,0.908505565959842,-6.62832876772406,"HP"
"J04948_at",0.0585878894918839,8.74956023250649,0.231762384324145,0.817366925281376,0.908505565959842,-6.62836518101863,"ALPG"
"M16973_at",-0.0649249389704387,6.22095898121213,-0.231682214157342,0.817428963715145,0.908505565959842,-6.62838369148172,"C8B"
"X82877_at",0.035335167433785,7.81523320337596,0.231619012738538,0.817477871970562,0.908505565959842,-6.62839827952857,"DDI2"
"X13766_s_at",-0.0583486845192036,4.79689471961034,-0.231435686040271,0.817619742966424,0.908505565959842,-6.62844057221052,"CSN2"
"X66365_at",-0.0798590981888445,8.36483207948213,-0.231396601639177,0.817649989992836,0.908505565959842,-6.62844958448962,"CDK6"
"X81003_at",-0.0336687269744118,8.70391740614788,-0.231109072265097,0.81787251460861,0.908505565959842,-6.6285158377508,"PPP1R11"
"U82535_at",-0.0539291984499721,6.9327266980161,-0.231084206831038,0.81789175915908,0.908505565959842,-6.6285215634441,"FAAH"
"M30448_s_at",-0.0276424335129573,11.5274877365075,-0.23091271334004,0.818024489235727,0.908505565959842,-6.62856103601416,"FBL"
"U52696_s_at",-0.0313104319796906,11.6728671566942,-0.23091259660058,0.818024579589876,0.908505565959842,-6.62856106287405,"ATF6B"
"Z48481_at",0.0502411310049951,8.62159339045608,0.230452419284687,0.818380767349183,0.908568575964216,-6.62866683699498,"MMP14"
"U58675_cds2_at",0.044513997707508,8.13129319441135,0.230341642438198,0.818466516876718,0.908568575964216,-6.62869226815789,"OR3A1"
"HG1227-HT1227_s_at",0.0387390244671852,5.32356783260683,0.230331228638321,0.818474578047205,0.908568575964216,-6.62869465823758,NA
"D49410_at",0.0397650870304727,9.3375666337539,0.230180700827413,0.818591101615677,0.908568575964216,-6.62872919394604,"IL3RA"
"S66427_at",0.0276567035702922,7.60847581029004,0.229789495098518,0.818893953062886,0.908763230290366,-6.62881884313916,"ARID4A"
"X85740_at",0.0543931971258997,5.47215204521993,0.229603839390307,0.819037687859139,0.908781272645573,-6.62886133495389,"CCR4"
"M22092_at",-0.021426291846546,5.04302235551537,-0.22892896745667,0.819560226492022,0.909003887674179,-6.62901550686249,"NCAM1"
"S76756_s_at",0.046414733794081,7.31122652769921,0.228887275985694,0.819592509973929,0.909003887674179,-6.6290250162571,"MAP2"
"U61262_at",0.0500449016298825,5.85714469875532,0.228781702780957,0.819674261198871,0.909003887674179,-6.62904908868187,"NEO1"
"D38503_at",-0.0188150151193085,6.43630457703726,-0.228686025815711,0.819748350940847,0.909003887674179,-6.62907089502227,"GABRA2"
"V00533_rna1_f_at",-0.0294871750280965,5.58730277015327,-0.228447645776688,0.819932953355082,0.909067188875331,-6.62912518610333,"IFNA14"
"L42354_at",-0.0723652979817375,7.86402069221321,-0.227929832017736,0.820333985381348,0.909370390574348,-6.62924292344277,NA
"M20786_at",-0.0321006983509622,3.61455747572186,-0.226623781830213,0.821345696837191,0.910350353350799,-6.62953870010242,"SERPINF2"
"M76125_s_at",-0.0346645582944598,5.92197712909435,-0.226448637101995,0.821481393080267,0.9103592182915,-6.62957823545663,"AXL"
"U68142_at",0.0406370244185776,9.23271997079168,0.225896032632006,0.821909568147887,0.910692152832808,-6.62970277457836,"RGL2"
"AB000381_s_at",0.0229418326358388,6.72499690971197,0.225201436707665,0.822447839377487,0.911146953678649,-6.62985888296674,"GML"
"D82346_at",-0.0536300313828395,7.08378693358826,-0.223907643118187,0.823450680968565,0.912116206436436,-6.63014837934443,"KCNQ2"
"X77383_at",0.0281351802574843,5.65424558373027,0.223587475140515,0.823698894146456,0.912249404438416,-6.63021976232416,"CTSO"
"U24683_at",-0.0572596261973572,6.31157462358501,-0.223049785015727,0.824115783858094,0.912569341895675,-6.6303394134088,"IGHV4-55"
"X12794_at",-0.0329887488267175,8.66994398164578,-0.222850277676344,0.824270481673034,0.912598891729625,-6.63038373619236,"NR2F6"
"M18533_at",0.0201911375252495,6.439167594533,0.222369553339665,0.824643263506823,0.912869848686357,-6.63049037177241,"DMD"
"X54741_at",-0.0291168475102292,3.2695388845617,-0.221493017489808,0.825323084640236,0.913480557429008,-6.63068421540693,"CYP11B2"
"L00389_f_at",0.0557464335236801,8.46761532755627,0.220708778793424,0.825931435558184,0.914011984491508,-6.63085699972199,"CYP1A2"
"J00146_at",-0.0250251457401802,7.01919384796658,-0.220375149723634,0.82619027120646,0.914156517682889,-6.63093031966976,"DHFRP3"
"AFFX-BioDn-5_at",-0.0204230891916266,4.32271092262959,-0.219383511931876,0.826959715975279,0.914769093993286,-6.63114759291494,NA
"S69231_s_at",-0.0374294276648355,4.46332793047399,-0.219166496464479,0.827128128141503,0.914769093993286,-6.63119501167418,"DCT"
"U14969_at",-0.0225463467874771,14.3964932758561,-0.219106445480376,0.827174731397719,0.914769093993286,-6.63120812477882,"RPL28"
"X56692_at",0.032730291276077,7.17452334280821,0.218870276918254,0.82735801874734,0.914769093993286,-6.63125966119835,"CRP"
"M81829_at",-0.031473436126694,7.85828738978264,-0.218834888108605,0.827385484369295,0.914769093993286,-6.63126737892001,"SSTR1"
"D87024_at",0.0347094916691137,8.563570586267,0.218618772266191,0.827553218788857,0.914812668126184,-6.63131448321134,"IGLV4-3"
"U56637_at",-0.0396438418971936,11.0583355855157,-0.21839703593565,0.827725323792673,0.914861059429142,-6.63136276422654,"CAPZA1"
"U96114_at",0.0254593049109921,8.31158190592935,0.216421637083929,0.829258940060665,0.916054631150224,-6.63179072921668,"WWP2"
"U70370_at",-0.0346083126338943,4.68216330397822,-0.216219228003412,0.829416119543331,0.916054631150224,-6.63183436126798,"PITX1"
"HG37-HT37_at",-0.0282716829577927,7.28052664981538,-0.216180061713066,0.829446534681544,0.916054631150224,-6.63184279939047,NA
"X99479_f_at",-0.0655597622181494,7.09527555061581,-0.216032448952537,0.829561167808057,0.916054631150224,-6.63187458788003,"KIR2DL4"
"X01057_at",0.0222729910722865,6.37262224188671,0.216024490275853,0.829567348462908,0.916054631150224,-6.63187630116933,"IL2RA"
"HG742-HT742_at",-0.06021365586804,6.03831938828557,-0.215874874636296,0.829683540966344,0.916054631150224,-6.63190849766628,NA
"U33267_at",0.0175240789743318,6.92039119575094,0.215847639233609,0.829704692570767,0.916054631150224,-6.63191435618457,"GLRB"
"U95090_at",0.035753514361927,7.10326801434093,0.215671023791103,0.829841859010066,0.916064201437404,-6.63195232943853,"PRODH2"
"HG1595-HT4788_s_at",-0.0469133313348653,10.321187555682,-0.214899573309707,0.830441059529005,0.91658373020317,-6.63211783142319,NA
"S76475_at",0.0259184615816883,7.45993990822193,0.21456611065102,0.830700097601321,0.916727708328145,-6.63218918699416,"NTRK3"
"D76444_at",0.0388135513342274,7.32589781562304,0.213615610343835,0.831438561373815,0.917265980559717,-6.63239197125594,"RNF103"
"J04076_at",0.0294591602636958,6.12623223096449,0.213479827680201,0.831544066209041,0.917265980559717,-6.63242086637668,"EGR2"
"M61832_s_at",0.0318703876000868,9.83462030037484,0.213083931335056,0.831851700319857,0.917265980559717,-6.6325050100341,"AHCY"
"U12259_cds2_s_at",0.0417032678010747,4.45342823936484,0.21303612678758,0.831888848968152,0.917265980559717,-6.63251515983902,"PAX3"
"U65402_at",0.0347218228847943,9.97623795762354,0.213016613093485,0.831904013061589,0.917265980559717,-6.63251930230974,"GPR31"
"M25269_at",0.0260585602907799,8.21616928132846,0.212944750079026,0.83195985836711,0.917265980559717,-6.63253455450471,"ELK1"
"L13740_at",-0.0511264828821769,9.05244456227941,-0.211938492066151,0.832741920070273,0.917888868157343,-6.63274758267566,"NR4A1"
"U55258_at",0.0566023172088244,7.26639489718516,0.211814906664908,0.832837982061551,0.917888868157343,-6.63277367662962,"NRCAM"
"J05008_at",0.0205955421170421,6.04882767100065,0.211586799424609,0.833015294771332,0.917888868157343,-6.63282179951358,"EDN1"
"U73738_at",0.0308964135646885,6.34559384871941,0.211555231284568,0.833039834054988,0.917888868157343,-6.63282845524,"CAMK2D"
"HG3364-HT3541_at",-0.0225107657520205,14.4141203530871,-0.211245445777483,0.833280652562491,0.91801232763375,-6.63289371680827,NA
"Y08613_at",-0.0658721259890296,5.93154359588281,-0.210970872802283,0.833494111188347,0.918105611659723,-6.63295148041217,"NUP88"
"S77415_at",-0.0253628754525046,7.69833565882441,-0.210611867344601,0.833773228240213,0.918271179379651,-6.63302689340082,"MC4R"
"M92449_at",-0.0402239558589201,8.53580513054555,-0.210160731944591,0.834124004144145,0.918515604810566,-6.63312147739749,"NAAA"
"J04111_at",-0.0569893694138699,8.15899885180087,-0.209863134545488,0.834355416529222,0.918519086108351,-6.63318376008559,"JUN"
"M58583_at",0.0243544826392075,7.5905303912685,0.209825283235846,0.834384850839905,0.918519086108351,-6.63319167548013,"CBLN1"
"U01877_at",0.0372684373119325,7.39814948594954,0.209640861809973,0.834528265844549,0.918535125398455,-6.63323022094091,"EP300"
"M25164_at",0.0268758905071396,7.67116519562372,0.20903738031671,0.83499760142815,0.918820116712349,-6.63335611646515,"TSHB"
"X58987_at",-0.0157496953290819,6.23047065545303,-0.208828701685292,0.835159907540042,0.918820116712349,-6.63339956569305,"DRD1"
"U02619_at",-0.0606746552687216,9.10681068447843,-0.208724259442252,0.835241143341733,0.918820116712349,-6.63342129546225,"GTF3C1"
"M65085_at",-0.0454479453646179,7.31791407165071,-0.208541732693445,0.835383118046004,0.918820116712349,-6.63345924506406,"FSHR"
"Z83336_at",-0.0257226739217433,10.1450869236485,-0.20847938285306,0.835431616850813,0.918820116712349,-6.63347220077988,"H2BC15"
"U26591_at",0.0591345834067951,5.34039360166826,0.208296386894247,0.835573963890089,0.918834920341268,-6.63351020329057,"ICA1"
"U66198_at",0.0211302257922474,5.99520148451853,0.207894215544252,0.83588682016591,0.919037190154653,-6.63359360452112,"FGF13"
"U79290_at",-0.0190184265687616,6.6633256211489,-0.207135707017558,0.83647694957588,0.919544205632452,-6.63375046386139,"SLC67A2"
"M59488_at",-0.0537212248990908,6.55094996313205,-0.206582221696608,0.836907627587191,0.919821035690501,-6.6338645630587,"S100B"
"U12775_at",0.0296364127889346,6.66003437124914,0.206480451267839,0.8369868226293,0.919821035690501,-6.63388550951255,"ASIP"
"U46767_at",-0.0199512708498801,6.66630709739356,-0.205837461478188,0.837487219130812,0.920229097593027,-6.63401761174442,"CCL13"
"J05213_at",0.03099827212721,6.18166170754118,0.205477813853273,0.837767138405416,0.920394811171554,-6.63409132186996,"IBSP"
"HG2841-HT2969_s_at",-0.0202297683886945,6.21055530140554,-0.204863708390142,0.83824515454951,0.920778075005155,-6.6342168857544,NA
"D87845_at",0.025719499480517,7.70346605300241,0.204697166297523,0.838374800461241,0.920778609226342,-6.63425087329636,"PAFAH2"
"U74382_s_at",0.0609540877136183,6.91247279453119,0.204487440761611,0.838538069209614,0.920816065218013,-6.63429363434439,"TERF1"
"HG3989-HT4259_at",0.0309410189253096,6.47618429585859,0.203704533237932,0.839147615689149,0.921242082112863,-6.63445287497362,NA
"D13666_s_at",-0.0503379205769452,6.74216538580068,-0.203364837590984,0.83941212239263,0.921242082112863,-6.63452177807007,"POSTN"
"S77094_at",-0.0305285891653151,4.29446814806511,-0.203353569389183,0.839420896784504,0.921242082112863,-6.6345240617183,"CHRNA1"
"L37347_at",0.0392316531568921,6.02344381439172,0.203281219558124,0.839477235075929,0.921242082112863,-6.63453872134513,"SLC11A2"
"U29725_at",0.0499581801648707,6.42154811910228,0.203159340899831,0.839572143005649,0.921242082112863,-6.63456340479201,"MAPK7"
"M90354_at",-0.0178443068335756,5.71611229309141,-0.202946993440429,0.839737505433258,0.921281729183394,-6.6346063750875,"BTF3P11"
"U01038_at",0.0185988848971252,9.84168008441918,0.20266643375473,0.839955998187565,0.92137964472675,-6.63466307987111,"PLK1"
"D14520_at",0.028596926018122,6.54689583082085,0.202315680941989,0.840229173266829,0.921537504033727,-6.6347338613907,"KLF5"
"Z14000_at",-0.0225270452053632,10.3452430874263,-0.201347633063391,0.840983215008397,0.922074912915166,-6.63492857692223,"RING1"
"X75304_at",-0.0238862150069288,8.97101843244249,-0.201250891109211,0.841058578434871,0.922074912915166,-6.63494798456546,"GOLGB1"
"L34673_at",-0.0188957726901213,6.0043377409691,-0.201188490582765,0.841107190165146,0.922074912915166,-6.63496049794695,"HLTF"
"D21337_at",0.0265040847629452,6.58926771594633,0.20022168863855,0.841860434412785,0.922728588036469,-6.63515387863225,"COL4A6"
"U79248_at",-0.0217654104453784,6.68880138156952,-0.199924390809649,0.842092091603513,0.922728588036469,-6.63521315738052,"LINC00667"
"L22005_at",0.0665532028185547,5.24063172791392,0.199709441722754,0.842259590590191,0.922728588036469,-6.63525596165974,"CDC34"
"M74047_at",-0.0176212157193758,5.3054052163921,-0.199658070106689,0.84229962297945,0.922728588036469,-6.63526618483052,"SRD5A2"
"D13639_at",0.0877428132483384,9.75703149028648,0.199479328008981,0.842438914679231,0.922728588036469,-6.63530173479765,"CCND2"
"HG2850-HT4814_s_at",0.0421587503454548,6.51201648662918,0.199426524964139,0.842480064459163,0.922728588036469,-6.63531223069521,NA
"D83407_at",-0.0222270026367255,7.2007990665688,-0.198958811220913,0.842844576183342,0.922986018987872,-6.63540507907014,"RCAN2"
"S78798_s_at",0.0350250482446706,7.43636446663541,0.1986713197914,0.843068649083971,0.923089602107146,-6.63546204247263,"PIP4K2A"
"U20325_at",0.0268566671546324,8.52599222128064,0.198416943361802,0.843266922726224,0.923164909722858,-6.63551237587615,"CARTPT"
"Z50053_at",0.0215158215973892,7.20087447466943,0.197155217300435,0.844250524393388,0.924099798618219,-6.63576108113873,"GUCY1A2"
"X72632_s_at",0.0266757621087486,8.83159465931729,0.195980872505834,0.845166229173166,0.924960093302963,-6.63599113822086,"THRA"
"X78933_at",0.0164785338827409,6.76836225864474,0.195449820849635,0.845580391151761,0.925262255917925,-6.63609472175422,"ZNF345"
"U78524_at",-0.0282766105812744,8.42500723243339,-0.195294026341481,0.845701902028503,0.925262255917925,-6.63612505676657,"PIAS1"
"AF001359_f_at",-0.0710390848346059,7.12719076076432,-0.195002037629207,0.845929646742778,0.925369411021829,-6.63618184529862,"MLH1"
"D42123_at",0.0215881276129952,9.85955395924994,0.193573633154599,0.847043959507764,0.92643177443218,-6.63645843068128,"CRIP2"
"M60331_at",0.026985238684337,6.01136262441031,0.193423990908109,0.847160715040451,0.92643177443218,-6.63648728871757,"PRM1"
"M62402_at",0.0348119203566633,6.55627268750703,0.193040390239733,0.847460027838391,0.926616953751517,-6.63656116307294,"IGFBP6"
"D80007_at",-0.0332345474823175,8.05139137803373,-0.192470692329639,0.847904588498706,0.926791328888337,-6.6366706059432,"PDCD11"
"J02758_s_at",0.0267390819897981,6.95207166596345,0.192373329160415,0.847980570262735,0.926791328888337,-6.6366892777437,"APOA4"
"U02687_at",0.101695277396093,7.44893390339929,0.192059835126784,0.848225229338772,0.926791328888337,-6.63674933387508,"FLT3"
"L02785_at",0.0218782174582461,6.44009335394734,0.191939703001924,0.848318987598524,0.926791328888337,-6.63677232168449,"SLC26A3"
"L77213_at",0.0494076931268461,7.91955306797345,0.19193436331291,0.848323155060465,0.926791328888337,-6.63677334312391,"PMVK"
"D14134_at",0.0182442192221046,5.60767417856075,0.191836513207987,0.84839952480366,0.926791328888337,-6.63679205603268,"RAD51"
"L40386_s_at",0.0770403833051168,7.07490594592209,0.191412493450074,0.848730479189084,0.926936767617898,-6.63687303565053,"TFDP2"
"D78333_at",-0.0197736165670177,6.40124926948438,-0.191033583883006,0.849026247356832,0.926936767617898,-6.63694524863529,"CCT6B"
"X00588_at",0.025676951057525,5.67356363542854,0.191000352446273,0.849052188093744,0.926936767617898,-6.6369515750994,"EGFR"
"AJ001487_at",0.0295255313106457,4.56058341540186,0.19099962582586,0.849052755301567,0.926936767617898,-6.63695171341812,NA
"X66362_at",0.0420732043692631,5.638536960461,0.190003704455763,0.849830257230845,0.927514176847787,-6.63714080186282,"CDK18"
"L35263_at",-0.0351283830986269,7.9241782198732,-0.189975205797644,0.849852507933387,0.927514176847787,-6.63714619816476,"MAPK14"
"D85423_at",0.0321810979697892,6.02946029503825,0.189799189761388,0.849989937475178,0.927514176847787,-6.63717950938098,"CDC5L"
"U45982_at",-0.016009343939368,9.64535998719842,-0.189655582455342,0.850102066422141,0.927514176847787,-6.63720666436116,"CCR9"
"U32324_at",-0.0324582378190508,6.93074106111006,-0.189399109032285,0.850302329213807,0.927590712312966,-6.63725511032891,"IL11RA"
"M77829_s_at",0.0375546578032084,4.20283060791578,0.189101205390824,0.850534954439333,0.927658635813196,-6.63731129994673,"AQP1"
"J03191_at",-0.028359591589874,12.8330856163896,-0.18898609781308,0.850624842518006,0.927658635813196,-6.63733298749701,"PFN1"
"U43959_at",0.0197386642127961,4.75482290540662,0.188578336492607,0.850943281287769,0.92775302825161,-6.63740970813202,"ADD2"
"D25274_at",-0.0425865994244905,9.54598137129629,-0.188541983318392,0.850971672287457,0.92775302825161,-6.63741653997472,"RAC1"
"M84820_s_at",0.0415867705279949,7.27370079479244,0.18809534513779,0.851320502596207,0.927991416362134,-6.63750036917823,"RXRB"
"X16354_at",0.0247914019734701,6.8882702661457,0.187565776222168,0.851734141369785,0.928300365972359,-6.63759950622365,"CEACAM1"
"M10950_cds2_at",0.0154656388079024,6.05061245619001,0.187362087673831,0.851893250698761,0.928331853291267,-6.6376375630346,"AFP"
"D86096_cds3_at",0.0204422323294677,6.38585483328804,0.186970420002915,0.852199215374091,0.92852333889682,-6.63771062544583,"PTGER3"
"U11862_s_at",-0.0307754815131798,5.447564327342,-0.186777824559471,0.852349676259194,0.928545360949235,-6.63774649653452,"AOC1"
"HG4318-HT4588_s_at",0.0329602258621495,8.41194987901996,0.1865091954854,0.85255954587568,0.928631172506842,-6.6377964672778,NA
"D50922_at",-0.0302544273553202,7.65748444663419,-0.186274631167401,0.852742810714708,0.928631172506842,-6.6378400424868,"KEAP1"
"U87593_f_at",-0.0238248119222764,6.6023237504855,-0.186010410963923,0.852949255379553,0.928631172506842,-6.63788906128245,"ERVK-19"
"M19481_at",0.0257669897411601,5.89143449083672,0.186010110086098,0.852949490471988,0.928631172506842,-6.63788911706243,"FST"
"D86519_at",-0.0213196090189909,7.7570189294388,-0.185308126424454,0.853498025263506,0.929052472914193,-6.63801901294615,"NPY6RP"
"X07495_at",0.0247423586924445,6.38293093724895,0.185181351161091,0.85359709602861,0.929052472914193,-6.63804241928179,"HOXC4"
"Y11709_at",-0.0249020031942351,4.61040920644181,-0.184603570865033,0.854048642448323,0.929224779878759,-6.63814889136158,"COL14A1"
"M14306_at",0.0144689142569039,6.37668227616119,0.184438906849709,0.854177339486628,0.929224779878759,-6.6381791744172,"CRYBA1"
"HG921-HT3995_at",-0.0324977322798308,5.74122905895709,-0.184274995152229,0.854305452466136,0.929224779878759,-6.63820929230146,NA
"M23892_s_at",0.0283047645477916,6.80376681719287,0.184210480431454,0.854355878088599,0.929224779878759,-6.63822113919398,"ALOX15"
"S71018_at",-0.0151555122423854,5.33788240378611,-0.184144908930556,0.854407130327573,0.929224779878759,-6.63823317589711,"PPIC"
"Y12556_at",-0.0314051007818872,4.20332595043197,-0.183802719061623,0.854674604206818,0.929251486907344,-6.63829592087948,"PRKAB1"
"HG2723-HT2819_at",-0.0218880013932932,5.576862153455,-0.183779974501203,0.854692383174563,0.929251486907344,-6.63830008725925,NA
"Y07596_at",0.0163584076912917,6.49893924860033,0.183538708785496,0.854880980390247,0.92931480774658,-6.63834425093088,"PIGK"
"U48436_s_at",-0.0222663478186922,6.43897851560257,-0.183069398290182,0.855247864254484,0.929571889658518,-6.63842999215011,"AFF2"
"L15533_rna1_at",0.0231350305941556,6.31329554353858,0.182664450008292,0.855564458576202,0.929687467170281,-6.63850379837657,"REG3A"
"D63475_at",-0.0385934654459117,9.9513435282686,-0.182533773892368,0.855666628086968,0.929687467170281,-6.63852758067076,"AP2M1"
"D31833_s_at",0.0310858361357873,5.4743948649945,0.182293572836152,0.855854436438096,0.929687467170281,-6.63857125151389,"AVPR1B"
"U64675_at",-0.0579442981319165,5.82993165033565,-0.182266201949016,0.855875837710556,0.929687467170281,-6.63857622415589,"RGPD5"
"U37251_at",0.0250918689561406,8.55013637397152,0.181915757692762,0.85614985931809,0.929843441054031,-6.63863982565619,"ZNF559-ZNF177"
"U04285_s_at",0.0443749071852686,7.63039550075704,0.181391172312489,0.856560079531273,0.930084402626952,-6.63873480317197,"LIPA"
"X95384_at",0.0257201765249224,6.0996731627626,0.181220798300644,0.856693318718406,0.930084402626952,-6.63876559086768,"RIDA"
"X06661_at",-0.015819562438808,6.55647186541783,-0.181131546843023,0.856763118537129,0.930084402626952,-6.6387817076513,"CALB1"
"U81787_at",-0.0198984467350236,7.80813200887198,-0.18085363273656,0.856980470814504,0.930178711394122,-6.63883184181352,"WNT10B"
"L12350_at",0.0206313452005524,6.80962454029635,0.179732791344596,0.857857175511669,0.930988552933884,-6.63903325478118,"THBS2"
"X66142_s_at",-0.0215542343940349,9.21952561437048,-0.178962554248802,0.858459746793379,0.931500690242009,-6.63917093961712,"PDE6B"
"S77582_at",-0.015852685173547,7.00949833158534,-0.178237100899412,0.859027359858545,0.931974744853381,-6.63930007881,NA
"X07619_s_at",0.0528222571154187,6.57137330362894,0.177383302766274,0.859695488373648,0.9325576896859,-6.63945139350536,"CYP2D7"
"L75847_at",0.0163923969932718,6.55707059137041,0.176899740429369,0.860073939238428,0.932670866380915,-6.63953677101771,"ZNF45"
"AFFX-HUMISGF3A/M97935_MB_at",0.0362474274881199,7.35256293026409,0.176749855312348,0.860191250637545,0.932670866380915,-6.63956318738007,"STAT1"
"X15525_rna1_at",0.0231827453667837,8.1090871534122,0.176748507468058,0.86019230557645,0.932670866380915,-6.63956342482812,"ACP2"
"D90209_at",0.0331907868492731,11.1590788266507,0.175828849816609,0.860912168038165,0.933197478292986,-6.63972501802699,"ATF4"
"HG2566-HT4792_r_at",0.0254039813836049,1.6210891876029,0.175793555200856,0.860939797269318,0.933197478292986,-6.63973120286717,NA
"Z22535_at",0.0199470726836708,6.0125393985606,0.175480504736735,0.861184866145598,0.933207501037626,-6.63978600586072,"BMPR1A"
"L27559_s_at",-0.0159875654499677,6.23920313401611,-0.175260964171065,0.861356739737026,0.933207501037626,-6.63982438067676,"IGFBP5"
"U52840_at",0.0235410032203278,3.50878866266098,0.175124818435894,0.861463328674183,0.933207501037626,-6.63984815429601,"SEMA5A"
"D50692_at",0.0574149471898071,7.18679473752239,0.175112904879577,0.861472655958566,0.933207501037626,-6.63985023374985,"MYCBP"
"AF000959_at",-0.0303817892742515,4.31842016797706,-0.174619275046067,0.861859142748875,0.933484325228916,-6.6399362701967,"CLDN5"
"M85220_at",0.0583354850926359,5.69269771863563,0.1744296241139,0.862007638662523,0.93348841037694,-6.63996926058625,"IGH"
"M61826_s_at",-0.0409607472735196,7.64855202870466,-0.174279997435885,0.862124799259612,0.93348841037694,-6.63999526334995,"SPTA1"
"HG167-HT167_s_at",-0.0473971276197149,4.35351772805929,-0.174100393451466,0.862265436757978,0.933498906400551,-6.640026446254,NA
"Z26634_at",-0.0170943643431061,6.62341644719635,-0.173589668490501,0.862665380287924,0.933778860623745,-6.64011494293269,"ANK2"
"X76770_at",0.0152778655989945,9.6898205439647,0.173291133683176,0.862899176508166,0.933778860623745,-6.64016655172472,"PAPOLA"
"X93996_rna1_at",0.0872608180703232,8.10367998285394,0.17320908935506,0.86296343131023,0.933778860623745,-6.64018071947626,"FOXO4"
"U57352_at",0.049891747323306,4.77295474179759,0.173101158887647,0.86304796081496,0.933778860623745,-6.64019934714259,"ASIC2"
"X98253_at",0.0164300658744878,9.70452771916435,0.172635629276523,0.863412574867002,0.934031600337915,-6.64027955973409,"RNF113A"
"X65463_at",0.0633113585925251,7.08354944911791,0.172133691575224,0.863805737878547,0.934155081143698,-6.64036580377117,"RXRB"
"U65002_at",0.0124890832206352,6.27659934443894,0.17192863688783,0.863966365166725,0.934155081143698,-6.64040096452713,"PLAG1"
"D78261_at",-0.017503099396091,6.33037100115529,-0.171887655638525,0.863998468056625,0.934155081143698,-6.64040798656681,"IRF4"
"M55998_s_at",0.0162168132969001,8.59376787312072,0.171820770513988,0.864050863383581,0.934155081143698,-6.64041944358132,"COL1A1"
"S37730_s_at",0.070269651903148,5.67732922525748,0.171308678927987,0.864452037147579,0.934447092164532,-6.64050701411048,"IGFBP2"
"U83601_at",-0.0238110001592675,5.37154629355852,-0.171139260098335,0.864584768116239,0.934448879912169,-6.64053592818368,"CAST"
"S78771_s_at",-0.0209352631722126,10.266250257778,-0.170844953674401,0.864815351381463,0.934501269035884,-6.64058608839063,"BRD2"
"D87437_at",-0.0200024936254266,9.72666155540811,-0.170742774710641,0.864895409327923,0.934501269035884,-6.64060348312014,"SMG7"
"L29433_at",-0.0440549047434642,5.82233325163467,-0.170244481474081,0.865285845894033,0.934781451034787,-6.64068816250245,"F10"
"Y07829_xpt3_at",0.0411221536615907,6.26930598637077,0.169893235013371,0.865561084455152,0.934904206291171,-6.64074770432967,"TRIM40"
"S82198_at",-0.0184151641022154,10.3623368824519,-0.169764766756538,0.865661757010523,0.934904206291171,-6.64076945104056,"CTRC"
"U31215_s_at",0.0239695144471481,5.68177760721988,0.169454326743238,0.865905038654797,0.934969556800032,-6.64082193351817,"GRM1"
"Z80777_at",0.0223885999324782,5.96381472771055,0.169352847066455,0.865984567758537,0.934969556800032,-6.64083906868901,"H2AC10P"
"X99897_s_at",0.025950501235851,3.99188386167218,0.169061758877732,0.86621269976409,0.935028288226996,-6.64088816296363,"CACNA1A"
"D87009_cds3_at",-0.0172133603504294,5.87251356944936,-0.168855878320942,0.866374059605149,0.935028288226996,-6.64092283536039,"ZNF280B"
"S70348_at",0.0171586256213869,7.64580486763155,0.168781390705848,0.866432441019433,0.935028288226996,-6.64093536943866,"ITGB3"
"U19252_s_at",0.0307951623832308,7.93119289742961,0.167502833487523,0.867434655877896,0.935968164333816,-6.64114965158276,"TRAPPC10"
"X60708_at",0.0277183874749598,6.13129261422835,0.166573708617318,0.868163099879506,0.936171266379373,-6.64130434848269,"DPP4"
"D83542_at",-0.0250906095487764,9.66541171712043,-0.166345158880316,0.868342302889248,0.936171266379373,-6.64134226966232,"CDH15"
"X99688_at",-0.0171315829356473,10.4599007953219,-0.16633656622096,0.868349040421417,0.936171266379373,-6.64134369434938,"PSD"
"L25798_at",0.0261805841338862,6.80986779455504,0.166332661665219,0.868352101999506,0.936171266379373,-6.6413443417114,"HMGCS1"
"HG4102-HT4372_at",-0.0165711512724975,7.70641850795351,-0.166195914947708,0.868459326929217,0.936171266379373,-6.64136700427197,NA
"Y10256_at",-0.0348718161991695,4.87733000035838,-0.166102436648132,0.868532625934823,0.936171266379373,-6.64138248538974,"MAP3K14"
"M65199_at",-0.0176144464296204,3.05351965437438,-0.166090332121135,0.868542117524642,0.936171266379373,-6.64138448940686,"EDN2"
"L07868_at",0.0210092350257121,6.44065904674808,0.165899396523431,0.868691839469754,0.936175814089481,-6.641416081266,"ERBB4"
"L07594_at",-0.0196346191545951,6.29658307839385,-0.165584136821556,0.868939060543465,0.936175814089481,-6.64146816409379,"TGFBR3"
"M86933_s_at",-0.0454076324209023,7.64274212292147,-0.165456265347888,0.869039338817001,0.936175814089481,-6.64148926102312,"AMELY"
"L35546_at",0.0244552215567637,6.98310080724541,0.165415109448611,0.869071614201737,0.936175814089481,-6.64149604768224,"GCLM"
"X00948_at",-0.0185266875134964,6.55898941402397,-0.164990073542003,0.869404949961453,0.936393396022843,-6.6415660379539,"RLN2"
"X01630_at",0.037048364476429,7.56877024042249,0.164593667170943,0.869715854264753,0.93651803035205,-6.64163115166163,"ASS1"
"M91083_at",-0.0370664713870088,8.79977642838612,-0.164507545449158,0.86978340285607,0.93651803035205,-6.64164527731957,"RASSF7"
"U05291_at",-0.016256510893319,8.90714241116097,-0.164189278725401,0.87003304014432,0.936553264078422,-6.64169741523215,"FMOD"
"HG3565-HT3768_r_at",-0.059563048844705,8.73580983835181,-0.164130850640546,0.870078870527618,0.936553264078422,-6.64170697586039,NA
"X94333_at",-0.0230951681411451,4.32197897013344,-0.163836083312501,0.870310089747479,0.936660723099302,-6.64175515699492,"TGOLN2"
"Z70276_s_at",-0.0176518104087986,6.5039847820744,-0.163458480123857,0.870606302991996,0.936838088155463,-6.64181675160687,"FGF12"
"L40157_at",0.0142483048117228,6.68186628758812,0.162680761443061,0.871216447726955,0.937338289727712,-6.64194316555622,"EEA1"
"M97796_s_at",-0.0525933357937607,10.0153082675005,-0.162385270874539,0.871448289886,0.937338289727712,-6.6419910380086,"ID2"
"U27333_s_at",0.0385723070980628,6.52899784093912,0.162363223092985,0.871465589046889,0.937338289727712,-6.64199460648488,"FUT6"
"X92518_s_at",-0.0148490726218089,9.74360431498602,-0.161387069679197,0.872231562658532,0.93802063813436,-6.64215211353195,"HMGA2"
"D45917_s_at",-0.0220188530090146,6.97216048088898,-0.160628364275552,0.872826992420735,0.938519401050893,-6.64227387876089,"TIMP3"
"HG3954-HT4224_s_at",0.0464328086563377,6.53580961647319,0.160389003523701,0.873014857306913,0.93855480900404,-6.64231217497644,NA
"L40027_at",-0.0166658372296435,9.8607770666177,-0.160250931286213,0.873123228126637,0.93855480900404,-6.642334239712,"GSK3A"
"M27288_at",-0.049316440577365,3.48057380216922,-0.159751926466157,0.873514909737746,0.938739587556467,-6.64241382521449,"OSM"
"X58234_at",0.0168956712639856,5.9044046273773,0.159696416611828,0.873558482795568,0.938739587556467,-6.64242266306447,"TIMM44"
"HG831-HT831_at",-0.0217215166839457,7.50751145047609,-0.159316729781269,0.873856532548481,0.938783740600499,-6.64248303157065,NA
"L32164_at",-0.0240266542387433,7.18020222586049,-0.159308566956352,0.873862940472003,0.938783740600499,-6.64248432784648,"ZKSCAN7"
"X94754_at",-0.013344281709438,9.40902760086874,-0.158672897685089,0.874361974999083,0.939004902151545,-6.64258506978986,"MARS1"
"U33448_s_at",-0.0199698165623015,2.74553912318571,-0.158557472618778,0.874452595354342,0.939004902151545,-6.64260331937133,"LTB4R"
"D78134_at",0.0290101683520181,10.7651495619998,0.158396492325949,0.874578983977501,0.939004902151545,-6.64262874941954,"CIRBP"
"HG4340-HT4610_at",-0.0185112366555664,5.72842839914429,-0.158375236399465,0.874595672645008,0.939004902151545,-6.64263210528784,NA
"M90820_at",-0.0176836582460131,5.69438577947639,-0.158185993403157,0.874744255524699,0.93902300822701,-6.64266196297717,"FKBP3"
"D87328_at",-0.0283429199745564,4.43108264663519,-0.157239479922665,0.875487471826497,0.939642619998802,-6.64281076310297,"HLCS"
"D86980_at",-0.0131823655873644,6.43430019110705,-0.157074730355866,0.875616847080217,0.939642619998802,-6.64283657197836,"TTC9"
"HG944-HT944_s_at",0.0192010530418858,3.22138895661838,0.156793766794331,0.875837491187437,0.939642619998802,-6.64288052400759,NA
"D31784_at",0.0117071363455068,6.89348439788058,0.156779524857968,0.875848675815968,0.939642619998802,-6.64288274982527,"CDH6"
"X90999_at",-0.0322180786469755,6.7513253894313,-0.156262798963615,0.876254493573136,0.939778310644572,-6.64296337028408,"HAGH"
"X52022_at",0.0272585429551651,6.96046143492605,0.156226067253327,0.876283342590134,0.939778310644572,-6.64296909110297,"COL6A3"
"L40403_at",-0.0212390823041231,5.91844063442343,-0.156013375208307,0.876450393823671,0.939778310644572,-6.64300219062671,"YLPM1"
"L16842_at",0.0358142124437659,9.70431866679858,0.155942890187717,0.876505754959851,0.939778310644572,-6.64301314969275,"UQCRC1"
"U87460_at",0.0148628988507316,6.33663049205445,0.155779259855873,0.876634277708852,0.939778310644572,-6.64303857198422,"GPR37"
"J05401_at",0.0206104346604619,6.13929460164154,0.155370319003912,0.876955493071397,0.939855866676647,-6.64310199011976,"CKMT2"
"D82061_at",-0.0276988737220378,8.3080097983407,-0.155217857575563,0.877075253956567,0.939855866676647,-6.64312559105333,"HSD17B8"
"X53587_at",-0.0224216506750574,4.2591839896587,-0.155183644241492,0.877102129471136,0.939855866676647,-6.64313088407493,"ITGB4"
"X95715_at",-0.0242174156525286,6.52712464790324,-0.154091200474658,0.877960349931883,0.940634104999158,-6.64329927907339,"ABCC6"
"U40622_at",0.0150372030890242,6.70606902014338,0.153451254719447,0.878463157411727,0.9410227866406,-6.64339737146994,"XRCC4"
"X84213_s_at",-0.0351206301366052,8.95394440468544,-0.153293475778081,0.878587132540305,0.9410227866406,-6.64342149350754,"BAK1"
"D00408_at",0.013887183774286,6.53144248853871,0.152660115390289,0.879084827319246,0.941364643342098,-6.64351807524677,"CYP3A7"
"U31986_at",-0.0212136870433408,7.97883372031383,-0.152517305718761,0.879197053945332,0.941364643342098,-6.64353979722132,"ALX1"
"U79304_at",0.0109231855245735,6.11717497663289,0.152383191975012,0.879302449153462,0.941364643342098,-6.64356017800853,"FAM13C"
"HG3925-HT4195_at",-0.0253985396512606,6.71290202534847,-0.151634286870294,0.879891027036095,0.941770494655749,-6.64367365705705,NA
"X95240_s_at",0.0198020265581915,6.27334285362388,0.151564659538234,0.879945751844851,0.941770494655749,-6.64368417906272,"CRISP3"
"HG721-HT4827_s_at",-0.0234676100457101,7.83545086539705,-0.151271779240337,0.880175952597486,0.941875467737538,-6.64372838592663,NA
"HG3994-HT4264_at",-0.0155502142665433,8.95863212906954,-0.15102976396284,0.880366181792352,0.941937642202863,-6.64376485082864,NA
"X67235_s_at",0.034127585331202,8.48784312890198,0.15085149307757,0.880506311035887,0.941946202187101,-6.64379167392173,"HHEX"
"HG2415-HT2511_at",0.0236696932713958,8.23432380450839,0.150286190219405,0.880950690721966,0.942280191171328,-6.64387652145973,NA
"S71129_at",0.022957137345947,7.05428028818067,0.15004147476938,0.881143071293517,0.942344577745497,-6.64391315259845,"ACHE"
"X61755_rna1_s_at",0.0568579763039603,5.34563227428749,0.148615091533221,0.882264550108304,0.943330513002889,-6.64412547874811,"HOXC5"
"X94910_at",-0.0653874138580921,8.25707394444005,-0.148460657949802,0.882385986383373,0.943330513002889,-6.64414834555677,"ERP29"
"M13666_at",-0.0183218611495848,7.8748301852475,-0.14826560758141,0.882539365022058,0.943330513002889,-6.64417719249236,"MYB"
"HG896-HT896_at",-0.0213141684620437,5.32337950553209,-0.14814596630788,0.882633447641268,0.943330513002889,-6.64419486806059,NA
"M63573_at",0.11892137327755,7.43507567503762,0.148027524247741,0.882726588896377,0.943330513002889,-6.64421235241285,"PPIB"
"L44140_cds4_s_at",0.0459546673085711,5.69297726883931,0.147698052255341,0.88298568997309,0.943420333761072,-6.64426091537828,"DNASE1L1"
"U79301_at",0.0163646958849366,6.45896875633079,0.147584095144437,0.883075310308266,0.943420333761072,-6.64427768706817,NA
"X82209_at",0.0390309252250836,5.93031721858646,0.146888766087313,0.883622177360379,0.943863125921808,-6.64437974213547,"MN1"
"U23070_at",-0.017927773377207,6.06210767961209,-0.146186157350797,0.884174827275954,0.944256195017,-6.64448237639607,"BAMBI"
"M94046_at",0.0171084078734136,12.0250315189682,0.146084153685087,0.884255064936666,0.944256195017,-6.64449723579836,"MAZ"
"D83174_s_at",-0.0172310040448131,9.13463529625,-0.145596391014956,0.884638763329149,0.944524448670586,-6.64456814741695,"SERPINH1"
"HG2686-HT2782_at",0.0199454801004153,5.8756059548767,0.14542162741315,0.884776247800308,0.944529779959328,-6.64459349711686,NA
"X01388_at",0.0217136611703115,9.54465612470876,0.145146214486261,0.884992919097296,0.944590085985056,-6.64463338437815,"APOC3"
"HG1098-HT1098_at",-0.0133332277238658,5.53722364726445,-0.145012982164974,0.885097738024993,0.944590085985056,-6.64465265291069,NA
"Y11215_at",0.0297527398879325,8.20224715108316,0.144771928035691,0.88528738967843,0.944651070351374,-6.64468747007318,"SKAP1"
"U14528_at",0.0155341896836703,6.61441573637052,0.144523450973686,0.885482888415127,0.944659796325184,-6.64472329879025,"SLC26A2"
"M38258_at",-0.0344057522210104,8.05796751273497,-0.144424700360871,0.885560586174948,0.944659796325184,-6.64473752088208,"RARG"
"HG3492-HT3686_at",0.0175762189887614,10.7316587073714,0.144095039466531,0.885819974089751,0.944686239321396,-6.64478492838657,NA
"Y12856_at",0.0247406160637169,7.95132230160545,0.144020994131306,0.885878237086243,0.944686239321396,-6.64479556172437,"PRKAA1"
"D21267_at",0.0153672670905154,6.62359235762211,0.143887963848749,0.885982914308157,0.944686239321396,-6.64481465191875,"SNAP25"
"X81892_at",-0.0136294245611017,7.10845704215819,-0.143512026988379,0.88627873782122,0.944755686407761,-6.64486850452902,"ADGRG2"
"L39833_at",0.0145031764289447,6.42260558624013,0.143468370914293,0.886313091695204,0.944755686407761,-6.64487474909664,"KCNAB1"
"L76927_rna1_at",-0.0392823528718003,6.2173910877944,-0.142722297630882,0.886900225950581,0.945132290033192,-6.64498117395898,"GALK1"
"U38480_at",0.0278257413323786,7.34537719800858,0.142682496265361,0.886931550052188,0.945132290033192,-6.64498683590924,"RXRG"
"L40379_at",0.0271100853734056,5.88409663371517,0.142351256292901,0.887192246451608,0.945268797631671,-6.64503389528509,"TRIP10"
"HG4185-HT4455_at",-0.0152449350122934,7.48119921001851,-0.141760300827994,0.88765737812609,0.945583467112343,-6.64511758104687,NA
"X07618_s_at",0.0369135206537683,7.44614335277917,0.141538010393187,0.887832349630913,0.945583467112343,-6.64514896975013,"CYP2D6"
"U39231_at",0.012765333196243,6.22444877378738,0.141470487668487,0.887885499908826,0.945583467112343,-6.64515849460343,"GIPR"
"U06632_at",-0.0188807254736316,6.74740406307915,-0.14123100175026,0.888074014563187,0.945642964872436,-6.64519224020693,"COIL"
"U28368_at",0.0240531747079853,6.3545357809137,0.1402183952587,0.888871173064407,0.946350446949844,-6.64533429346851,"ID4"
"U43030_at",-0.0335613717815662,8.75633236201913,-0.139613395278948,0.889347504553911,0.946545244917312,-6.64541867821608,"CTF1"
"M55267_at",0.0265759962628254,7.34029447411315,0.139546797901268,0.889399940815376,0.946545244917312,-6.64542794486539,"EVI2A"
"U44839_at",-0.0130867616814587,11.9090926370247,-0.139480094345035,0.889452461172825,0.946545244917312,-6.64543722185928,"USP11"
"X78136_at",0.0184380516643561,12.6933362264507,0.139235973879596,0.889644678445012,0.946608494423059,-6.64547113583278,"PCBP2"
"HG3597-HT3800_f_at",-0.0242178120698213,12.3562065787735,-0.138248519096937,0.890422254905051,0.947294471753188,-6.64560771027738,NA
"L26953_at",0.0125129538928421,6.59806935523197,0.137670759244229,0.890877264871466,0.947504110290245,-6.64568716948227,"CSNK1A1"
"X98176_at",0.024244091115099,7.17107119016277,0.137660779930357,0.890885124319752,0.947504110290245,-6.6456885390135,"CASP8"
"U13369_at",0.0241564254362627,5.38736257226185,0.137162973413408,0.891277197666448,0.947582740745724,-6.6457567305631,NA
"Z79693_s_at",0.0142301785854615,6.8300902439415,0.13706191179672,0.891356797301376,0.947582740745724,-6.64577054424065,"PTPRR"
"U46116_at",0.0110734041328087,6.41171835704021,0.137060620369084,0.891357814481811,0.947582740745724,-6.64577072069448,"PTPRG"
"U18088_s_at",0.0173221189947101,5.44138016524217,0.136818343629725,0.891548644628466,0.947627273015491,-6.6458037947073,"PDE4A"
"M94151_at",-0.0121556033423671,6.10410688610219,-0.136669917955641,0.891665555812584,0.947627273015491,-6.6458240279055,"CTNNA2"
"X82206_s_at",0.0162726054164448,8.46214487341286,0.136280207092689,0.891972532726146,0.947740732340554,-6.64587704831353,"ACTR1A"
"M64788_at",-0.0365723413037098,3.03818939010074,-0.136053087267797,0.892151443606689,0.947740732340554,-6.64590787831504,"RAP1GAP"
"HG2600-HT2696_at",0.0153196896956938,3.76329163739137,0.13602808437469,0.892171139674212,0.947740732340554,-6.64591126915054,NA
"X59842_rna1_s_at",-0.0526303153391634,7.34373448342463,-0.135449180105964,0.892627191358945,0.948083916447842,-6.64598960466077,"PBX2"
"X57809_at",0.0320155912328683,6.20318302982113,0.1348839667384,0.893072492531763,0.948415581596744,-6.64606576539381,"IGLV@"
"L08424_at",0.0205611622287662,6.17168010505909,0.134617947308267,0.89328208682959,0.948496871761714,-6.64610150051653,"ASCL1"
"U28413_at",0.0201826234093714,6.46127025927845,0.134204201276926,0.893608088686978,0.948701722151819,-6.64615694004188,"ERCC8"
"AF000545_at",0.0329785669706748,5.52052817182544,0.133700861832134,0.894004708381836,0.948868473080029,-6.64622415458339,"P2RY10"
"X12458_rna1_at",-0.0498466210598911,5.97634127322774,-0.133406296515806,0.894236831505871,0.948868473080029,-6.64626337291652,"SLC10A3"
"HG3412-HT3593_s_at",-0.0247099748783297,7.10147726352882,-0.133331311188508,0.894295922860145,0.948868473080029,-6.64627334263359,NA
"U47621_at",0.0492760519316491,6.88499934044302,0.133329239874755,0.89429755514444,0.948868473080029,-6.64627361794678,"P3H4"
"AC000115_cds1_at",0.0249646136902717,5.76955300416562,0.132857988755858,0.894668933148805,0.949121253633606,-6.64633614419065,"VGLL1"
"X67081_at",0.0138692413134276,6.33033517643424,0.132447741182053,0.894992255389611,0.949322985965264,-6.64639039623222,"H4C2"
"U49928_at",-0.0224493444805223,6.0302687848987,-0.131745804301265,0.895545503591811,0.949461048932696,-6.64648283296422,"TAB1"
"U16129_at",-0.0128902160652364,6.64951644992917,-0.131736997938299,0.89555244486556,0.949461048932696,-6.64648398953905,"GRIA4"
"M37825_at",-0.0132634584293907,6.19476607428747,-0.13168598749344,0.895592652029035,0.949461048932696,-6.64649068742439,"FGF5"
"U00944_at",0.0146840594171715,6.92886516959894,0.131510994053979,0.89573058644454,0.949461048932696,-6.64651364509284,"ALG13"
"M26602_at",0.105091036226137,7.71285591855087,0.131437735794689,0.895788331480056,0.949461048932696,-6.64652324689995,"DEFA1"
"HG4108-HT4378_at",-0.0139452832765166,8.27502171857527,-0.131144771108523,0.896019263374336,0.949515034467059,-6.64656159171589,NA
"U79258_at",-0.0173207689415573,6.78907320648277,-0.131035187086914,0.896105646218876,0.949515034467059,-6.64657591269249,"MRPS21"
"L13943_at",0.0139246030954636,6.62821606423917,0.130401292103883,0.896605357311993,0.949903342588378,-6.64665851838861,"GK"
"M82919_at",-0.0122709854262544,6.53869095065469,-0.130099170542922,0.89684354004682,0.950014501782137,-6.64669774831088,"GABRB3"
"U60519_at",-0.0211773469351222,7.36428640062489,-0.129757682016386,0.897112769827958,0.950158510786438,-6.64674198045807,"CASP10"
"HG2492-HT2588_at",0.0300097271916551,4.3371198722433,0.129486772794591,0.897326363439712,0.950243559857651,-6.64677698798837,NA
"L13210_at",0.075732471200217,8.12117400610381,0.128784429418277,0.897880149045114,0.950382540632467,-6.6468674058933,"LGALS3BP"
"X81836_s_at",0.0260464039062249,6.12884774047759,0.1287772517056,0.897885808809929,0.950382540632467,-6.64686832739647,"CLCN5"
"M64347_at",-0.0173963806333228,7.2454299138359,-0.128722046049737,0.897929339710979,0.950382540632467,-6.6468754132013,"FGFR3"
"Y00757_at",-0.0157080651296191,5.70647782411702,-0.128644035429629,0.897990853373586,0.950382540632467,-6.64688542091117,"SCG5"
"U27768_at",0.025865841552875,5.83454748887923,0.128437477154642,0.898153733653599,0.950413829184579,-6.64691189026446,"RGS4"
"Z83799_at",-0.0164648007477188,4.58953031093782,-0.128268189394183,0.898287227759977,0.950414017022986,-6.64693355189734,NA
"U62325_at",0.0143315859125579,6.65440693049665,0.127841944070951,0.898623362158123,0.95062857231418,-6.64698796669563,"APBB2"
"U82668_rna1_at",0.0113340491592,6.06517091402816,0.127668151146379,0.898760419502945,0.950632497127077,-6.64701010127384,"SHOX"
"X52001_at",-0.0130512074310278,6.29489715161429,-0.127063276195106,0.899237462663834,0.950807826409631,-6.64708690456325,"EDN3"
"D21241_xpt1_s_at",-0.0172720967832802,7.09595103662713,-0.127020911538155,0.899270875542365,0.950807826409631,-6.64709227010427,"CYP19A1"
"M30257_s_at",0.0127359458643328,7.15863510705071,0.12691029637331,0.899358118251654,0.950807826409631,-6.64710627123314,"VCAM1"
"D50924_at",0.0112254971899945,7.36444649598635,0.126781541826763,0.899459669141051,0.950807826409631,-6.64712255300086,"DHX34"
"U07620_at",0.0304122184728879,6.59696927089421,0.126488584060628,0.899690736145041,0.950885537500943,-6.64715953767429,"MAPK10"
"HG4333-HT4603_at",0.035253389825268,7.20590055740651,0.126350122703548,0.899799948938331,0.950885537500943,-6.64717698806997,NA
"U32331_at",-0.013106413081247,6.75979421853627,-0.126049057784342,0.900037423612216,0.950995522888912,-6.64721486559222,"DKK3"
"U13022_at",0.017915598981288,8.24977632107502,0.125541102161537,0.90043811069943,0.951277903256703,-6.6472785676561,"CASP2"
"U54617_at",-0.0118015845963031,6.89500063480927,-0.125347431949807,0.900590889044492,0.951298332789774,-6.64730278788543,"PDK4"
"L47345_at",-0.0262984674857698,8.14103593692161,-0.124907795614331,0.900937713737546,0.95147482975333,-6.64735762970095,"ELOA"
"HG2149-HT2219_at",0.0182790891013553,7.987217492716,0.124658902318915,0.90113407172144,0.95147482975333,-6.64738859215918,NA
"HG919-HT919_at",-0.0310562933204839,8.46919363813712,-0.124628098143533,0.9011583743154,0.95147482975333,-6.64739241992212,NA
"U62317_rna7_at",0.058750833833713,6.04159289693488,0.124398419880182,0.9013395792746,0.951525227402432,-6.64742093020322,"LMF2"
"AF006041_at",-0.0331002408354877,9.29067694024086,-0.124088665080938,0.901583969026852,0.951642303108147,-6.64745929724151,"DAXX"
"M86757_s_at",0.0161914954765336,3.7580655215214,0.123771112796998,0.901834520705698,0.951765847240699,-6.64749853084286,"S100A7"
"L35545_at",0.016081962087954,6.33862488189925,0.123232868466585,0.902259223223465,0.952025391263373,-6.64756480144715,"PROCR"
"D21089_at",-0.0122445573292858,9.28863517747252,-0.123120953051914,0.902347533842981,0.952025391263373,-6.64757854462629,"XPC"
"S69232_at",-0.0158161148960794,6.12274114409159,-0.122929100005957,0.902498924805562,0.952044219434574,-6.64760207508437,"ETFDH"
"L36818_at",-0.0244860914376712,8.98328981402714,-0.122470921851603,0.902860487156686,0.952284718588551,-6.64765812147833,"INPPL1"
"X78712_at",-0.0150611330385102,5.31317917987675,-0.121739671267205,0.903437581851315,0.952752443937578,-6.647747137934,"GK2"
"M18185_at",0.0198856159063201,5.8434575114306,0.121529000814484,0.903603850265207,0.952786843446333,-6.6477726843557,"GIP"
"U43843_at",0.0234889905971079,6.1304879762516,0.121358124927292,0.903738714599438,0.952788124279709,-6.64779337270406,"DPF1"
"U73304_rna1_at",0.0117465618342987,6.24559362375684,0.121109080746473,0.90393527858109,0.952854443442938,-6.64782347296458,"CNR1"
"U43148_at",0.0162932008516066,9.57902083401028,0.120650396980925,0.904297321253871,0.953095151274223,-6.64787874917237,"PTCH1"
"X69654_at",0.0223525903584338,12.9506821104907,0.120425498862898,0.90447484251537,0.953135165218457,-6.6479057751535,"RPS26"
"D31888_at",0.0212335620435145,8.11386696471634,0.120263544011055,0.904602683106758,0.953135165218457,-6.64792520603134,"RCOR1"
"X56681_s_at",-0.0249699492314015,13.3239704196504,-0.119317158676588,0.905349771653412,0.953781368718365,-6.64803822797525,"JUND"
"U14968_at",0.0142509742608414,13.826921695311,0.118989489775022,0.905608457586082,0.953786927015001,-6.64807715177558,"RPL27A"
"HG4144-HT4414_at",-0.0125864635432578,5.87969176609597,-0.118941374102418,0.905646444498534,0.953786927015001,-6.64808285842854,NA
"L27586_at",0.0129932867600333,7.11838158498667,0.118779253242441,0.905774439153682,0.953786927015001,-6.64810206943145,"NR2C2"
"X14675_at",0.0248323298874276,8.68952091964882,0.118328319287343,0.906130465293872,0.953786927015001,-6.6481553664691,"BCR"
"U69961_at",-0.0119502623029719,5.8242774214532,-0.11803514548246,0.906361945305466,0.953786927015001,-6.64818990872906,"PITX2"
"HG2987-HT3136_s_at",-0.019066795092427,7.33149887714263,-0.117940831966055,0.906436413759862,0.953786927015001,-6.64820100270559,NA
"U48408_at",0.0159093840837023,9.60463467621815,0.117855916883942,0.906503462078006,0.953786927015001,-6.64821098357299,"AQP6"
"L36922_at",0.0147831295695049,9.38476151035948,0.117627585467502,0.906683754239812,0.953786927015001,-6.64823778587014,"GZMM"
"S73591_at",0.028648932595571,12.1342500687231,0.117482919712391,0.906797985921681,0.953786927015001,-6.64825474032761,"TXNIP"
"X98482_at",0.0114899450343318,6.54497755545428,0.117464890249698,0.906812222572223,0.953786927015001,-6.64825685187302,NA
"M11718_at",0.0220017275187052,7.1365425599253,0.117348812919715,0.906903881741344,0.953786927015001,-6.64827043867298,"COL5A2"
"M14764_at",0.0121596481166044,8.20575384547328,0.117277081398012,0.906960524370135,0.953786927015001,-6.64827882810291,"NGFR"
"HG3344-HT3521_at",-0.0272331810144939,7.68852735605889,-0.116892921074953,0.907263883884264,0.95396522539984,-6.64832367067916,NA
"M76446_at",0.0150543473382543,5.15876484206283,0.11626684471788,0.907758306564847,0.954344339699276,-6.64839643666363,"ADRA1D"
"M76766_at",-0.0169694532136671,8.50701469017609,-0.115761981311232,0.908157031981898,0.954622748599078,-6.64845483011185,"GTF2B"
"M24766_s_at",-0.0240596841506022,4.18662649808173,-0.115527067176282,0.908342567916933,0.954677011157278,-6.64848191412522,"COL4A2"
"J03278_at",0.0180086519092999,8.76476799306507,0.115186545145989,0.908611522362419,0.954818918473126,-6.64852107637498,"PDGFRB"
"U90065_s_at",0.0249453645665856,5.64575316069041,0.114829929569527,0.908893199430748,0.954974151620015,-6.64856196560514,"KCNK1"
"HG2416-HT2512_at",0.0133835766022585,6.21866448440058,0.113805429439906,0.90970247798957,0.955598938976477,-6.6486787288204,NA
"U14973_at",-0.0123734263588329,14.4285328209779,-0.113583426284733,0.909877856531283,0.955598938976477,-6.64870389282814,"RPS29"
"M94893_at",-0.0305613598559704,4.86454083793851,-0.113552951330215,0.90990193155304,0.955598938976477,-6.64870734332328,"TSPY1"
"M18000_at",-0.011933851173147,14.258757016191,-0.11339841683653,0.910024014126988,0.955598938976477,-6.64872482608443,"RPS17"
"L25286_s_at",0.00936483570394664,6.52840615775382,0.113165967279893,0.910207653846517,0.955651010938412,-6.64875107868985,"COL15A1"
"L11329_at",0.0635174259265794,5.12923046609728,0.112851448571627,0.91045613760092,0.955771139001172,-6.64878651437295,"DUSP2"
"X90824_s_at",-0.0290339386639182,9.53069028772089,-0.111885107456195,0.911219645832603,0.956425797300193,-6.64889477174134,"USF2"
"M26062_at",-0.0322517696098279,5.35978002541856,-0.111722567790123,0.911348077017844,0.956425797300193,-6.64891288931842,"IL2RB"
"HG4245-HT4515_at",-0.00935159209113223,6.1827210994629,-0.111547201086085,0.911486646174716,0.956430423988747,-6.64893240713969,NA
"Y10209_at",-0.0343454011275774,7.38663326464144,-0.110914165335653,0.9119868735897,0.956745409235209,-6.6490026072271,NA
"M55047_at",0.0148673883537151,7.86867912099439,0.110545037528533,0.912278576320982,0.956745409235209,-6.64904335707373,"SYT1"
"U43527_at",0.013628240860907,8.96083754651422,0.110465008290526,0.912341820906531,0.956745409235209,-6.64905217398517,"KISS1"
"J04982_at",0.0102898345027755,6.368804884908,0.110350004311408,0.912432705920213,0.956745409235209,-6.64906483292616,"SLC25A4"
"U86214_at",-0.0172254119852298,6.69459028184952,-0.110228778737224,0.91252850898359,0.956745409235209,-6.64907816243215,"CASP10"
"D63135_at",0.0153579178085526,7.6658060417789,0.110084436817972,0.912642582298895,0.956745409235209,-6.64909401462213,"TTYH2"
"HG2171-HT2241_at",0.0121273157641784,2.85424158334725,0.109978553598817,0.912726262899236,0.956745409235209,-6.64910562992549,NA
"L38941_at",-0.0116085222623443,13.9701748838883,-0.10971594129601,0.912933812371256,0.956822279975696,-6.64913439005882,"RPL34"
"M93107_at",-0.0172207379126057,9.00185056920447,-0.108827838879363,0.913635748098894,0.957417205379541,-6.6492311418272,"BDH1"
"S81003_at",0.0186381613277664,9.56329347176924,0.108186886619203,0.914142384776659,0.9578073282,-6.64930048014429,"UBE2L3"
"D49824_s_at",-0.0208831830127512,14.5080419937355,-0.107420683766487,0.914748071700506,0.958301102594108,-6.64938283080611,"HLA-B"
"M93718_at",-0.0170011931254006,9.98571196360128,-0.10713783890299,0.914971674669577,0.95839451494555,-6.64941308280447,"NOS3"
"U17894_at",-0.0112467955269988,9.88745417644252,-0.106911194053199,0.915150853682203,0.958436523588851,-6.64943726632116,"FUT2"
"U62015_at",-0.00955341577998325,6.12908296740825,-0.106744764568995,0.915282430931047,0.958436523588851,-6.64945499212173,"CCN1"
"M10277_s_at",-0.0127102413273033,14.0584383233872,-0.10637213716806,0.915577034481526,0.958436523588851,-6.64949457921449,"ACTB"
"HG4417-HT4687_f_at",-0.0147420122035804,6.39243812679443,-0.106262318860839,0.915663860370231,0.958436523588851,-6.64950621966053,NA
"U70451_at",-0.0185952704155294,9.80411866749964,-0.106236859328342,0.91568398964282,0.958436523588851,-6.64950891658636,"MYD88"
"X80818_at",0.010701058610799,11.2895094712646,0.10604195843099,0.915838087515858,0.958457094230851,-6.6495295410167,"GRM4"
"M76180_at",-0.0149545510152747,5.9918053158329,-0.105727470205221,0.916086743593666,0.958576602829773,-6.64956274035614,"DDC"
"U96781_cds1_at",-0.0204394792152813,7.63469540298849,-0.104862408680944,0.916770764037986,0.959151566895627,-6.64965355314762,"ATP2A1"
"U47105_at",-0.0181919887053894,8.28113613002205,-0.10434339936867,0.917181184695421,0.959370643623268,-6.64970767994055,"NSDHL"
"M85289_at",-0.0364477066651947,5.72760378176324,-0.104186421035536,0.917305324002034,0.959370643623268,-6.64972399812038,"HSPG2"
"Z84497_s_at",-0.0156138782767528,9.86517574120208,-0.104043583775743,0.91741828226015,0.959370643623268,-6.6497388249685,"BRD2"
"X89211_at",-0.00931119601478603,7.93340069639673,-0.103893664462086,0.917536842962945,0.959370643623268,-6.64975436507822,NA
"M34338_s_at",0.0188859359347191,9.75866055659011,0.10364558022623,0.917733039548651,0.959370643623268,-6.64978003141281,"SRM"
"Z23091_rna1_at",0.00988352724045516,6.14163710069511,0.103469696224129,0.917872139919729,0.959370643623268,-6.64979819088356,"GP5"
"D84110_at",-0.0142881247729463,8.05355259892091,-0.10331416568212,0.917995145604197,0.959370643623268,-6.6498142232359,"RBPMS"
"Y08319_at",-0.00864849673538526,6.73837964368695,-0.103236280043006,0.918056744395839,0.959370643623268,-6.64982224275988,"KIF2A"
"U56816_at",0.0388315236778745,8.94984471007287,0.102401713820143,0.918716823961509,0.95958001589127,-6.64990779468604,"PKMYT1"
"D42072_at",0.00829133860295173,6.35901283232539,0.102391154979323,0.918725175583396,0.95958001589127,-6.64990887263258,"NF1"
"M31525_at",0.0104108653841966,10.0194269290181,0.102290194961671,0.918805031391905,0.95958001589127,-6.64991917397706,"HLA-DOA"
"U23850_s_at",0.0126372913924753,7.40547702830535,0.102106608067662,0.918950244282781,0.95958001589127,-6.6499378800304,"ITPR1"
"U49065_at",0.00963874918889829,6.81714530089082,0.101956705651561,0.919068815594512,0.95958001589127,-6.64995312898837,"IL1RL2"
"M61906_at",-0.0202264931030687,7.84985643608861,-0.101819906537936,0.919177023927936,0.95958001589127,-6.64996702545523,"PIK3R1"
"U00943_at",-0.00975935002541384,8.39294263734858,-0.101791723856195,0.919199316667342,0.95958001589127,-6.64996988601993,NA
"J04080_at",-0.0120634747519945,6.74278838588274,-0.101425903604152,0.919488689452413,0.95972581241108,-6.65000694523684,"C1S"
"Y13115_at",-0.012135225369585,8.10235690628779,-0.101274794804214,0.919608223394597,0.95972581241108,-6.65002221430149,"PLK4"
"L39211_at",-0.0136497194271721,6.56452462462815,-0.100921019250008,0.919888083215138,0.959786798767997,-6.65005787318319,"CPT1A"
"X07696_at",-0.0100840723741928,5.58545799484264,-0.100669277182715,0.920087233979967,0.959786798767997,-6.65008317161049,"KRT15"
"S82297_at",-0.0174676924051411,13.5333388132637,-0.100571346741839,0.920164707206744,0.959786798767997,-6.650092995912,"B2M"
"U92027_at",-0.0116693695333616,7.9637893852551,-0.100520179949453,0.920205185801552,0.959786798767997,-6.65009812512072,"SLC39A9"
"L00190_s_at",0.0129904142446904,6.96491160444379,0.100112457626903,0.920527746807279,0.959911040508922,-6.65013890395028,"SERPINC1"
"L33799_at",0.0235086707204033,6.69624143515174,0.100029218507899,0.920593601340931,0.959911040508922,-6.65014720884225,"PCOLCE"
"X76105_at",0.0368455371617902,6.34648701462834,0.0996999918387724,0.920854074084354,0.960042219091454,-6.65017998860612,"DAP"
"U92014_at",0.0167616022921404,8.40964795759784,0.0991334459808361,0.92130232582399,0.960220071985949,-6.65023614435894,"THAP9-AS1"
"X61070_at",0.0136873291112218,5.32364452008299,0.0989815657690347,0.921422497966608,0.960220071985949,-6.65025114427299,NA
"U37673_at",-0.0251419534969504,4.60888954388782,-0.0989736723733288,0.921428743506225,0.960220071985949,-6.65025192320788,"AP3B2"
"D17716_at",-0.020325939032773,8.65077049291583,-0.0983200306942905,0.921945945520241,0.9606186269532,-6.65031621027907,"MGAT5"
"U09284_at",0.014896474734714,7.22331629215218,0.0979790054579307,0.922215799317794,0.960759379414957,-6.6503495817964,"LIMS1"
"D42047_at",0.0110666236940435,7.87907504202101,0.0976951568112734,0.922440416161346,0.960852970019614,-6.65037726981937,"GPD1L"
"M94880_f_at",0.0206945011000599,13.0292341167847,0.0973497503016661,0.922713753861813,0.960997275570615,-6.65041085418409,"HLA-A"
"L20814_at",0.0092580857147162,6.825733775565,0.0970718638138315,0.922933666305662,0.961085905213711,-6.65043778716005,"GRIA2"
"HG2809-HT2920_s_at",-0.00999686699826619,8.98745162260559,-0.0968788306726954,0.923086431464518,0.961104596160442,-6.65045645077908,NA
"D87673_at",0.0180639828840192,9.32018959995795,0.096657643149249,0.923261481375723,0.961146480830539,-6.65047779087342,"HSF4"
"L11353_at",0.0217310599670792,6.24115162601904,0.0959157496247679,0.92384865061973,0.961441011206908,-6.65054901240438,"NF2"
"U83115_at",0.0176512447795449,8.82342007130163,0.0956850029232847,0.924031283003532,0.961441011206908,-6.65057105215706,"CRYBG1"
"HG3790-HT4060_at",-0.0110108849948078,5.60433468168737,-0.095617475784603,0.924084730444791,0.961441011206908,-6.65057749196805,NA
"M33653_at",-0.0102567189021272,5.30707991909211,-0.0952993674560744,0.924336516525937,0.961441011206908,-6.65060776763241,"COL13A1"
"U49837_at",-0.0160522115645438,8.67447981697369,-0.0952935507184002,0.924341120606963,0.961441011206908,-6.65060832029596,"CSRP3"
"U48807_at",0.0158435363976599,7.0920983718768,0.0952778063296317,0.924353582664069,0.961441011206908,-6.65060981604257,"DUSP4"
"U39573_at",-0.0212070733262051,7.47222750831098,-0.0945483903302504,0.92493095344669,0.961901205998753,-6.65067884104836,"LPO"
"U47050_at",-0.0173589462648307,6.72082722574781,-0.0942551244635312,0.925163100058022,0.961990969044474,-6.65070644347064,"TRPC3"
"HG4011-HT4804_s_at",0.0173014650621877,9.54317794143641,0.0939819996328593,0.925379309056502,0.961990969044474,-6.65073207310363,NA
"X96719_at",0.0462611755033002,8.14931797336754,0.0938829785765136,0.925457696741174,0.961990969044474,-6.6507413467283,"CLEC2B"
"HG2797-HT2906_s_at",-0.0337563159918419,6.93340609765911,-0.0937575017541575,0.925557028570072,0.961990969044474,-6.65075308397703,NA
"U27699_at",-0.019074103018089,4.70921204687439,-0.0935002815769335,0.925760656734249,0.962016542018931,-6.65077709559288,"SLC6A12"
"U51334_at",0.0086983241342562,9.82728474762369,0.0933855048828844,0.925851521222034,0.962016542018931,-6.65078778876773,"TAF15"
"U50361_s_at",0.00956862131349645,6.36856890986183,0.0932107479523091,0.92598987175251,0.962020080985666,-6.6508040447858,"CAMK2D"
"D85131_s_at",0.0311893651305919,8.02044256341989,0.0921429603358501,0.9268352609775,0.962758061417543,-6.65090270991714,"MAZ"
"U03397_s_at",0.0108675390337938,7.34056905874772,0.0919450887931639,0.926991929199383,0.962780516209557,-6.65092086871852,"TNFRSF9"
"X04297_at",0.0130553162935483,6.51578825587154,0.0915978682026621,0.927266854095755,0.962925768805337,-6.6509526390495,"ATP1A1"
"M62303_at",0.0167620253153853,6.60506543350526,0.0909952087229134,0.927744053311874,0.963174768708183,-6.65100749646784,"RARB"
"D12686_at",0.0175707483182967,3.03443191870701,0.0909537954733634,0.927776846222344,0.963174768708183,-6.65101125283826,"EIF4G1"
"U71598_at",0.0172449928764946,7.20291491901175,0.0906331591882365,0.928030744971819,0.963298075262682,-6.65104027815248,"ZNF274"
"D63813_at",0.0131364130070351,7.3141919619885,0.0903966978994863,0.928217993779696,0.963352173191942,-6.65106161794441,"CLUL1"
"M28827_at",-0.0267662588279691,5.05490019993767,-0.0901361278450334,0.928424338518543,0.963426071222517,-6.65108506891778,"CD1C"
"L05512_at",-0.0154585433849004,7.61601694164711,-0.0893357287552645,0.929058203102612,0.963943520581941,-6.6511566805717,"HTN1"
"M81182_s_at",0.0102191159803038,6.50072794216401,0.0889476611117452,0.929365544270116,0.964122084560777,-6.65119117108982,"ABCD3"
"U76366_s_at",0.0172932818646725,9.27476983909762,0.0875214043597,0.930495200743094,0.965153540826061,-6.65131664362261,"TCOF1"
"HG3437-HT3628_s_at",-0.015106587574591,8.1014023613001,-0.0870709873450266,0.930851980127295,0.965383149014764,-6.65135584699788,NA
"X80754_at",-0.00630293222205047,10.1413440461287,-0.0863745153479763,0.931403689776914,0.965814822461036,-6.65141606837182,"DRG2"
"U53174_at",-0.0220821078538895,5.90589539063235,-0.085783098253524,0.931872206703477,0.96616011657782,-6.65146682639884,"RAD9A"
"Y10262_s_at",-0.0143821418264185,7.17294766734126,-0.0855452966341277,0.932060598460528,0.966214920230494,-6.65148713730069,"EYA3"
"L15296_s_at",-0.0188522380808971,6.64707535238813,-0.0851222843745421,0.932395727818929,0.966421800468326,-6.65152312792497,"CNGB1"
"U76369_at",0.0199150965260815,6.43885984868349,0.0830391505195523,0.934046257517556,0.967991825823907,-6.65169776250467,"SLC7A2"
"D12620_s_at",0.0179310157201984,6.57956540917316,0.0827008189315115,0.93431435533348,0.968128930112265,-6.65172571738799,"CYP4F3"
"Z29083_at",0.0135037750899833,6.61903893120766,0.0823946684209191,0.934556959049401,0.968239581610693,-6.65175091494249,"TPBG"
"X89984_at",-0.00997264664757225,7.55861219085999,-0.0819233871170137,0.934930429942396,0.968284906902381,-6.6517895208784,"BCL7A"
"M36429_s_at",-0.0131225435819928,9.25055216986452,-0.0818447242688465,0.934992768413549,0.968284906902381,-6.65179594313813,"GNB2"
"M62782_s_at",0.0126197764768401,4.62605498939191,0.0817029762133186,0.93510510146575,0.968284906902381,-6.65180750028199,"IGFBP5"
"D16154_at",-0.0107770113198917,6.19265177509601,-0.0816538908602267,0.935144001125388,0.968284906902381,-6.65181149768905,"CYP11B1"
"HG3636-HT3846_at",0.00967383559139634,9.51541191585303,0.0812127710553897,0.935493591312659,0.968289573876081,-6.6518473137691,NA
"X56667_at",-0.0130508340283324,8.2914187561323,-0.0811416225997225,0.935549978096594,0.968289573876081,-6.65185307239775,"CALB2"
"M95585_s_at",0.0101253356321056,6.41111776764543,0.0811340488552728,0.935555980482319,0.968289573876081,-6.6518536851059,"HLF"
"U89336_cds7_at",0.0274753967173664,5.67189449139669,0.0804690138229594,0.936083052250651,0.968609521913075,-6.65190726280096,"PPT2"
"L04656_at",0.00920871978441618,7.04886638495266,0.0804011359063858,0.936136850326986,0.968609521913075,-6.65191270650168,"CA8"
"HG2815-HT4023_s_at",0.0091054572949858,13.2905522514757,0.0801527445554799,0.936333720673061,0.968672630195654,-6.65193258793539,NA
"K02765_at",-0.0235654858878522,6.15977687891176,-0.0799437146853696,0.936499396923212,0.968703453375737,-6.65194927118785,"C3"
"U15552_at",-0.0163569514973094,8.87021525069766,-0.0793405507842323,0.936977477955664,0.969057368394883,-6.65199716718857,"DNTTIP2"
"X81817_at",0.0120360331095544,10.877719245791,0.0780583590438929,0.937993848276556,0.969896979562937,-6.65209777845664,"BCAP31"
"U45974_at",0.00931474071036398,9.6824796416826,0.0778765460767495,0.938137976529726,0.969896979562937,-6.65211191231757,"INPP5E"
"U21551_at",-0.00957712239141006,7.41977037988715,-0.0775243611206391,0.938417169330282,0.969896979562937,-6.65213919689419,"BCAT1"
"L10343_at",-0.0124243440563339,7.20704454271698,-0.077481346907786,0.938451269154953,0.969896979562937,-6.65214252083073,"PI3"
"U77594_at",-0.0125388957845365,5.6984225571551,-0.0774582972099864,0.938469542015029,0.969896979562937,-6.65214430124421,"RARRES2"
"X99894_at",-0.0162596218153404,5.50026869947696,-0.0771805198541262,0.938689755167998,0.969902034191155,-6.65216571577593,"PDX1"
"M34309_at",0.00901342991238252,6.96633919651194,0.0771089007689319,0.938746533303264,0.969902034191155,-6.6521712245924,"ERBB3"
"U20362_at",0.00731208393905014,5.99584076765937,0.0764858905768433,0.939240456323139,0.97027173063725,-6.65221892975123,"IFT88"
"U82306_at",0.0159719155123499,6.46117235844537,0.0759645820869599,0.939653768485289,0.97046566107551,-6.65225855005542,NA
"M14565_at",-0.0152884665001141,7.24753009784685,-0.075905713035233,0.939700443036085,0.97046566107551,-6.65226300717591,"CYP11A1"
"D50931_at",0.0290580109567511,5.8263032176693,0.0753876254753539,0.940111219819779,0.970623323119679,-6.65230208386243,"DELE1"
"M12783_at",0.0116713170614533,4.92866644012875,0.0752868459394762,0.940191126919289,0.970623323119679,-6.65230965405754,"PDGFB"
"X05345_at",0.0186259619828251,6.38880072007437,0.0751980143069807,0.940261561153669,0.970623323119679,-6.6523163183735,"HARS1"
"U66406_at",-0.0115117464340084,8.51782207052364,-0.0748956007426194,0.94050134719106,0.970730288710738,-6.65233894703097,"EFNB3"
"Z72499_at",0.016987233865926,9.31824506703863,0.0744641038914221,0.940843493882804,0.970877766553679,-6.65237107673392,"USP7"
"U45880_at",0.0125660711096724,6.82693610857178,0.0743718998045737,0.940916606693697,0.970877766553679,-6.65237791827659,"HEPACAM"
"X69150_at",0.0070287492085157,14.4643783296488,0.0727821390426427,0.942177279630795,0.972037890953392,-6.65249454567077,"RPS18"
"M27436_s_at",0.00936159447099705,6.62562332346562,0.0718877941651509,0.942886556175237,0.972229979300426,-6.65255904883332,"F3"
"U18009_at",-0.0141469980557609,8.94129160332888,-0.0717388989564807,0.943004644744196,0.972229979300426,-6.65256971022848,"VAT1"
"X02875_s_at",-0.0158025360521874,7.77398700766647,-0.0717230425908133,0.943017220479637,0.972229979300426,-6.65257084429515,"OAS1"
"X00038_at",-0.0121725810493949,5.86750247149209,-0.0716817718476399,0.943049952508908,0.972229979300426,-6.65257379485393,"H4C14"
"D00003_s_at",0.0140948388642768,6.00572101237253,0.0716808751799486,0.943050663661551,0.972229979300426,-6.65257385894033,"CYP3A4"
"Z68129_cds1_at",0.0101512760718876,9.03742836794218,0.0715156220661667,0.943181727709601,0.972229979300426,-6.65258565617959,"IDH3G"
"X52008_at",-0.0222499910478406,6.40174773990006,-0.0710304571118097,0.943566526386847,0.972441024054775,-6.65262013427911,"GLRA2"
"X82018_at",-0.00525096222273813,6.29279257699115,-0.0709135137754924,0.943659279619993,0.972441024054775,-6.6526284097232,"ZBTB6"
"J04501_at",0.0236623255825323,7.74709552086772,0.0700156950730958,0.944371407525861,0.973009141631902,-6.65269148932886,"GYS1"
"M32886_at",0.0133379892368017,7.94598470308825,0.0698743104540256,0.944483554508734,0.973009141631902,-6.65270134959419,"SRI"
"X76059_at",0.0168674130350439,6.90231412564587,0.0695670625153115,0.944727268970112,0.973119592614929,-6.65272270857687,"RBMY1A1"
"U39196_at",-0.0060561216560826,6.53706536220298,-0.0685858816330873,0.945505594118161,0.973751415929962,-6.65279028725514,"KCNJ3"
"Z17240_at",-0.0120059005317028,8.0966031745689,-0.0684494311081745,0.945613838193733,0.973751415929962,-6.65279960924532,"HMGB2"
"U20582_at",0.00715979444706605,8.05008946220529,0.0678325052041292,0.946103248661876,0.974095835788852,-6.65284152454204,"ACTL8"
"X16901_at",-0.0046605610484205,6.41368871767378,-0.0675176700939675,0.94635301697333,0.974095835788852,-6.65286276889973,"GTF2F2"
"X86816_at",-0.00726533780557936,5.63450361541276,-0.0673695377318392,0.946470536764962,0.974095835788852,-6.65287273034893,"ESR1"
"M13934_cds1_at",0.0077628954470681,5.1336978577911,0.0673388791874416,0.946494859659052,0.974095835788852,-6.65287478931007,"RPS14"
"U78525_at",-0.0147331647350413,9.50415982759703,-0.0667596323588502,0.946954413495915,0.974428119776614,-6.65291351416076,"EIF3B"
"U71601_at",0.00675500278317642,7.29002061689915,0.065398521715457,0.948034340896461,0.975128655127417,-6.65300319306594,"ZKSCAN3"
"D84239_at",-0.0128361038111375,7.27525841029777,-0.0652315172839409,0.948166851689968,0.975128655127417,-6.65301406920023,"FCGBP"
"U18671_rna1_at",-0.0114762711541774,7.46185471701972,-0.0651504286402039,0.948231192549625,0.975128655127417,-6.65301934005563,"STAT2"
"X98085_at",-0.00905637210361654,10.187146819876,-0.0651063878882273,0.948266137412684,0.975128655127417,-6.65302220000826,"TNR"
"HG2197-HT2267_s_at",0.00795171189353994,8.08668577101049,0.0650396217265961,0.948319114321558,0.975128655127417,-6.65302653203338,NA
"U17566_at",-0.0255490216360155,5.0722896576002,-0.0644014683590837,0.948825481247303,0.975307806574696,-6.65306771344224,"SLC19A1"
"M24736_s_at",0.00623461663000136,6.83487916738596,0.0643317112128288,0.948880833975985,0.975307806574696,-6.65307219040468,"SELE"
"M87770_at",0.00725033141817377,7.62136904947985,0.0641785403195451,0.949002376913831,0.975307806574696,-6.65308200377873,"FGFR2"
"Z68280_cds2_s_at",-0.0115225003303578,10.0576830087088,-0.064055364293355,0.949100119444129,0.975307806574696,-6.65308987846928,"ADD1"
"M19989_cds1_at",-0.00772528745276091,5.44940131109355,-0.0639579970003027,0.949177382804775,0.975307806574696,-6.65309609249324,"PDGFA"
"S69189_at",-0.00560052897953511,7.23228478453784,-0.0629252749450924,0.949996903226938,0.976009212149422,-6.65316141950281,"ACOX1"
"M16594_at",-0.00713883572833129,5.56339659823676,-0.0618751741523696,0.950830269955685,0.976476744580609,-6.65322675555337,"GSTA2"
"L02950_at",0.0198456915632255,6.83035414705907,0.0618357143836209,0.950861586557166,0.976476744580609,-6.65322918926218,"CRYM"
"HG3999-HT4269_at",-0.0127520574287248,3.84929238273471,-0.0618340688187923,0.95086289253452,0.976476744580609,-6.65322929071983,NA
"U03634_at",0.012352274806581,7.69148951234926,0.0609600713252755,0.951556546218959,0.977048339045796,-6.65328279571388,"AKAP13"
"D12763_at",-0.0125237579340745,5.49784429653555,-0.0607483972651673,0.951724548341755,0.977080113065721,-6.65329563956693,"IL1RL1"
"X16396_at",0.0159866342544541,7.77645885219403,0.0603285300521074,0.952057796321969,0.977281501796878,-6.65332098387704,"MTHFD2"
"L28175_at",0.0209425224544395,6.64281075283126,0.0601141595627249,0.952227945162399,0.977315436375287,-6.65333385607754,"PTGER4"
"M96740_at",-0.00670484511143954,6.84591857223953,-0.0586463127067127,0.95339305493115,0.978272081886098,-6.65342076424945,"NHLH2"
"D28588_at",-0.00692219297441987,8.33347600274745,-0.058594123295166,0.953434482388078,0.978272081886098,-6.65342381473041,"SP2"
"J04617_s_at",0.00932915131408762,14.2554399167047,0.0580592427188785,0.953859072867457,0.978431562488479,-6.65345492206509,"EEF1A1"
"D38037_at",0.0196621465496056,6.72676844427955,0.0580525228019994,0.953864407251358,0.978431562488479,-6.65345531106456,"FKBP1B"
"J00219_s_at",-0.00467291865804143,6.2513835709472,-0.0575662801548084,0.954250400487674,0.978569456121889,-6.65348333896567,"IFNG"
"M19878_s_at",0.00888242810865414,6.31548461988184,0.057537344734216,0.954273370593263,0.978569456121889,-6.65348499942423,"CALB1"
"U29589_at",-0.00726701507689231,5.77789344686655,-0.0572638685895935,0.954490468914421,0.978651309203353,-6.65350065161998,"CHRM3"
"X97230_f_at",0.0088079855453751,5.97521456494883,0.0570158675075697,0.954687346903722,0.978712409559481,-6.65351478130003,"KIR2DL3"
"Z47087_at",0.00786467706242533,8.9938413243669,0.0566309782191784,0.954992900465107,0.978860594355187,-6.65353658865288,"SKP1"
"X56997_rna1_at",-0.00563518911628336,13.5547785466802,-0.0564878753376728,0.95510650783205,0.978860594355187,-6.65354465902005,"UBA52"
"U26403_at",0.00783187269285257,6.9846705302661,0.0557483602443279,0.955693613255956,0.979228510105656,-6.65358603900725,"EFNA5"
"X07948_at",0.0075586635178464,8.06418644800044,0.0555692974607829,0.955835775964818,0.979228510105656,-6.65359597657076,"TNP1"
"HG2915-HT3059_f_at",-0.0116503853243728,12.295866929416,-0.0555166546793654,0.955877570742777,0.979228510105656,-6.65359889204075,NA
"M97675_at",-0.00875898836174294,6.01229994117922,-0.0544754126683713,0.956704271173516,0.979934590401723,-6.65365599045052,"ROR1"
"HG2689-HT2785_at",0.00815917350446593,5.13174254317655,0.0541650357637306,0.956950706042183,0.980004908744853,-6.65367280140446,NA
"Z30425_at",-0.0115193787806369,8.32973503475232,-0.054042678291281,0.957047857298593,0.980004908744853,-6.65367940226067,"NR1I3"
"U18467_at",-0.00576244775439516,7.29586122184148,-0.0535898701256824,0.957407390499862,0.980222458547523,-6.65370370020942,"PSG7"
"X02158_rna1_at",-0.00675123552689527,5.80064830393015,-0.0534287708908426,0.957535306680454,0.980222458547523,-6.65371229558475,"EPO"
"X86779_at",0.00640747920891194,9.7913959870643,0.0532440850317938,0.957681952509534,0.980231821886643,-6.6537221175776,"FASTK"
"D43768_at",0.00566071922217404,5.49621570229927,0.052454725114461,0.958308743164093,0.980732562448581,-6.65376371414806,"XCL1"
"X67155_at",0.00738831829033693,7.52229319057272,0.0521361737812969,0.958561696085117,0.980774445268911,-6.65378032477523,"KIF23"
"X05608_at",-0.00394601877464851,6.67549562447189,-0.0520566820085191,0.958624818997584,0.980774445268911,-6.65378445404216,"NEFL"
"L00022_s_at",0.0132095691716714,4.92361786244342,0.0518543864689544,0.958785459250588,0.980798039747086,-6.65379493403627,"IGHE"
"L77561_at",0.0106280164245938,8.38974516691319,0.0513329382551178,0.959199542344544,0.981033120586704,-6.65382175971276,"DGCR11"
"U03100_at",-0.00764447553925685,7.71142370831882,-0.051218414689986,0.959290487250654,0.981033120586704,-6.65382761501875,"CTNNA1"
"X72755_at",-0.00591947890664635,8.01657909493461,-0.0501715471132705,0.960121845636419,0.98174248960729,-6.6538805326512,"CXCL9"
"X04706_s_at",-0.00480631999223124,5.61443010366043,-0.0495226417114305,0.960637189011256,0.981991278170958,-6.65391278530414,"HOXD4"
"L15189_s_at",0.00551949840504129,8.90631143850558,0.0495182873190314,0.960640647210585,0.981991278170958,-6.65391300031316,"HSPA9"
"Z47043_at",0.00537682208934953,5.73525734670665,0.0489202545419715,0.961115603874565,0.982187931614589,-6.65394235008592,"STARD9"
"U25771_at",-0.00794649361449284,7.47382440513661,-0.04882824653646,0.961188677738102,0.982187931614589,-6.65394683393009,"ARL4D"
"U29195_at",0.0155082963789006,6.4688572317069,0.048686486659063,0.961301265787175,0.982187931614589,-6.65395372582144,"NPTX2"
"X59405_at",-0.00767281971982303,7.67101287522715,-0.0482480395161477,0.961649492765139,0.982187931614589,-6.65397491483609,"CD46"
"X77922_s_at",0.00409595547027397,6.65448709033846,0.0479952075413673,0.961850302386168,0.982187931614589,-6.65398704641952,"ST8SIA1"
"X95404_at",0.00417155130975644,13.4773661695194,0.0479108635560385,0.961917292421008,0.982187931614589,-6.65399107930177,"CFL1"
"U18550_at",0.0136221142904498,5.53741839288767,0.0478817128339201,0.96194044538522,0.982187931614589,-6.65399247148541,"GPR3"
"HG880-HT880_s_at",-0.00813594942636708,4.57305344259835,-0.047661604526813,0.962115267488076,0.982187931614589,-6.65400295609293,NA
"U57450_at",-0.0123336783543841,8.08082103036975,-0.0475685752383188,0.96218915701627,0.982187931614589,-6.65400737291414,NA
"Z34897_at",-0.00659970412596422,7.46599824208547,-0.0474043250692975,0.962319615315237,0.982187931614589,-6.65401515007564,"HRH1"
"M74093_at",-0.0106238374441716,6.40750153971183,-0.0473679153101655,0.962348534482803,0.982187931614589,-6.65401687041687,"CCNE1"
"D38449_at",-0.00687784997207341,6.22966379028104,-0.0466453494991069,0.962922457001117,0.982633008296731,-6.65405073785966,"GPR176"
"D86961_at",-0.00794631409563795,5.86184878270599,-0.0460408743174777,0.963402597087536,0.982884528868134,-6.65407867036548,"LHFPL2"
"X13100_s_at",-0.00567035952655459,6.75517590688685,-0.0459879009591708,0.96344467495168,0.982884528868134,-6.65408110087634,"MYH3"
"Z71389_at",0.0149187437582796,5.69894790442907,0.0455598069293746,0.963784722938394,0.983090755448248,-6.6541006399152,"DEFB4A"
"D79984_s_at",0.0114077076472636,8.28712896818009,0.0451454748187606,0.964113845820412,0.983285780665768,-6.65411937682428,"SUPT6H"
"U25801_at",0.00804890324912222,6.71933650321254,0.0441979954047672,0.964866495265992,0.983754497342776,-6.65416158044853,"VAC14"
"D87461_at",0.00631267632366761,6.68585896034333,0.0441639818489087,0.964893515220491,0.983754497342776,-6.65416307887306,"BCL2L2"
"D38145_at",-0.00433041959042768,8.30270989386562,-0.0440457927114495,0.964987403551414,0.983754497342776,-6.65416827657925,"PTGIS"
"U90550_at",-0.0049750082626332,9.3760704281683,-0.0437442398004669,0.965226956567975,0.983858017353888,-6.65418147513154,"BTN2A2"
"S76992_at",0.0111340977008059,8.27017330569146,0.0432787493877384,0.965596747481391,0.983982146593184,-6.6542016709985,"VAV2"
"M94055_at",0.00483811063748529,6.54004366572257,0.043233799204682,0.965632456822543,0.983982146593184,-6.65420360977822,"SCN2A"
"M74161_at",-0.00466083185766841,6.62558015025917,-0.0430697127856289,0.965762811013116,0.983982146593184,-6.6542106700116,"INPP5B"
"U65918_f_at",-0.00489495567131204,6.60831439155767,-0.0428307351163118,0.965952662280148,0.984004596381075,-6.65422090460998,"DAZL"
"U43279_at",0.00422416121931946,6.76678792395916,0.0425504240369567,0.966175352598454,0.984004596381075,-6.6542328368093,NA
"X86400_at",0.00373513635764322,5.99339550972272,0.0425207457432357,0.966198930378388,0.984004596381075,-6.65423409555963,NA
"U76388_at",0.00798044910532525,9.09980654056722,0.0420393751517417,0.966581357162359,0.984253463106765,-6.65425438936765,"NR5A1"
"U67988_at",-0.00437701217303754,6.04469784440295,-0.0411892821644845,0.967256736024834,0.984499516087614,-6.65428966363929,"DLGAP1"
"M35531_at",0.0130166873348783,7.57075214887971,0.0409626265893457,0.967436812610424,0.984499516087614,-6.65429894695384,"FUT1"
"X58822_rna1_s_at",0.00622324065494873,5.60480873833823,0.0408178230322265,0.96755185911367,0.984499516087614,-6.6543048509738,"IFNW1"
"M24351_cds3_s_at",-0.00412819602260051,6.79858056400585,-0.0407430349234876,0.96761127857596,0.984499516087614,-6.65430789209328,"PTHLH"
"U66702_at",-0.00547803852603845,7.24595351725084,-0.040455982715627,0.967839344445562,0.984499516087614,-6.65431951275615,"PTPRN2"
"HG2663-HT2759_at",-0.00556203636621166,6.90507811719236,-0.0403180114392531,0.96794896497036,0.984499516087614,-6.65432506897802,NA
"U59748_at",0.00552055407134411,5.9906769657299,0.0401812182620109,0.968057650085558,0.984499516087614,-6.65433055901874,"DHH"
"Z36715_at",0.00806675389426736,8.86268956224509,0.0401077284193542,0.968116039592962,0.984499516087614,-6.65433350074689,"ELK3"
"X14968_at",0.00379062385710682,5.22497047621454,0.0399876022480172,0.968211483198645,0.984499516087614,-6.65433829768744,"PRKAR2A"
"U19180_at",0.00450752823788481,6.37024184988789,0.0391465750706354,0.968879715770701,0.984499516087614,-6.65437147902228,"BAGE"
"D86096_cds1_s_at",-0.00499052348469142,7.04333140704755,-0.0389596590775202,0.969028231680345,0.984499516087614,-6.65437875769408,"PTGER3"
"U12778_at",-0.00289729711651354,6.64629492416081,-0.0389579058319162,0.969029624743789,0.984499516087614,-6.65437882580208,"ACADSB"
"L34059_at",-0.00899511238278095,7.70044748967884,-0.0389531866398314,0.96903337443796,0.984499516087614,-6.65437900911243,"CDH4"
"U47054_at",0.00648405579522482,6.85839531254992,0.0389317268724336,0.969050425578252,0.984499516087614,-6.65437984240666,"ART3"
"U94592_at",-0.00738342393550084,10.879580967144,-0.0388600361116444,0.969107388519318,0.984499516087614,-6.65438262286795,"UCP2"
"Y08302_at",0.00571443848833297,8.50481269709274,0.038823503166293,0.969136416366517,0.984499516087614,-6.65438403779408,"DUSP9"
"M11058_at",0.00469160667310842,6.43715887119047,0.0387730254621372,0.969176524317774,0.984499516087614,-6.65438599061303,"HMGCR"
"M61764_at",0.0147461601938303,6.36831610190661,0.0384610992292057,0.969424372575677,0.984499516087614,-6.65439800167224,"TUBG1"
"U79293_at",0.0040770227895548,6.4553484729841,0.0382688521370564,0.969577128485844,0.984499516087614,-6.65440535603414,NA
"Z21488_at",-0.0065192340127318,8.74107603074716,-0.0382590096832928,0.969584949144499,0.984499516087614,-6.65440573156299,"CNTN1"
"U73477_s_at",-0.01071982515084,8.99601245397003,-0.0369955116773214,0.970588929265586,0.985378592528391,-6.65445313696004,"ANP32A"
"L38935_at",0.00590634193808803,8.27147115970798,0.0363953518931031,0.971065835181102,0.985722389150801,-6.6544750968387,NA
"U40846_s_at",0.00417403883824097,7.81216163040964,0.0355433193211745,0.971742905260782,0.986269244248877,-6.65450565589743,"NAGLU"
"L38490_s_at",0.00446685158133597,8.78229366266841,0.0351332458781929,0.972068778714832,0.986402286140085,-6.65452010559359,"ARL4D"
"M76482_at",0.00370226389779749,7.7240566991443,0.0350074565524868,0.972168740794597,0.986402286140085,-6.65452450440809,"DSG3"
"M21302_at",0.0101060423119907,5.59524276751339,0.0348560236360868,0.972289081877736,0.986402286140085,-6.65452977904184,"SPRR2D"
"X15422_at",-0.00284765056618941,6.64005089881997,-0.0344280430438505,0.972629194021259,0.986559028327677,-6.65454456261363,"MBL2"
"U76764_s_at",-0.0134433171357777,9.38391624934621,-0.0343133317080273,0.972720354904649,0.986559028327677,-6.65454849400781,"ADGRE5"
"U66580_at",0.00361980252547411,5.95804074154923,0.0338455222016162,0.973092125994932,0.986730677403295,-6.65456439094587,"GPR21"
"X07994_at",0.005015118436142,5.75586111164153,0.033752039682008,0.97316641784578,0.986730677403295,-6.65456754147658,"LCT"
"U49974_f_at",-0.00557710008448353,6.87386546802915,-0.0322036482627477,0.974396979978634,0.9877341157112,-6.65461845763289,NA
"HG3976-HT4246_at",0.00364621993568814,7.11913882780463,0.032158118142431,0.974433165352345,0.9877341157112,-6.65461991863104,NA
"U04735_at",-0.00420165162455532,6.81169455739427,-0.0318168443540396,0.974704396728307,0.987868587471723,-6.65463080381979,"HSPA13"
"X51408_at",0.00504438456537848,7.05850265167581,0.0315427497803622,0.974922238792639,0.987948918315952,-6.65463946218564,"CHN1"
"L13434_at",-0.00451179474063501,9.00536364034239,-0.0310076286642666,0.975347542332428,0.987952923439229,-6.65465615022408,"RBM15B"
"X04741_at",0.00600457805489896,4.41084286695836,0.0309542807813745,0.975389942554841,0.987952923439229,-6.65465779825499,"UCHL1"
"J04444_at",-0.017058002081578,6.17253200689591,-0.0308878147569416,0.97544276900947,0.987952923439229,-6.65465984756326,"CYC1"
"D31716_at",-0.005691149741887,7.70050751408324,-0.0308403165251548,0.975480520141497,0.987952923439229,-6.65466130934991,"KLF9"
"U11878_at",-0.00304045149475751,6.98452177259545,-0.0306157865057194,0.975658975171486,0.987993300283739,-6.65466818894529,"CXCR2"
"Z46788_at",-0.00439844623775709,6.1027970701074,-0.0298956844852853,0.976231316016309,0.988432474347432,-6.6546899137248,"CYLC2"
"U07882_at",-0.00401164968327006,6.07321350428453,-0.0291939660706928,0.976789057492546,0.988848418940945,-6.65471058647173,"OPRD1"
"D14446_at",0.00289580960273117,7.43182528107119,0.0290298001010122,0.976919541955544,0.988848418940945,-6.65471535196078,"FGL1"
"X91148_at",-0.00291854269652525,5.74724013083194,-0.0286905763881164,0.977189170010969,0.988968045861088,-6.65472511397626,"MTTP"
"X81420_at",0.00815459910795457,4.13294029309659,0.0284839721802001,0.977353388287888,0.988968045861088,-6.65473100330958,"KRT81"
"HG3993-HT4263_at",-0.00185359594874157,4.02670518574765,-0.0281218164376895,0.977641248249796,0.988968045861088,-6.65474122400736,NA
"U63336_at",0.00612212397247802,7.56923516404196,0.0280467267554638,0.977700933754364,0.988968045861088,-6.65474332680667,"PRR3"
"U17886_at",0.00535769758342042,8.17051213735561,0.0278135946268789,0.977886241098328,0.988968045861088,-6.65474981957653,"SDHB"
"M16967_at",0.00340364287825246,5.72098660806321,0.0276563300140539,0.978011245096686,0.988968045861088,-6.65475416881382,"F5"
"U83908_at",0.0032393549169436,6.79037382380941,0.0273923486673512,0.978221075635298,0.988968045861088,-6.65476141391951,"PDCD4"
"U00001_s_at",0.00258435218674258,6.57475988480465,0.0273111761106028,0.97828559747864,0.988968045861088,-6.65476362777455,"CDC27"
"X17360_rna1_at",-0.00518394298966474,7.13780535560736,-0.0273103581697746,0.978286247638153,0.988968045861088,-6.65476365004917,NA
"HG3527-HT3721_f_at",-0.00582035282474536,10.3777525316359,-0.0269889407892316,0.978541734940716,0.989086066693941,-6.65477235143227,NA
"U27193_at",-0.0047939930080485,5.95853162401474,-0.0258200429742057,0.979470883741566,0.989849202894253,-6.65480312722894,"DUSP8"
"U49082_at",-0.00332961258390974,9.00771858102842,-0.0254118029011221,0.97979539771934,0.989849202894253,-6.65481355474416,"SLC38A3"
"D88799_at",0.00495700987067149,6.7120670620547,0.0251108941565108,0.980034595174913,0.989849202894253,-6.6548211343503,"PCDHGB7"
"U48861_at",-0.00595186357416555,4.06392005895351,-0.0250481700943624,0.980084455825321,0.989849202894253,-6.65482270293856,"CHRNB4"
"U19345_at",0.00248430387980392,7.91824872510885,0.0250201873691718,0.98010669989622,0.989849202894253,-6.65482340145837,"TCF20"
"X80590_at",-0.00400089230211975,7.94283442184679,-0.0248028662308818,0.980279453685345,0.989849202894253,-6.65482879976714,"PHKG1"
"M62628_s_at",0.0083920972826439,7.5786769834325,0.0247450503284075,0.980325413093251,0.989849202894253,-6.65483022799716,"IGH"
"U16997_at",0.00612098959755603,5.75548082113339,0.0246417598539391,0.98040752162103,0.989849202894253,-6.65483277129208,"RORC"
"U67092_at",0.00327916014198326,5.8349052940013,0.0237248629685058,0.98113639814525,0.990444828997096,-6.65485488145203,NA
"M35128_at",-0.00627761345793587,7.78927407213459,-0.0227200160197054,0.981935207985143,0.991110873244526,-6.65487814969822,"CHRM1"
"X75535_at",-0.00317092983061507,5.93346606763038,-0.021934574309618,0.982559613067964,0.991600719360351,-6.65489563633188,"PEX19"
"Z11933_at",0.00241331505838893,5.4976642524617,0.0217289612588811,0.982723071742529,0.991625304805731,-6.65490011239136,"POU3F2"
"HG4749-HT5197_at",0.00674143307831532,7.02701458219913,0.0209933956178256,0.983307839199478,0.992074948436608,-6.65491578001152,NA
"D63390_at",-0.00326774935384311,7.0365910041763,-0.0204537318242856,0.9837368724517,0.99236736432831,-6.65492693179363,"PAFAH1B2"
"M81379_at",0.00240400284526743,5.96465148602113,0.0198060299338579,0.984251802425015,0.992588723348525,-6.65493993268315,"COL4A3"
"L24559_at",0.00313383133650014,9.86955812219836,0.0196199327056134,0.984399752972089,0.992588723348525,-6.6549435907279,"POLA2"
"M83216_s_at",0.00238014259233221,6.06393386242109,0.0195407567366952,0.984462699416708,0.992588723348525,-6.65494513658929,"CALD1"
"HG3491-HT3685_at",0.00266413764265661,5.84963519355688,0.0194771897702365,0.984513236470391,0.992588723348525,-6.6549463731708,NA
"U16031_at",-0.00428801090436615,7.43304845047479,-0.0190478693936686,0.984854556703646,0.992665442496513,-6.65495461933018,"STAT6"
"L14269_at",0.00206216965063089,6.70588129755258,0.0190311890597559,0.984867818035886,0.992665442496513,-6.65495493600817,"SLC18A2"
"S83308_at",-0.00196957349229976,6.66583411734335,-0.0184217490020716,0.985352342831884,0.993013408545166,-6.65496631605161,"SOX5"
"X78342_at",-0.00274348123066481,5.96002042282143,-0.0176673668831257,0.985952108927996,0.993477397109213,-6.65497988964418,"CDK10"
"X07876_at",-0.00246300747783668,7.25496878852567,-0.0174887604611238,0.986094109882662,0.99348006067743,-6.65498302022831,"WNT2"
"M59964_at",0.00170415363214627,5.73730785186423,0.0173116517276807,0.986234920544685,0.993481524454297,-6.65498609315135,"KITLG"
"D29675_s_at",0.00232429802101386,9.22320770012279,0.016014808102092,0.987265991777015,0.99437966309386,-6.65500764101711,"NOS2"
"M31520_at",0.00129498738654554,13.8330335261195,0.0154866703966214,0.987685900375974,0.994662068622732,-6.65501593581404,"RPS24"
"X67683_at",-0.00341177822060246,7.78634106384527,-0.0150464013677194,0.988035949533626,0.99487405144424,-6.65502263799843,"KRT4"
"S82471_s_at",0.00199695700629476,6.93281815620576,0.0146115052209581,0.988381729127314,0.995014251960938,-6.65502906863355,"SSX3"
"L14927_at",-0.00744290870175135,4.35604370431789,-0.0145201911027445,0.98845433193819,0.995014251960938,-6.6550303949024,"LCN1"
"Z94753_s_at",-0.00135073959707999,7.12027065435574,-0.0142557742588325,0.988664567294364,0.995085373463436,-6.65503418846202,"ATP7A"
"L39874_at",-0.00212902690476824,9.82249316897143,-0.0139660482995133,0.988894926612886,0.99513113131525,-6.65503826508369,"DCTD"
"X82324_at",0.0017001869880735,6.61834503556331,0.0138474694259372,0.988989208215534,0.99513113131525,-6.65503990942214,"POU3F4"
"D64053_at",0.00115442226668083,6.3752111645749,0.0134107935790925,0.989336408830956,0.995340002618669,-6.65504584393903,"PTPRR"
"U18932_at",0.00166408434345922,5.73131627831446,0.0125338958806081,0.990033635644005,0.995791633755903,-6.65505718687636,"NDST1"
"AB000220_at",0.00128110765790357,6.74103208319539,0.0124948524704459,0.990064679486862,0.995791633755903,-6.65505767408509,"SEMA3C"
"U13219_at",-0.00283217042525052,6.92264894793701,-0.0118330757581737,0.990590867692124,0.996080226601588,-6.65506570092968,"FOXF1"
"D00097_s_at",-0.00196122409922062,5.73075412198049,-0.011770533007527,0.990640596554547,0.996080226601588,-6.65506643693964,"APCS"
"U31216_s_at",0.00179457086122881,4.7943538125898,0.0114401822597604,0.990903264968202,0.996080226601588,-6.65507025983268,"GRM1"
"M34353_s_at",-0.00209831725699239,7.67286081293438,-0.0114310807643473,0.990910501761602,0.996080226601588,-6.65507036361688,"ROS1"
"U89336_cds6_at",-0.00149675221208234,7.60809914215294,-0.0109100973090632,0.991324748087646,0.996356143961205,-6.65507616669463,"PPT2"
"D84307_at",0.00135281287493427,8.47744413484501,0.0105747575910455,0.991591385936167,0.996483646791505,-6.6550797587735,"PCYT2"
"AF009368_at",0.00122692474458219,9.72561846858812,0.0099937026715829,0.992053400962399,0.99679745122596,-6.65508571741787,"CREB3"
"Y10275_at",0.000955688579390213,6.90794615633901,0.00983034089744614,0.992183295539264,0.99679745122596,-6.65508733204123,"PSPH"
"X96924_rna1_at",0.00192979319300868,10.0344150865955,0.00948518346869736,0.992457742797701,0.996932682598959,-6.65509065597457,"SLC25A1"
"L23333_s_at",-0.00197546892347944,9.40462902844129,-0.00825411802884792,0.993436615008229,0.997714025448082,-6.65510154392957,"CRHR1"
"M94065_at",-0.00121852279051193,7.50883500753463,-0.00815493339472787,0.99351548136568,0.997714025448082,-6.65510235536992,"DHODH"
"Y00486_rna1_at",0.000916130008318916,10.7381140837041,0.00713945522425141,0.994322939297238,0.998081686110603,-6.65511009876642,"APRT"
"K02405_f_at",-0.00196343303808888,10.1945844947672,-0.00705148645894813,0.994392887992563,0.998081686110603,-6.65511072116495,"HLA-DQB1"
"L42452_at",-0.00101500383790665,5.7916183331721,-0.00699538281839486,0.994437499036832,0.998081686110603,-6.65511111408068,"PDK3"
"X97198_at",-0.000792001274811938,9.12889639683675,-0.00699021654736967,0.994441607019725,0.998081686110603,-6.65511115010428,"PTPRU"
"U14391_at",0.000972061313502692,8.33384401390222,0.00656746701066434,0.994777758653348,0.998090753583184,-6.65511400767834,"MYO1E"
"U66059_cds7_at",-0.00084058541990828,8.86148301500506,-0.00655375064247883,0.994788665315591,0.998090753583184,-6.65511409740926,"TRBV9"
"HG3627-HT3836_at",0.00150099591888608,7.70856574370901,0.00640938254873843,0.994903460634373,0.998090753583184,-6.65511503047038,NA
"S87759_at",0.000817198694843313,8.27882933855842,0.00624344385126215,0.99503540810532,0.998090753583184,-6.65511607727137,"PPM1A"
"U51010_s_at",-0.00208575081038642,5.76497228481333,-0.00589924654053474,0.995309099763502,0.998090753583184,-6.6551181610487,"NNMT"
"U41740_at",-0.00069021045670592,7.53154187145131,-0.00551107925919002,0.995617755222491,0.998090753583184,-6.65512036928688,"GOLGA4"
"J04760_at",0.00144326983506637,6.62514954094316,0.0052916948400642,0.99579220144172,0.998090753583184,-6.65512155088566,"TNNI1"
"U34683_at",0.0010216332711197,6.17207312222604,0.0052292763981541,0.995841834271413,0.998090753583184,-6.65512187830004,"GSS"
"U46569_at",-0.00100626132537585,8.70421633213536,-0.00508199818560091,0.995958944507715,0.998090753583184,-6.65512263544638,"AQP5"
"U67092_s_at",0.000760767091207981,10.9907750128045,0.00499717245066352,0.99602639486343,0.998090753583184,-6.65512306171309,"ATM"
"AC000099_at",0.000657324405678672,7.28191679482201,0.00487075915306269,0.996126914198106,0.998090753583184,-6.65512368365223,"GRM8"
"AB000896_at",0.000843484805257866,5.66780831972101,0.00472928496330983,0.996239409490073,0.998090753583184,-6.65512436079374,"PCDHGB4"
"U94831_at",0.00133922231907491,8.05742050359811,0.00446099064210119,0.996452747890726,0.998090753583184,-6.65512559012529,"TM9SF1"
"X52966_at",-0.000624152529786315,12.9166839485889,-0.00433550606079165,0.996552528996231,0.998090753583184,-6.65512614046281,"RPL35A"
"M22919_rna2_at",0.0016868846029503,8.09597671221248,0.00416284631348286,0.996689822291775,0.998090753583184,-6.65512687203109,"MYL6"
"L40407_at",0.000773012808948259,6.43892824264456,0.00386084799800036,0.996929961558271,0.998090753583184,-6.65512808014515,"NFKBIB"
"M74826_at",-0.000432604766066547,7.63496919523142,-0.00385903923754879,0.9969313998268,0.998090753583184,-6.65512808710694,"GAD2"
"Y07512_at",0.000314753282248503,6.81232227502965,0.00380959152485751,0.99697071907222,0.998090753583184,-6.65512827616408,"PRKG1"
"L42563_at",-0.000490647247133325,8.33101927898407,-0.00340008507428356,0.997296345831741,0.998276558471564,-6.65512974815656,"ATP12A"
"U96136_at",0.000247407482930839,6.7555924753445,0.00316189395414514,0.997485748197708,0.998325972048499,-6.65513052742929,"CTNND2"
"AF003743_at",0.000676461445304533,7.3858597614248,0.00168968142031692,0.998656409815116,0.999339129323961,-6.65513408851472,"KCNQ1"
"AFFX-ThrX-5_at",-0.000154491959135861,6.24798023758347,-0.00153625342084193,0.998778411619192,0.999339129323961,-6.655134335283,NA
"X86012_at",-0.000126617796340156,8.670999561499,-0.0011875379670785,0.999055700839819,0.999423524145953,-6.65513480884207,"H2AB3"
"U60061_at",-0.000178712506652801,7.57786839578782,-0.00107757357224272,0.999143141617086,0.999423524145953,-6.65513493302755,"FEZ2"
"M57567_at",-0.000177961232004975,9.41839442038354,-0.000843696676398064,0.999329114370186,0.999469312057387,-6.6551351570569,"ARF5"
"M34192_at",-4.65986015463216e-06,7.47893142106837,-3.91217087228384e-05,0.999968891432099,0.999968891432099,-6.6551355111904,"IVD"
